# Alias OBJ Model File
# Exported from SketchUp, (c) 2000-2012 Trimble Navigation Limited
# File units = millimeters

mtllib Edificio C - Piso1.mtl

g Mesh1 Group1 Model

usemtl FrontColor
v 3329.2 220 7728.84
vt 9.43898 8.10634
vn 4.27167e-16 1 -2.76422e-15
v 3579.45 220 7728.84
vt 19.2913 8.10634
v 3579.45 220 7702.34
vt 19.2913 9.14965
v 3329.2 220 7702.34
vt 9.43898 9.14965
f 1/1/1 2/2/1 3/3/1 4/4/1 

vt -19.2913 8.66142
vn 1.15931e-30 2.71395e-15 -1
vt -9.43898 8.66142
v 3329.2 239 7728.84
vt -9.43898 9.40945
v 3579.45 239 7728.84
vt -19.2913 9.40945
f 2/5/2 1/6/2 5/7/2 6/8/2 

vt 8.10634 8.66142
vn 1 0 -0
vt 9.14965 8.66142
v 3329.2 201 7702.34
vt 9.14965 7.91339
v 3329.2 201 7676.09
vt 10.1831 7.91339
v 3329.2 182 7676.09
vt 10.1831 7.16535
v 3329.2 182 7647.84
vt 11.2953 7.16535
v 3329.2 164 7647.84
vt 11.2953 6.45669
v 3329.2 164 7612.59
vt 12.6831 6.45669
v 3329.2 147 7612.59
vt 12.6831 5.7874
v 3329.2 147 7609.59
vt 12.8012 5.7874
v 3329.2 147 7581.34
vt 13.9134 5.7874
v 3329.2 133 7581.34
vt 13.9134 5.23622
v 3329.2 133 7547.09
vt 15.2619 5.23622
v 3329.2 306 7547.09
vt 15.2619 12.0472
v 3329.2 306 7828.59
vt 4.17917 12.0472
v 3329.2 275 7828.59
vt 4.17917 10.8268
v 3329.2 275 7795.34
vt 5.48823 10.8268
v 3329.2 256 7795.34
vt 5.48823 10.0787
v 3329.2 256 7762.09
vt 6.79728 10.0787
v 3329.2 239 7762.09
vt 6.79728 9.40945
vt 8.10634 9.40945
f 1/9/3 4/10/3 7/11/3 8/12/3 9/13/3 10/14/3 11/15/3 12/16/3 13/17/3 14/18/3 15/19/3 16/20/3 17/21/3 18/22/3 19/23/3 20/24/3 21/25/3 22/26/3 23/27/3 24/28/3 5/29/3 

vn 0 0 -1
v 3579.45 201 7702.34
vt -19.2913 7.91339
vt -9.43898 7.91339
f 4/6/4 3/5/4 25/30/4 7/31/4 

v 3579.45 306 7828.59
vt -4.17917 12.0472
vn -1 0 -0
v 3579.45 306 7308.82
vt -24.6425 12.0472
v 3579.45 110 7308.82
vt -24.6425 4.33071
v 3579.45 110 7547.09
vt -15.2619 4.33071
v 3579.45 133 7547.09
vt -15.2619 5.23622
v 3579.45 133 7581.34
vt -13.9134 5.23622
v 3579.45 147 7581.34
vt -13.9134 5.7874
v 3579.45 147 7612.59
vt -12.6831 5.7874
v 3579.45 164 7612.59
vt -12.6831 6.45669
v 3579.45 164 7647.84
vt -11.2953 6.45669
v 3579.45 182 7647.84
vt -11.2953 7.16535
v 3579.45 182 7676.09
vt -10.1831 7.16535
v 3579.45 201 7676.09
vt -10.1831 7.91339
vt -9.14965 7.91339
vt -9.14965 8.66142
vt -8.10634 8.66142
vt -8.10634 9.40945
v 3579.45 239 7762.09
vt -6.79728 9.40945
v 3579.45 256 7762.09
vt -6.79728 10.0787
v 3579.45 256 7795.34
vt -5.48823 10.0787
v 3579.45 275 7795.34
vt -5.48823 10.8268
v 3579.45 275 7828.59
vt -4.17917 10.8268
f 26/32/5 27/33/5 28/34/5 29/35/5 30/36/5 31/37/5 32/38/5 33/39/5 34/40/5 35/41/5 36/42/5 37/43/5 38/44/5 25/45/5 3/46/5 2/47/5 6/48/5 39/49/5 40/50/5 41/51/5 42/52/5 43/53/5 

v 3742.75 306 7284.44
vt 25.7206 25.6024
vn -1.82468e-16 1 -1.34368e-16
v 3089.45 306 7284.44
vt 4.48308e-14 25.6024
v 3089.45 306 7308.82
vt 8.74634e-14 24.6425
vt 19.2913 24.6425
vt 19.2913 4.17917
vt 9.43898 4.17917
vt 9.43898 15.2619
v 3202.45 306 7547.09
vt 4.44882 15.2619
v 3202.45 306 7934.74
vt 4.44882 -1.61877e-15
v 3742.75 306 7934.74
vt 25.7206 -1.61877e-15
v 3742.75 306 7928.98
vt 25.7206 0.226657
f 44/54/6 45/55/6 46/56/6 27/57/6 26/58/6 19/59/6 18/60/6 47/61/6 48/62/6 49/63/6 50/64/6 

v 3742.75 1.80478e-13 7284.44
vt -25.7206 2.41604e-13
vn 7.19092e-15 -9.43675e-15 -1
v 3089.45 2.01966e-13 7284.44
vt 1.84105e-13 2.4245e-13
vt 1.41472e-13 12.0472
vt -25.7206 12.0472
f 51/65/7 52/66/7 45/67/7 44/68/7 

v 3089.45 3.45911e-11 7688.59
vt -5.82645e-13 9.69099
vn -2.4279e-14 -1 2.07302e-14
vt 2.05396e-29 25.6024
vt -25.7206 25.6024
v 3742.75 1.80478e-13 7928.98
vt -25.7206 0.226657
v 3742.75 1.80478e-13 7934.74
vt -25.7206 -1.29454e-26
v 3202.45 1.80478e-13 7934.74
vt -4.44882 -2.23913e-27
v 3202.45 3.68439e-11 7688.59
vt -4.44882 9.69099
f 53/69/8 52/70/8 51/71/8 54/72/8 55/73/8 56/74/8 57/75/8 

v 3089.45 14 7688.59
vt -9.69099 0.551181
vn -1 3.58134e-15 3.65807e-14
v 3089.45 14 7308.82
vt -24.6425 0.551181
vt -25.6024 12.0472
vt -25.6024 8.45985e-16
vt -9.69099 1.35475e-12
f 58/76/9 59/77/9 46/33/9 45/78/9 52/79/9 53/80/9 

v 3130.12 14 7669.59
vt 1.60127 10.439
vn 6.22822e-14 1 -6.11353e-14
v 3121.12 14 7669.59
vt 1.24694 10.439
v 3121.12 14 7308.82
vt 1.24694 24.6425
vt 8.30377e-15 24.6425
vt 5.48316e-13 9.69099
v 3202.45 14 7688.59
vt 4.44882 9.69099
v 3202.45 14 7685.82
vt 4.44882 9.7999
v 3202.45 14 7669.59
vt 4.44882 10.439
f 60/81/10 61/82/10 62/83/10 59/84/10 58/85/10 63/86/10 64/87/10 65/88/10 

v 3202.45 28 7669.59
vt 4.44882 1.10236
vn 6.55941e-12 3.56194e-11 1
v 3121.12 28 7669.59
vt 1.24694 1.10236
vt 1.24694 0.551181
vt 1.60127 0.551181
vt 4.44882 0.551181
f 66/89/11 67/90/11 61/91/11 60/92/11 65/93/11 

v 3202.45 28 7641.59
vt 4.44882 11.5414
vn -1.36907e-11 1 -1.62478e-13
v 3164.79 28 7641.59
vt 2.96632 11.5414
v 3155.79 28 7641.59
vt 2.61199 11.5414
v 3155.79 28 7308.82
vt 2.61199 24.6425
v 3121.12 28 7308.82
f 68/94/12 69/95/12 70/96/12 71/97/12 72/83/12 67/82/12 66/88/12 

v 3202.45 41 7641.59
vt 4.44882 1.61417
vn 1.37732e-11 -3.37884e-11 1
v 3155.79 41 7641.59
vt 2.61199 1.61417
vt 2.61199 1.10236
vt 2.96632 1.10236
f 73/98/13 74/99/13 70/100/13 69/101/13 68/89/13 

v 3202.45 41 7609.59
vt 4.44882 12.8012
vn -2.55407e-14 1 -7.23801e-16
v 3202.45 41 7308.82
vt 4.44882 24.6425
v 3155.79 41 7308.82
f 75/102/14 76/103/14 77/97/14 74/96/14 73/94/14 

v 3202.45 57 7547.09
vt -15.2619 2.24409
vn -1 4.94798e-13 -1.18023e-13
v 3202.45 57 7308.82
vt -24.6425 2.24409
vt -24.6425 1.61417
vt -12.8012 1.61417
vt -11.5414 1.61417
vt -11.5414 1.10236
vt -10.439 1.10236
vt -10.439 0.551181
vt -9.7999 0.551181
vt -9.69099 3.64471e-12
vt -5.25062e-13 2.20127e-12
vt -5.25062e-13 12.0472
vt -15.2619 12.0472
f 78/104/15 79/105/15 76/106/15 75/107/15 73/108/15 68/109/15 66/110/15 65/111/15 64/112/15 63/76/15 57/113/15 56/114/15 48/115/15 47/116/15 

v 3244.7 57 7543.09
vt 6.1122 15.4193
vn 3.20375e-15 1 -1.96798e-16
v 3244.7 57 7308.82
vt 6.1122 24.6425
v 3244.7 57 7547.09
vt 6.1122 15.2619
f 80/117/16 81/118/16 79/103/16 78/61/16 82/119/16 

v 3244.7 72 7547.09
vt -15.2619 2.83465
v 3244.7 72 7308.82
vt -24.6425 2.83465
vt -15.4193 2.24409
f 83/120/5 84/121/5 81/105/5 80/122/5 82/104/5 

v 3286.95 72 7547.09
vt 7.77559 15.2619
vn -2.66979e-16 1 -0
v 3286.95 72 7308.82
vt 7.77559 24.6425
f 85/123/17 86/124/17 84/118/17 83/119/17 

v 3286.95 90 7547.09
vt -15.2619 3.54331
v 3286.95 90 7308.82
vt -24.6425 3.54331
f 87/125/5 88/126/5 86/121/5 85/120/5 

v 3329.2 90 7547.09
vn -4.27167e-15 1 -0
v 3329.2 90 7308.82
vt 9.43898 24.6425
f 89/60/18 90/127/18 88/124/18 87/123/18 

v 3329.2 110 7547.09
v 3329.2 110 7308.82
f 91/35/5 92/34/5 90/126/5 89/125/5 

vn -1.55226e-29 1 -5.68093e-16
vt 19.2913 15.2619
f 91/60/19 29/128/19 28/57/19 92/127/19 

vt -19.2913 4.33071
vn -5.46773e-14 9.79343e-30 -1
vt -9.43898 4.33071
vt -9.43898 5.23622
vt -19.2913 5.23622
f 29/129/20 91/130/20 17/131/20 30/132/20 

v 3329.2 90 7609.59
vt -12.8012 3.54331
vt -12.8012 5.7874
f 93/133/5 14/134/5 15/38/5 16/37/5 17/36/5 91/35/5 89/125/5 

v 3371.45 147 7612.59
vt 11.1024 12.6831
vn 5.07308e-16 1 5.53827e-15
vt 19.2913 12.6831
vt 19.2913 13.9134
vt 9.43898 13.9134
vt 9.43898 12.8012
vt 9.43898 12.6831
f 94/135/21 33/136/21 32/137/21 15/138/21 14/139/21 13/140/21 

vt -19.2913 5.7874
vt -11.1024 5.7874
v 3371.45 164 7612.59
vt -11.1024 6.45669
vt -19.2913 6.45669
f 33/141/4 94/142/4 95/143/4 34/144/4 

vt -9.43898 5.7874
vt -9.43898 6.45669
f 94/142/4 13/145/4 12/146/4 95/143/4 

vt 9.43898 11.2953
vn 4.93659e-16 1 -4.02511e-16
vt 19.2913 11.2953
f 11/147/22 35/148/22 34/136/22 95/135/22 12/140/22 

vn -4.55704e-31 -8.53444e-16 -1
vt -9.43898 7.16535
vt -19.2913 7.16535
f 11/146/23 10/149/23 36/150/23 35/144/23 

vt 9.43898 10.1831
vn 5.33958e-16 1 -0
vt 19.2913 10.1831
f 9/151/24 37/152/24 36/148/24 10/147/24 

f 9/149/4 8/31/4 38/30/4 37/150/4 

f 8/151/24 7/4/24 25/3/24 38/152/24 

vn 1.90952e-30 3.57616e-15 -1
f 16/131/25 15/145/25 32/141/25 31/132/25 

vn 1.51812e-41 1 5.55337e-28
f 16/138/26 31/137/26 30/128/26 17/60/26 

vt -4.44882 12.0472
vt -9.43898 12.0472
vt -9.43898 3.54331
vt -7.77559 3.54331
vt -7.77559 2.83465
vt -6.1122 2.83465
vt -6.1122 2.24409
vt -4.44882 2.24409
f 47/153/4 18/154/4 17/131/4 91/130/4 89/155/4 87/156/4 85/157/4 83/158/4 82/159/4 78/160/4 

v 3286.95 90 7609.59
vt 7.77559 12.8012
f 96/161/18 93/139/18 89/60/18 87/123/18 

v 3286.95 72 7609.59
vt -12.8012 2.83465
f 97/162/5 96/133/5 87/125/5 85/120/5 

v 3244.7 72 7609.59
vt 6.1122 12.8012
f 98/163/17 97/161/17 85/123/17 83/119/17 

v 3244.7 54 7609.59
vt -12.8012 2.12598
v 3244.7 54 7543.09
vt -15.4193 2.12598
f 99/164/5 98/162/5 83/120/5 82/104/5 80/122/5 100/165/5 

vt 9.43898 3.54331
vn -6.84767e-15 1.0522e-14 1
vt 9.43898 4.33071
vt 19.2913 4.33071
vt 19.2913 12.0472
vt -8.34784e-14 12.0472
vt -1.26111e-13 0.551181
vt 4.44882 2.24409
vt 6.1122 2.24409
vt 6.1122 2.83465
vt 7.77559 2.83465
vt 7.77559 3.54331
f 90/166/27 92/167/27 28/168/27 27/169/27 46/170/27 59/171/27 62/91/27 72/90/27 71/100/27 77/99/27 76/98/27 79/172/27 81/173/27 84/174/27 86/175/27 88/176/27 

vn -1 2.02011e-30 -4.05833e-15
vt -24.6425 1.10236
f 67/110/28 72/177/28 62/77/28 61/111/28 

vn -1 -1.98887e-30 -4.40502e-15
f 74/108/29 77/106/29 71/177/29 70/109/29 

vn -1 7.44572e-14 2.10423e-14
v 3202.45 14 7609.59
vt -12.8012 0.551181
v 3202.45 14 7641.59
vt -11.5414 0.551181
f 75/107/30 101/178/30 102/179/30 68/109/30 73/108/30 

vt 4.44882 4.59666e-12
vn 1.94396e-13 3.25377e-13 1
vt 2.46654e-12 0.551181
vt 2.46654e-12 4.50797e-12
f 57/180/31 63/93/31 58/181/31 53/182/31 

vt 4.44882 12.0472
vn 0 0 1
vt 4.44882 0
vt 25.7206 0
vt 25.7206 12.0472
f 48/183/32 56/184/32 55/185/32 49/186/32 

vt 0.226657 12.0472
vt 0 12.0472
vt 0 0
vt 0.226657 0
f 50/187/3 49/188/3 55/189/3 54/190/3 

vt 25.6024 12.0472
vn 1 6.94654e-16 -2.9357e-16
vt 0.226657 -1.78669e-14
vt 25.6024 -1.78669e-14
f 44/191/33 50/187/33 54/192/33 51/193/33 

vt -19.2913 10.8268
vt -9.43898 10.8268
vt -19.2913 12.0472
f 43/194/4 20/195/4 19/154/4 26/196/4 

vn 4.27167e-16 1 2.71395e-15
vt 19.2913 5.48823
vt 9.43898 5.48823
f 20/59/34 43/58/34 42/197/34 21/198/34 

vt -19.2913 10.0787
vt -9.43898 10.0787
f 21/195/2 42/194/2 41/199/2 22/200/2 

vt 19.2913 6.79728
vt 9.43898 6.79728
f 22/198/34 41/197/34 40/201/34 23/202/34 

f 24/7/2 23/200/2 40/199/2 39/8/2 

f 24/202/34 39/201/34 6/2/34 5/1/34 

g Mesh2 Group2 Model

v 2623.86 306 8382.1
v 2623.86 306 8189.96
vt -7.56463 12.0472
v 2623.86 0 8189.96
vt -7.56463 0
v 2623.86 4.51195e-14 8382.1
vt 0 1.77636e-15
f 103/188/5 104/203/5 105/204/5 106/205/5 

v 2633.85 306 8199.95
vt 0.393289 7.17134
vn 0 1 -0
v 2678.73 306 8199.95
vt 2.16023 7.17134
v 2678.73 306 8189.96
vt 2.16023 7.56463
vt 0 7.56463
v 2823.36 306 8382.1
vt 7.85433 0
v 2823.36 306 8189.96
vt 7.85433 7.56463
v 2768.49 306 8189.96
vt 5.6941 7.56463
v 2768.49 306 8199.95
vt 5.6941 7.17134
v 2813.37 306 8199.95
vt 7.46104 7.17134
v 2813.37 306 8372.11
vt 7.46104 0.393289
v 2633.85 306 8372.11
vt 0.393289 0.393289
f 107/206/35 108/207/35 109/208/35 104/209/35 103/189/35 110/210/35 111/211/35 112/212/35 113/213/35 114/214/35 115/215/35 116/216/35 

v 2633.85 1.35358e-13 8199.95
vt 0.393289 5.32907e-15
v 2678.73 1.35358e-13 8199.95
vt 2.16023 5.32907e-15
vt 2.16023 12.0472
vt 0.393289 12.0472
f 117/217/32 118/218/32 108/219/32 107/220/32 

v 2813.37 1.35358e-13 8199.95
vt -7.46104 7.17134
vn 6.35502e-33 -1 -5.66397e-17
v 2768.49 1.35358e-13 8199.95
vt -5.6941 7.17134
v 2768.49 1.35358e-13 8189.96
vt -5.6941 7.56463
v 2823.36 0 8189.96
vt -7.85433 7.56463
v 2823.36 4.51195e-14 8382.1
vt -7.85433 1.00612e-31
vt -1.12888e-47 1.00612e-31
v 2678.73 1.35358e-13 8189.96
vt -2.16023 7.56463
vt -2.16023 7.17134
vt -0.393289 7.17134
v 2633.85 1.35358e-13 8372.11
vt -0.393289 0.393289
v 2813.37 1.35358e-13 8372.11
vt -7.46104 0.393289
f 119/221/36 120/222/36 121/223/36 122/224/36 123/225/36 106/226/36 105/209/36 124/227/36 118/228/36 117/229/36 125/230/36 126/231/36 

vt 5.6941 12.0472
vt 5.6941 5.32907e-15
vt 7.46104 5.32907e-15
vt 7.46104 12.0472
f 113/232/32 120/233/32 119/234/32 114/235/32 

vt -7.17134 12.0472
vt -7.56463 5.32907e-15
vt -7.17134 5.32907e-15
f 113/236/5 112/203/5 121/237/5 120/238/5 

vt -7.85433 0
vt -5.6941 5.32907e-15
vt -5.6941 12.0472
vt -7.85433 12.0472
f 122/239/4 121/240/4 112/241/4 111/242/4 

vt 7.56463 12.0472
vt 7.56463 0
f 111/243/3 110/188/3 123/205/3 122/244/3 

vt 7.85433 12.0472
vt 7.85433 1.77636e-15
f 110/245/32 103/188/32 106/205/32 123/246/32 

vt -0.393289 12.0472
vt -0.393289 5.32907e-15
f 115/247/5 114/236/5 119/238/5 126/248/5 

vt -7.46104 12.0472
vt -7.46104 5.32907e-15
f 116/247/4 115/249/4 126/250/4 125/248/4 

vt 7.17134 12.0472
vt 7.17134 5.32907e-15
f 107/251/3 116/220/3 125/217/3 117/252/3 

vt -2.16023 12.0472
vt -2.16023 5.32907e-15
f 109/253/4 124/254/4 105/189/4 104/188/4 

vt 7.56463 5.32907e-15
f 109/243/3 108/251/3 118/252/3 124/255/3 

g Mesh3 Group3 Model

v 2558.39 0 7265.59
vt -11.6929 -1.27328e-33
vn -1.7985e-17 -1 6.05468e-18
v 2261.39 0 7265.59
v 2261.39 0 6644.59
vt 0 24.4488
v 2558.39 0 6644.59
vt -11.6929 24.4488
f 127/256/37 128/189/37 129/257/37 130/258/37 

v 2261.39 306 7265.59
vt 11.6929 0
v 2558.39 306 7265.59
vt 11.6929 12.0472
f 131/188/32 128/189/32 127/259/32 132/260/32 

vt -24.4488 0
vn -1 1.7985e-17 -0
v 2261.39 306 6644.59
vt -24.4488 12.0472
f 129/261/38 128/189/38 131/188/38 133/262/38 

vt -2.1667e-16 -7.29422e-17
vn 1.7985e-17 1 -6.05468e-18
vt 11.6929 -7.29422e-17
v 2558.39 306 6644.59
vt 11.6929 24.4488
vt -2.1667e-16 24.4488
f 131/263/39 132/264/39 134/265/39 133/266/39 

vt 0 2.10297e-16
vn 1 -1.7985e-17 -0
vt 24.4488 2.10297e-16
vt 24.4488 12.0472
f 127/267/40 130/268/40 134/269/40 132/188/40 

vt -11.6929 12.0472
vt -11.6929 0
f 134/270/4 130/271/4 129/189/4 133/188/4 

g Mesh4 Group4 Model

v 3766.57 306 7912.01
v 4154.62 306 7912.01
vt 15.2776 0
v 4154.62 306 7282.56
vt 15.2776 24.7813
v 3766.57 306 7282.56
vt 0 24.7813
f 135/189/35 136/272/35 137/273/35 138/274/35 

vt 15.2776 12.0472
v 3766.57 0 7912.01
v 4154.62 0 7912.01
f 136/275/32 135/188/32 139/189/32 140/272/32 

vt -24.7813 12.0472
v 3766.57 0 7282.56
vt -24.7813 0
v 3766.57 9.02389e-14 7284.44
vt -24.7075 3.55271e-15
f 135/188/5 138/276/5 141/277/5 142/278/5 139/189/5 

vt -15.2776 12.0472
v 4154.62 0 7282.56
vt -15.2776 0
f 138/188/4 137/279/4 143/280/4 141/189/4 

vt 24.7813 0
vt 24.7813 12.0472
v 4154.62 9.02389e-14 7284.44
vt 24.7075 3.55271e-15
f 143/281/3 137/282/3 136/188/3 140/189/3 144/283/3 

vn -6.08008e-18 -1 -8.76253e-17
vt 2.16008e-32 24.7075
vt -15.2776 24.7075
vt -15.2776 8.13943e-33
f 139/189/41 142/284/41 144/285/41 140/286/41 

vn 0 -1 4.81469e-14
vt 0 24.7075
vt -15.2776 24.7813
f 144/285/42 142/287/42 141/274/42 143/288/42 

g Mesh5 Group5 Model

v 6626.25 306 7893.59
vt 28.726 12.0472
v 6261.43 306 7893.59
vt 14.363 12.0472
v 6261.43 0 7893.59
vt 14.363 0
v 6626.25 0 7893.59
vt 28.726 0
f 145/289/32 146/290/32 147/291/32 148/292/32 

v 5896.61 306 7281.37
vt 0 24.1033
v 5896.61 306 7821.82
vt 0 2.82579
v 6261.43 306 7821.82
vt 14.363 2.82579
v 6626.25 306 7281.37
vt 28.726 24.1033
f 149/293/35 150/294/35 151/295/35 146/291/35 145/292/35 152/296/35 

vt -2.82579 12.0472
vt -24.1033 12.0472
v 5896.61 0 7281.37
vt -24.1033 0
v 5896.61 0 7821.82
vt -2.82579 0
f 150/297/5 149/298/5 153/299/5 154/300/5 

v 6626.25 0 7281.37
vt -28.726 0
vt -28.726 12.0472
f 155/301/4 153/189/4 149/188/4 152/302/4 

vn 0 -1 -0
vt -28.726 24.1033
vt -14.363 0
v 6261.43 0 7821.82
vt -14.363 2.82579
f 153/293/43 155/303/43 148/301/43 147/304/43 156/305/43 154/294/43 

vt 24.1033 12.0472
vt 24.1033 0
f 152/306/3 145/188/3 148/189/3 155/307/3 

f 147/189/5 146/188/5 151/297/5 156/300/5 

f 154/189/32 156/291/32 151/290/32 150/188/32 

g Mesh6 Group6 Model

v 6636.06 306 7883.78
v 6987.95 306 7883.78
vt 13.854 0
v 6987.95 306 7821.82
vt 13.854 2.43953
v 7339.84 306 7821.82
vt 27.708 2.43953
v 7339.84 306 7281.37
vt 27.708 23.7171
v 6636.06 306 7281.37
vt 0 23.7171
f 157/189/35 158/308/35 159/309/35 160/310/35 161/311/35 162/312/35 

v 6636.06 0 7883.78
v 6987.95 0 7883.78
vt 13.854 12.0472
f 163/189/32 164/308/32 158/313/32 157/188/32 

v 6987.95 0 7821.82
vt 2.43953 0
vt 2.43953 12.0472
f 158/188/3 164/189/3 165/314/3 159/315/3 

vt 27.708 12.0472
v 7339.84 0 7821.82
vt 27.708 0
f 160/316/32 159/313/32 165/308/32 166/317/32 

vt 23.7171 12.0472
v 7339.84 0 7281.37
vt 23.7171 0
f 161/318/3 160/315/3 166/314/3 167/319/3 

vt -27.708 12.0472
vt -27.708 0
v 6636.06 0 7281.37
f 162/188/4 161/320/4 167/321/4 168/189/4 

vt -23.7171 12.0472
vt -23.7171 0
f 157/188/5 162/322/5 168/323/5 163/189/5 

g Mesh7 Group7 Model

v 7349.66 306 7893.59
v 7722.17 306 7893.59
vt 14.666 0
v 7722.17 306 7821.82
vt 14.666 2.82579
v 8094.69 306 7821.82
vt 29.332 2.82579
v 8094.69 306 7281.37
vt 29.332 24.1033
v 7349.66 306 7281.37
f 169/189/35 170/324/35 171/325/35 172/326/35 173/327/35 174/293/35 

v 7349.66 0 7893.59
v 7722.17 0 7893.59
vt 14.666 12.0472
f 175/189/32 176/324/32 170/328/32 169/188/32 

v 8094.69 0 7281.37
vt -29.332 24.1033
v 8094.69 0 7821.82
vt -29.332 2.82579
v 7722.17 0 7821.82
vt -14.666 2.82579
vt -14.666 0
v 7349.66 0 7281.37
f 177/329/43 178/330/43 179/331/43 176/332/43 175/189/43 180/293/43 

vt 2.82579 12.0472
vt 2.82579 0
f 173/306/3 172/333/3 178/334/3 177/307/3 

vt 29.332 12.0472
vt 29.332 0
f 172/335/32 171/328/32 179/324/32 178/336/32 

f 170/188/3 176/189/3 179/334/3 171/333/3 

vt -29.332 0
vt -29.332 12.0472
f 177/337/4 180/189/4 174/188/4 173/338/4 

f 169/188/5 174/298/5 180/299/5 175/189/5 

g Mesh8 Group8 Model

v 5416.39 -44 8320.13
vt 0 1.41732
v 6478.39 -44 8320.13
vt -41.811 1.41732
v 6478.39 -44 8356.13
vt -41.811 0
v 5416.39 -44 8356.13
f 181/339/43 182/340/43 183/341/43 184/189/43 

vt -41.811 -1.73228
vt 0 -1.73228
v 5416.39 306 8320.13
v 6478.39 306 8320.13
vt -41.811 12.0472
f 182/342/4 181/343/4 185/188/4 186/344/4 

vt -1.41732 -1.73228
v 5416.39 306 8356.13
vt -1.41732 12.0472
f 181/345/5 184/343/5 187/188/5 185/346/5 

vt 41.811 -1.73228
v 6478.39 306 8356.13
vt 41.811 12.0472
f 184/343/32 183/347/32 188/348/32 187/188/32 

vt 1.41732 -1.73228
vt 1.41732 12.0472
f 183/343/3 182/349/3 186/350/3 188/188/3 

vt 41.811 1.41732
vt 41.811 0
f 186/351/35 185/339/35 187/189/35 188/352/35 

g Mesh9 Group9 Model

v 8616.36 306 7821.82
vt 20.2013 2.48893
v 8616.36 306 7281.37
vt 20.2013 23.7665
v 8103.25 306 7281.37
vt 0 23.7665
v 8103.25 306 7885.03
v 8359.8 306 7885.03
vt 10.1006 0
v 8359.8 306 7821.82
vt 10.1006 2.48893
f 189/353/35 190/354/35 191/355/35 192/189/35 193/356/35 194/357/35 

vt 23.7665 12.0472
vt 2.48893 12.0472
v 8616.36 6.76792e-14 7821.82
vt 2.48893 0
v 8616.36 6.76792e-14 7281.37
vt 23.7665 0
f 190/358/3 189/359/3 195/360/3 196/361/3 

vt 20.2013 12.0472
vt 10.1006 12.0472
v 8359.8 6.76792e-14 7821.82
vt 20.2013 0
f 189/362/32 194/363/32 197/356/32 195/364/32 

v 8359.8 6.76792e-14 7885.03
f 193/188/3 198/189/3 197/360/3 194/359/3 

v 8103.25 6.76792e-14 7885.03
f 199/189/32 198/356/32 193/363/32 192/188/32 

vt -23.7665 12.0472
v 8103.25 6.76792e-14 7281.37
vt -23.7665 0
f 192/188/5 191/365/5 200/366/5 199/189/5 

vt -20.2013 12.0472
vt -20.2013 0
f 191/188/4 190/367/4 196/368/4 200/189/4 

g Mesh10 Group10 Model

v 2832.09 306 8198.68
vt -3.93061 12.0472
v 2859.16 306 8198.68
vt -4.99652 12.0472
v 2859.16 4.51195e-14 8198.68
vt -4.99652 0
v 2832.09 4.51195e-14 8198.68
vt -3.93061 0
f 201/369/4 202/370/4 203/371/4 204/372/4 

vt 4.99652 20.2576
vt 3.93061 20.2576
v 2859.16 306 8319.68
vt 4.99652 15.4938
f 202/373/35 201/374/35 205/375/35

v 2832.09 306 8390.83
vt 3.93061 12.693
f 206/376/35 205/375/35 201/374/35

v 2960.04 306 8625.76
vt 8.96808 3.44361
f 206/376/35 207/377/35 205/375/35

v 2732.25 306 8390.83
vt 0 12.693
f 208/378/35 207/377/35 206/376/35

v 2964.56 306 8632.9
vt 9.14624 3.16231
f 208/378/35 209/379/35 207/377/35

v 2732.25 306 8713.23
f 210/189/35 209/379/35 208/378/35

v 2970.73 306 8638.7
vt 9.38884 2.9342
f 209/379/35 210/189/35 211/380/35

v 2978.14 306 8642.78
vt 9.68055 2.77365
f 211/380/35 210/189/35 212/381/35

v 3149.88 306 8713.23
vt 16.4422 0
f 212/381/35 210/189/35 213/382/35

v 2732.25 2.70717e-13 8713.23
vt 0 8.88178e-15
v 3149.88 4.51195e-14 8713.23
vt 16.4422 12.0472
f 210/188/32 214/383/32 215/382/32 213/384/32 

vt -12.693 12.0472
v 2732.25 2.70717e-13 8390.83
vt -12.693 8.88178e-15
f 214/383/5 210/188/5 208/385/5 216/386/5 

v 2832.09 4.51195e-14 8390.83
f 217/372/4 216/383/4 208/188/4 206/369/4 

vt 2.93312e-30 12.693
vn -3.3024e-16 -1 2.0512e-16
vt -3.93061 12.693
vt -3.93061 20.2576
vt -4.99652 20.2576
v 2859.16 4.51195e-14 8319.68
vt -4.99652 15.4938
v 3082.77 4.51195e-14 8319.68
vt -13.8001 15.4938
v 3082.77 4.51195e-14 8234.02
vt -13.8001 18.8666
v 2985.77 4.51195e-14 8234.02
vt -9.9812 18.8666
v 2985.77 4.51195e-14 8198.68
vt -9.9812 20.2576
v 3149.88 4.51195e-14 8198.68
vt -16.4422 20.2576
vt -16.4422 -1.11377e-30
vt 2.93312e-30 -1.82183e-30
f 216/387/44 217/388/44 204/389/44 203/390/44 218/391/44 219/392/44 220/393/44 221/394/44 222/395/44 223/396/44 215/397/44 214/398/44 

vt -20.2576 12.0472
vt -20.2576 0
vt -12.693 0
f 206/385/5 201/399/5 204/400/5 217/401/5 

vt 20.2576 0
vt 20.2576 12.0472
vt 15.4938 12.0472
vt 15.4938 0
f 203/402/3 202/403/3 205/404/3 218/405/3 

v 3082.77 306 8319.68
vt -13.8001 12.0472
vt -13.8001 0
f 205/370/4 224/406/4 219/407/4 218/371/4 

v 2964.48 306 8404.66
vt 9.14279 12.1484
vt 13.8001 15.4938
f 205/375/35 225/408/35 224/409/35

v 2933.62 306 8457.42
vt 7.92791 10.0713
f 225/408/35 205/375/35 226/410/35

v 2957.43 306 8617.71
vt 8.86552 3.76043
f 205/375/35 227/411/35 226/410/35

f 205/375/35 207/377/35 227/411/35

vt 0.847448 12.0472
vn 0.951399 0 -0.30796
vt 0.514444 12.0472
v 2960.04 230 8625.76
vt 0.514444 9.05512
v 2957.43 230 8617.71
vt 0.847448 9.05512
f 227/412/45 207/413/45 228/414/45 229/415/45 

vt -1.8894 12.0472
vn 0.844805 0 -0.535074
vt -2.22238 12.0472
v 2964.56 230 8632.9
vt -2.22238 9.05512
vt -1.8894 9.05512
f 207/416/46 209/417/46 230/418/46 228/419/46 

vt -4.49689 12.0472
vn 0.68503 0 -0.728515
vt -4.82989 12.0472
v 2970.73 230 8638.7
vt -4.82989 9.05512
vt -4.49689 9.05512
f 209/420/47 211/421/47 231/422/47 230/423/47 

vt -6.81055 12.0472
vn 0.482173 0 -0.876076
vt -7.14352 12.0472
v 2978.14 230 8642.78
vt -7.14352 9.05512
vt -6.81055 9.05512
f 211/424/48 212/425/48 232/426/48 231/427/48 

vt -8.68516 12.0472
vn 0.24897 0 -0.968511
v 2986.33 306 8644.88
vt -9.01817 12.0472
v 2986.33 230 8644.88
vt -9.01817 9.05512
vt -8.68516 9.05512
f 212/428/49 233/429/49 234/430/49 232/431/49 

vt 10.0031 2.69074
f 212/381/35 213/382/35 233/432/35

v 2994.79 306 8644.88
vt 10.3361 2.69074
f 233/432/35 213/382/35 235/433/35

v 3002.98 306 8642.78
vt 10.6586 2.77365
f 235/433/35 213/382/35 236/434/35

v 3010.39 306 8638.7
vt 10.9503 2.9342
f 236/434/35 213/382/35 237/435/35

v 3016.55 306 8632.9
vt 11.1929 3.16231
f 237/435/35 213/382/35 238/436/35

v 3021.08 306 8625.76
vt 11.3711 3.44361
f 238/436/35 213/382/35 239/437/35

v 3023.68 306 8617.71
vt 11.4736 3.76043
f 239/437/35 213/382/35 240/438/35

v 3024.2 306 8609.27
vt 11.4941 4.0928
f 240/438/35 213/382/35 241/439/35

v 3041.45 306 8457.42
vt 12.1732 10.0713
f 241/439/35 213/382/35 242/440/35

f 242/440/35 213/382/35 224/409/35

v 3082.77 306 8234.02
vt 13.8001 18.8666
f 224/409/35 213/382/35 243/441/35

v 3149.88 306 8198.68
vt 16.4422 20.2576
f 244/442/35 243/441/35 213/382/35

v 2985.77 306 8198.68
vt 9.9812 20.2576
f 245/443/35 243/441/35 244/442/35

v 2985.77 306 8234.02
vt 9.9812 18.8666
f 243/441/35 245/443/35 246/444/35

vt -18.8666 0
vt -18.8666 12.0472
f 222/400/5 221/445/5 246/446/5 245/399/5 

vt 9.9812 12.0472
vt 9.9812 0
vt 13.8001 0
vt 13.8001 12.0472
f 246/447/32 221/448/32 220/449/32 243/450/32 

vt -15.4938 12.0472
vt -15.4938 0
f 224/451/5 243/446/5 220/445/5 219/452/5 

vt -16.4422 0
vt -9.9812 0
vt -9.9812 12.0472
vt -16.4422 12.0472
f 223/453/4 222/454/4 245/455/4 244/456/4 

f 244/403/3 213/188/3 215/189/3 223/402/3 

v 3011.63 306 8404.66
vt 10.9994 12.1484
f 224/409/35 247/457/35 242/440/35

v 2998.19 306 8404.66
vt 10.47 12.1484
f 224/409/35 248/458/35 247/457/35

v 2978.21 306 8404.66
vt 9.68337 12.1484
f 224/409/35 249/459/35 248/458/35

f 224/409/35 225/408/35 249/459/35

vt 9.68337 12.0472
vt 9.14279 12.0472
v 2964.48 230 8404.66
vt 9.14279 9.05512
v 2978.21 230 8404.66
vt 9.68337 9.05512
f 249/460/32 225/461/32 250/462/32 251/463/32 

vt 12.1484 12.0472
v 2964.48 306 8457.42
vt 10.0713 12.0472
v 2964.48 230 8457.42
vt 10.0713 9.05512
vt 12.1484 9.05512
f 225/464/3 252/465/3 253/466/3 250/467/3 

vt 9.14279 10.0713
f 225/408/35 226/410/35 252/468/35

vt 7.92791 12.0472
v 2933.62 230 8457.42
vt 7.92791 9.05512
f 252/461/32 226/469/32 254/470/32 253/462/32 

vt 5.9345 12.0472
vn 0.91205 0 -0.410079
v 2987.76 306 8577.84
vt 0.736161 12.0472
v 2987.76 230 8577.84
vt 0.736161 9.05512
vt 5.9345 9.05512
f 226/471/50 255/472/50 256/473/50 254/474/50 

v 2982.26 306 8578.76
vt 9.84279 5.29393
vt 10.0596 5.3302
f 226/410/35 257/475/35 255/476/35

v 2974.39 306 8581.86
vt 9.53291 5.17211
f 257/475/35 226/410/35 258/477/35

v 2967.53 306 8586.81
vt 9.26307 4.97698
f 258/477/35 226/410/35 259/478/35

v 2962.13 306 8593.32
vt 9.0503 4.72084
f 259/478/35 226/410/35 260/479/35

v 2958.51 306 8600.96
vt 8.90798 4.41979
f 260/479/35 226/410/35 261/480/35

v 2956.91 306 8609.27
vt 8.84507 4.0928
f 261/480/35 226/410/35 262/481/35

f 226/410/35 227/411/35 262/481/35

vt 3.54174 12.0472
vn 0.998112 0 -0.0614269
vt 3.20875 12.0472
vt 3.20875 9.05512
v 2956.91 230 8609.27
vt 3.54174 9.05512
f 262/482/51 227/483/51 229/484/51 263/485/51 

v 2982.26 230 8578.76
v 2974.39 230 8581.86
v 2967.53 230 8586.81
v 2962.13 230 8593.32
v 2958.51 230 8600.96
v 2994.79 230 8644.88
v 3002.98 230 8642.78
v 3010.39 230 8638.7
v 3016.55 230 8632.9
v 3021.08 230 8625.76
v 3023.68 230 8617.71
v 3024.2 230 8609.27
v 3022.6 230 8600.96
vt 11.4312 4.41979
v 3018.99 230 8593.32
vt 11.2888 4.72084
v 3013.58 230 8586.81
vt 11.0761 4.97698
v 3006.73 230 8581.86
vt 10.8062 5.17211
v 2998.86 230 8578.76
vt 10.4963 5.29393
v 2993.35 230 8577.84
vt 10.2795 5.3302
v 3041.45 230 8457.42
v 3011.63 230 8457.42
vt 10.9994 10.0713
v 3011.63 230 8404.66
v 2998.19 230 8404.66
v 2998.19 230 8457.42
vt 10.47 10.0713
v 2978.21 230 8457.42
vt 9.68337 10.0713
f 250/408/35 253/468/35 254/410/35 256/476/35 264/475/35 265/477/35 266/478/35 267/479/35 268/480/35 263/481/35 229/411/35 228/377/35 230/379/35 231/380/35 232/381/35 234/432/35 269/433/35 270/434/35 271/435/35 272/436/35 273/437/35 274/438/35 275/439/35 276/486/35 277/487/35 278/488/35 279/489/35 280/490/35 281/491/35 282/440/35 283/492/35 284/457/35 285/458/35 286/493/35 287/494/35 251/459/35 

vt 10.8012 12.0472
vn 0.164996 0 0.986294
vt 10.5814 12.0472
vt 10.5814 9.05512
vt 10.8012 9.05512
f 255/495/52 257/496/52 264/497/52 256/498/52 

vt 11.0972 12.0472
vn 0.365852 0 0.930673
vt 10.7642 12.0472
vt 10.7642 9.05512
vt 11.0972 9.05512
f 257/499/53 258/500/53 265/501/53 264/502/53 

vt 10.7555 12.0472
vn 0.585982 0 0.810324
vt 10.4225 12.0472
vt 10.4225 9.05512
vt 10.7555 9.05512
f 258/503/54 259/504/54 266/505/54 265/506/54 

vt 9.74737 12.0472
vn 0.769217 0 0.638987
vt 9.41438 12.0472
vt 9.41438 9.05512
vt 9.74737 9.05512
f 259/507/55 260/508/55 267/509/55 266/510/55 

vt 8.13603 12.0472
vn 0.904063 0 0.4274
vt 7.80304 12.0472
vt 7.80304 9.05512
vt 8.13603 9.05512
f 260/511/56 261/512/56 268/513/56 267/514/56 

vt 6.02308 12.0472
vn 0.981993 0 0.188918
vt 5.69009 12.0472
vt 5.69009 9.05512
vt 6.02308 9.05512
f 261/515/57 262/516/57 263/517/57 268/518/57 

vt -10.0031 12.0472
vt -10.3361 12.0472
vt -10.3361 9.05512
vt -10.0031 9.05512
f 233/519/4 235/520/4 269/521/4 234/522/4 

vt -10.6805 12.0472
vn -0.24897 0 -0.968511
vt -11.0135 12.0472
vt -11.0135 9.05512
vt -10.6805 9.05512
f 235/523/58 236/524/58 270/525/58 269/526/58 

vt -10.6752 12.0472
vn -0.482141 0 -0.876094
vt -11.0082 12.0472
vt -11.0082 9.05512
vt -10.6752 9.05512
f 236/527/59 237/528/59 271/529/59 270/530/59 

vt -9.98719 12.0472
vn -0.685068 0 -0.728479
vt -10.3202 12.0472
vt -10.3202 9.05512
vt -9.98719 9.05512
f 237/531/60 238/532/60 272/533/60 271/534/60 

vt -8.66105 12.0472
vn -0.844771 0 -0.535128
vt -8.99404 12.0472
vt -8.99404 9.05512
vt -8.66105 9.05512
f 238/535/61 239/536/61 273/537/61 272/538/61 

vt -6.77738 12.0472
vn -0.951422 0 -0.307891
vt -7.11038 12.0472
vt -7.11038 9.05512
vt -6.77738 9.05512
f 239/539/62 240/540/62 274/541/62 273/542/62 

vt -4.45897 12.0472
vn -0.998107 0 -0.0615027
vt -4.79196 12.0472
vt -4.79196 9.05512
vt -4.45897 9.05512
f 240/543/63 241/544/63 275/545/63 274/546/63 

vt -1.84766 12.0472
vn -0.981993 0 0.188918
v 3022.6 306 8600.96
vt -2.18065 12.0472
vt -2.18065 9.05512
vt -1.84766 9.05512
f 241/547/64 288/548/64 276/549/64 275/550/64 

f 242/440/35 288/486/35 241/439/35

v 3018.99 306 8593.32
f 242/440/35 289/487/35 288/486/35

v 3013.58 306 8586.81
f 242/440/35 290/488/35 289/487/35

v 3006.73 306 8581.86
f 242/440/35 291/489/35 290/488/35

v 2998.86 306 8578.76
f 242/440/35 292/490/35 291/489/35

v 2993.35 306 8577.84
f 292/490/35 242/440/35 293/491/35

vt -8.76283 12.0472
vn -0.928665 0 -0.370918
vt -13.8682 12.0472
vt -13.8682 9.05512
vt -8.76283 9.05512
f 293/551/65 242/552/65 282/553/65 281/554/65 

vt 12.1732 12.0472
v 3011.63 306 8457.42
vt 10.9994 12.0472
vt 10.9994 9.05512
vt 12.1732 9.05512
f 242/555/32 294/556/32 283/557/32 282/558/32 

f 242/440/35 247/457/35 294/492/35

vt -10.0713 12.0472
vt -12.1484 12.0472
vt -12.1484 9.05512
vt -10.0713 9.05512
f 294/559/5 247/560/5 284/561/5 283/562/5 

vt 10.47 12.0472
vt 10.47 9.05512
f 247/556/32 248/563/32 285/564/32 284/557/32 

v 2998.19 306 8457.42
f 248/464/3 295/465/3 286/466/3 285/467/3 

f 248/458/35 249/459/35 295/493/35

v 2978.21 306 8457.42
f 295/493/35 249/459/35 296/494/35

f 296/559/5 249/560/5 251/561/5 287/562/5 

f 295/563/32 296/460/32 287/463/32 286/564/32 

vt 9.47886 12.0472
vn -0.165015 0 0.986291
vt 9.25902 12.0472
vt 9.25902 9.05512
vt 9.47886 9.05512
f 292/565/66 293/566/66 281/567/66 280/568/66 

vt 8.16509 12.0472
vn -0.365826 0 0.930683
vt 7.8321 12.0472
vt 7.8321 9.05512
vt 8.16509 9.05512
f 291/569/67 292/570/67 280/571/67 279/572/67 

vt 6.05879 12.0472
vn -0.585982 0 0.810324
vt 5.72579 12.0472
vt 5.72579 9.05512
vt 6.05879 9.05512
f 290/573/68 291/574/68 279/575/68 278/576/68 

vt 3.58207 12.0472
vn -0.769217 0 0.638987
vt 3.24909 12.0472
vt 3.24909 9.05512
vt 3.58207 9.05512
f 289/577/69 290/578/69 278/579/69 277/580/69 

vt 0.889911 12.0472
vn -0.904063 0 0.4274
vt 0.556916 12.0472
vt 0.556916 9.05512
vt 0.889911 9.05512
f 288/581/70 289/582/70 277/583/70 276/584/70 

g Mesh11 Group11 Model

v 2497 306 8565.36
vt 5.82162 12.0472
v 2497 306 8580.8
vt 5.21364 12.0472
v 2497 230 8580.8
vt 5.21364 9.05512
v 2497 230 8565.36
vt 5.82162 9.05512
f 297/585/3 298/586/3 299/587/3 300/588/3 

vt 7.5456 5.82162
v 2491.39 306 8583.01
vt 7.32476 5.12683
vt 7.5456 5.21364
f 297/589/35 301/590/35 298/591/35

v 2484.66 306 8587.87
vt 7.05985 4.93526
f 297/589/35 302/592/35 301/590/35

v 2481.48 306 8565.36
vt 6.93464 5.82162
f 303/593/35 302/592/35 297/589/35

v 2479.35 306 8594.26
vt 6.85095 4.68379
f 303/593/35 304/594/35 302/592/35

v 2477.03 306 8502.77
vt 6.75944 8.28564
f 305/595/35 304/594/35 303/593/35

v 2475.8 306 8601.77
vt 6.71123 4.38824
f 304/594/35 305/595/35 306/596/35

v 2474.23 306 8609.92
vt 6.64947 4.06721
f 305/595/35 307/597/35 306/596/35

v 2368.23 306 8319.68
vt 2.47624 15.4938
f 305/595/35 308/598/35 307/597/35

v 2486.08 306 8407.55
vt 7.11594 12.0347
f 309/599/35 308/598/35 305/595/35

v 2597.96 306 8319.68
vt 11.5205 15.4938
f 308/598/35 309/599/35 310/600/35

v 2500.31 306 8407.55
vt 7.67608 12.0347
f 310/600/35 309/599/35 311/601/35

vt 7.67608 12.0472
vt 7.11594 12.0472
v 2486.08 230 8407.55
vt 7.11594 9.05512
v 2500.31 230 8407.55
vt 7.67608 9.05512
f 311/602/32 309/603/32 312/604/32 313/605/32 

vt 12.0347 12.0472
v 2486.08 306 8502.13
vt 8.31099 12.0472
v 2486.08 230 8502.13
vt 8.31099 9.05512
vt 12.0347 9.05512
f 309/606/3 314/607/3 315/608/3 312/609/3 

vt 7.11594 8.31099
f 309/599/35 305/595/35 314/610/35

vt 7.68752 12.0472
vn 0.0709308 0 0.997481
vt 7.33013 12.0472
v 2477.03 230 8502.77
vt 7.33013 9.05512
vt 7.68752 9.05512
f 314/611/71 305/612/71 316/613/71 315/614/71 

vt 7.7854 12.0472
vn 0.997482 0 -0.0709203
vt 5.31516 12.0472
v 2481.48 230 8565.36
vt 5.31516 9.05512
vt 7.7854 9.05512
f 305/615/72 303/616/72 317/617/72 316/618/72 

vt -6.93464 12.0472
vt -7.5456 12.0472
vt -7.5456 9.05512
vt -6.93464 9.05512
f 303/619/4 297/620/4 300/621/4 317/622/4 

v 2515.41 230 8565.36
vt 8.27059 5.82162
v 2530.58 230 8565.36
vt 8.86784 5.82162
v 2538.37 230 8503.07
vt 9.17438 8.27389
v 2530.09 230 8502.04
vt 8.84861 8.31462
v 2530.09 230 8407.55
vt 8.84861 12.0347
v 2513.54 230 8407.55
vt 8.1971 12.0347
v 2513.54 230 8486.52
vt 8.1971 8.92542
v 2500.31 230 8486.52
vt 7.67608 8.92542
v 2491.39 230 8583.01
v 2484.66 230 8587.87
v 2479.35 230 8594.26
v 2475.8 230 8601.77
v 2474.23 230 8609.92
v 2474.74 230 8618.21
vt 6.66955 3.74091
v 2477.3 230 8626.11
vt 6.77023 3.42988
v 2481.74 230 8633.12
vt 6.94515 3.15371
v 2487.79 230 8638.81
vt 7.18332 2.92975
v 2495.07 230 8642.82
vt 7.4697 2.77214
v 2503.11 230 8644.88
vt 7.78633 2.69074
v 2511.41 230 8644.88
vt 8.11325 2.69074
v 2519.46 230 8642.82
vt 8.42988 2.77214
v 2526.73 230 8638.81
vt 8.71629 2.92975
v 2532.78 230 8633.12
vt 8.95443 3.15371
v 2537.22 230 8626.11
vt 9.12937 3.42988
v 2539.78 230 8618.21
vt 9.23003 3.74091
v 2540.29 230 8609.92
vt 9.25013 4.06721
v 2538.72 230 8601.77
vt 9.18837 4.38824
v 2535.17 230 8594.26
vt 9.04865 4.68379
v 2529.87 230 8587.87
vt 8.83976 4.93526
v 2523.14 230 8583.01
vt 8.57485 5.12683
v 2515.41 230 8579.97
vt 8.27059 5.24642
f 318/623/35 319/624/35 320/625/35 321/626/35 322/627/35 323/628/35 324/629/35 325/630/35 313/601/35 312/599/35 315/610/35 316/595/35 317/593/35 300/589/35 299/591/35 326/590/35 327/592/35 328/594/35 329/596/35 330/597/35 331/631/35 332/632/35 333/633/35 334/634/35 335/635/35 336/636/35 337/637/35 338/638/35 339/639/35 340/640/35 341/641/35 342/642/35 343/643/35 344/644/35 345/645/35 346/646/35 347/647/35 348/648/35 

v 2515.41 306 8565.36
vt -8.27059 12.0472
v 2530.58 306 8565.36
vt -8.86784 12.0472
vt -8.86784 9.05512
vt -8.27059 9.05512
f 349/649/4 350/650/4 319/651/4 318/652/4 

v 2523.14 306 8583.01
f 349/623/35 351/647/35 350/624/35

v 2515.41 306 8579.97
f 351/647/35 349/623/35 352/648/35

vt -5.24642 12.0472
vt -5.82162 12.0472
vt -5.82162 9.05512
vt -5.24642 9.05512
f 352/653/5 349/654/5 318/655/5 348/656/5 

vt 6.10494 12.0472
vt 5.77802 12.0472
vt 5.77802 9.05512
vt 6.10494 9.05512
f 351/657/67 352/658/67 348/659/67 347/660/67 

v 2529.87 306 8587.87
vt 4.2711 12.0472
vt 3.94418 12.0472
vt 3.94418 9.05512
vt 4.2711 9.05512
f 353/661/68 351/662/68 347/663/68 346/664/68 

f 350/624/35 351/647/35 353/646/35

v 2535.17 306 8594.26
f 350/624/35 353/646/35 354/645/35

vt 2.17911 12.0472
vt 1.8522 12.0472
vt 1.8522 9.05512
vt 2.17911 9.05512
f 354/665/69 353/666/69 346/667/69 345/668/69 

v 2538.72 306 8601.77
vt -0.0401335 12.0472
vt -0.367051 12.0472
vt -0.367051 9.05512
vt -0.0401335 9.05512
f 355/669/70 354/670/70 345/671/70 344/672/70 

v 2538.37 306 8503.07
f 356/625/35 354/645/35 355/644/35

f 350/624/35 354/645/35 356/625/35

vt -6.87661 12.0472
vn -0.992278 0 -0.124037
vt -9.34796 12.0472
vt -9.34796 9.05512
vt -6.87661 9.05512
f 350/673/73 356/674/73 320/675/73 319/676/73 

vt 8.07693 12.0472
vn -0.124072 0 0.992273
v 2530.09 306 8502.04
vt 7.74862 12.0472
vt 7.74862 9.05512
vt 8.07693 9.05512
f 356/677/74 357/678/74 321/679/74 320/680/74 

v 2530.09 306 8407.55
f 356/625/35 358/627/35 357/626/35

f 310/600/35 358/627/35 356/625/35

v 2513.54 306 8407.55
f 310/600/35 359/628/35 358/627/35

f 310/600/35 311/601/35 359/628/35

v 2513.54 306 8486.52
f 359/628/35 311/601/35 360/629/35

v 2500.31 306 8486.52
f 360/629/35 311/601/35 361/630/35

vt -8.92542 12.0472
vt -12.0347 12.0472
vt -12.0347 9.05512
vt -8.92542 9.05512
f 361/681/5 311/682/5 313/683/5 325/684/5 

vt 8.1971 12.0472
vt 8.1971 9.05512
f 360/685/32 361/602/32 325/605/32 324/686/32 

vt 8.92542 12.0472
vt 8.92542 9.05512
f 359/606/3 360/687/3 324/688/3 323/609/3 

vt 8.84861 12.0472
vn 8.72498e-14 0 1
vt 8.84861 9.05512
f 358/689/75 359/685/75 323/686/75 322/690/75 

vt -8.31462 12.0472
vt -8.31462 9.05512
f 357/691/5 358/682/5 322/683/5 321/692/5 

f 310/600/35 356/625/35 355/644/35

v 2540.29 306 8609.92
f 310/600/35 355/644/35 362/643/35

vt -2.24646 12.0472
vt -2.57337 12.0472
vt -2.57337 9.05512
vt -2.24646 9.05512
f 362/693/64 355/694/64 344/695/64 343/696/64 

v 2539.78 306 8618.21
vt -4.3015 12.0472
vt -4.62842 12.0472
vt -4.62842 9.05512
vt -4.3015 9.05512
f 363/697/63 362/698/63 343/699/63 342/700/63 

v 2713.96 306 8713.23
vt 16.0877 0
f 363/642/35 364/701/35 362/643/35

v 2537.22 306 8626.11
f 365/641/35 364/701/35 363/642/35

v 2532.78 306 8633.12
f 366/640/35 364/701/35 365/641/35

v 2526.73 306 8638.81
f 367/639/35 364/701/35 366/640/35

v 2519.46 306 8642.82
f 368/638/35 364/701/35 367/639/35

v 2511.41 306 8644.88
f 369/637/35 364/701/35 368/638/35

v 2503.11 306 8644.88
f 370/636/35 364/701/35 369/637/35

v 2495.07 306 8642.82
f 371/635/35 364/701/35 370/636/35

v 2305.34 306 8713.23
f 371/635/35 372/189/35 364/701/35

v 2487.79 306 8638.81
f 373/634/35 372/189/35 371/635/35

v 2481.74 306 8633.12
f 374/633/35 372/189/35 373/634/35

v 2477.3 306 8626.11
f 375/632/35 372/189/35 374/633/35

v 2305.34 306 8198.68
vt 0 20.2576
f 372/189/35 375/632/35 376/702/35

f 376/702/35 375/632/35 308/598/35

v 2474.74 306 8618.21
f 308/598/35 375/632/35 377/631/35

vt 1.50515 12.0472
vt 1.17822 12.0472
vt 1.17822 9.05512
vt 1.50515 9.05512
f 377/703/45 375/704/45 332/705/45 331/706/45 

vt -0.724996 12.0472
vt -1.0519 12.0472
vt -1.0519 9.05512
vt -0.724996 9.05512
f 375/707/46 374/708/46 333/709/46 332/710/46 

vt -2.89926 12.0472
vt -3.22618 12.0472
vt -3.22618 9.05512
vt -2.89926 9.05512
f 374/711/47 373/712/47 334/713/47 333/714/47 

vt -4.88049 12.0472
vt -5.20738 12.0472
vt -5.20738 9.05512
vt -4.88049 9.05512
f 373/715/48 371/716/48 335/717/48 334/718/48 

vt -6.54431 12.0472
vt -6.87123 12.0472
vt -6.87123 9.05512
vt -6.54431 9.05512
f 371/719/49 370/720/49 336/721/49 335/722/49 

vt -7.78633 12.0472
vt -8.11325 12.0472
vt -8.11325 9.05512
vt -7.78633 9.05512
f 370/723/4 369/724/4 337/725/4 336/726/4 

vt -8.52769 12.0472
vt -8.85461 12.0472
vt -8.85461 9.05512
vt -8.52769 9.05512
f 369/727/58 368/728/58 338/729/58 337/730/58 

vt -8.72192 12.0472
vt -9.04884 12.0472
vt -9.04884 9.05512
vt -8.72192 9.05512
f 368/731/59 367/732/59 339/733/59 338/734/59 

vt -8.35671 12.0472
vt -8.68362 12.0472
vt -8.68362 9.05512
vt -8.35671 9.05512
f 367/735/60 366/736/60 340/737/60 339/738/60 

vt -7.45593 12.0472
vt -7.78284 12.0472
vt -7.78284 9.05512
vt -7.45593 9.05512
f 366/739/61 365/740/61 341/741/61 340/742/61 

vt -6.07411 12.0472
vt -6.40103 12.0472
vt -6.40103 9.05512
vt -6.07411 9.05512
f 365/743/62 363/744/62 342/745/62 341/746/62 

vt 3.65107 12.0472
vt 3.32416 12.0472
vt 3.32416 9.05512
vt 3.65107 9.05512
f 307/747/51 377/748/51 331/749/51 330/750/51 

f 308/598/35 377/631/35 307/597/35

vt 5.57709 12.0472
vt 5.25018 12.0472
vt 5.25018 9.05512
vt 5.57709 9.05512
f 306/751/57 307/752/57 330/753/57 329/754/57 

vt 7.16254 12.0472
vt 6.83562 12.0472
vt 6.83562 9.05512
vt 7.16254 9.05512
f 304/755/56 306/756/56 329/757/56 328/758/56 

vt 8.30744 12.0472
vt 7.98053 12.0472
vt 7.98053 9.05512
vt 8.30744 9.05512
f 302/759/55 304/760/55 328/761/55 327/762/55 

vt 8.93965 12.0472
vt 8.61274 12.0472
vt 8.61274 9.05512
vt 8.93965 9.05512
f 301/763/54 302/764/54 327/765/54 326/766/54 

vt 8.92991 12.0472
vt 8.69261 12.0472
vt 8.69261 9.05512
vt 8.92991 9.05512
f 298/767/53 301/768/53 326/769/53 299/770/53 

v 2368.23 306 8227.02
vt 2.47624 19.1419
f 378/771/35 376/702/35 308/598/35

v 2474.23 306 8198.68
vt 6.64947 20.2576
f 376/702/35 378/771/35 379/772/35

v 2474.23 306 8227.02
vt 6.64947 19.1419
f 379/772/35 378/771/35 380/773/35

v 2474.23 4.51195e-14 8227.02
vt 6.64947 0
vt 6.64947 12.0472
vt 2.47624 12.0472
v 2368.23 4.51195e-14 8227.02
vt 2.47624 0
f 381/774/32 380/775/32 378/776/32 382/777/32 

v 2474.23 4.51195e-14 8198.68
vt 19.1419 12.0472
vt 19.1419 0
f 383/402/3 379/403/3 380/778/3 381/779/3 

v 2305.34 4.51195e-14 8198.68
vt -6.64947 12.0472
vt -6.64947 0
f 384/189/4 376/188/4 379/780/4 383/781/4 

v 2305.34 4.51195e-14 8713.23
f 385/189/5 372/188/5 376/399/5 384/400/5 

v 2713.96 2.70717e-13 8713.23
vt 16.0877 8.88178e-15
vt 16.0877 12.0472
f 385/189/32 386/782/32 364/783/32 372/188/32 

vt -16.0877 -7.3451e-31
vn 3.31501e-16 -1 2.06979e-16
vt -6.64947 20.2576
vt -6.64947 19.1419
vt -2.47624 19.1419
v 2368.23 4.51195e-14 8319.68
vt -2.47624 15.4938
v 2597.96 4.51195e-14 8319.68
vt -11.5205 15.4938
v 2597.96 4.51195e-14 8198.68
vt -11.5205 20.2576
v 2615.13 4.51195e-14 8198.68
vt -12.1966 20.2576
v 2615.13 4.51195e-14 8390.83
vt -12.1966 12.693
v 2713.96 2.70717e-13 8390.83
vt -16.0877 12.693
f 386/784/76 385/189/76 384/702/76 383/785/76 381/786/76 382/787/76 387/788/76 388/789/76 389/790/76 390/791/76 391/792/76 392/793/76 

f 387/405/3 382/779/3 378/778/3 308/404/3 

vt -11.5205 0
vt -2.47624 0
vt -2.47624 12.0472
vt -11.5205 12.0472
f 388/794/4 387/795/4 308/796/4 310/797/4 

v 2597.96 306 8198.68
f 393/399/5 389/400/5 388/452/5 310/451/5 

vt -12.1966 0
v 2615.13 306 8198.68
vt -12.1966 12.0472
f 390/798/4 389/794/4 393/797/4 394/799/4 

vt 12.1966 20.2576
vt 11.5205 20.2576
v 2615.13 306 8390.83
vt 12.1966 12.693
f 394/800/35 393/801/35 395/802/35

f 310/600/35 395/802/35 393/801/35

f 362/643/35 395/802/35 310/600/35

f 362/643/35 364/701/35 395/802/35

v 2713.96 306 8390.83
vt 16.0877 12.693
f 395/802/35 364/701/35 396/803/35

vt 12.693 8.88178e-15
vt 12.693 12.0472
f 392/804/3 396/805/3 364/188/3 386/383/3 

vt -16.0877 12.0472
vt -16.0877 8.88178e-15
f 396/806/4 392/807/4 391/798/4 395/799/4 

vt 12.693 0
f 390/402/3 394/403/3 395/805/3 391/808/3 

g Mesh12 Group12 Model

v 3163.91 -44 8320.13
vt 17.1046 9.76996e-15
v 3163.91 306 8320.13
vt 17.1046 13.7795
v 3163.91 306 8754.59
vt 0 13.7795
v 3163.91 -44 8754.59
vt 0 9.76996e-15
f 397/809/3 398/810/3 399/811/3 400/812/3 

v 9175.78 -44 8320.13
vt 272.496 0
v 9175.78 306 8320.13
vt 272.496 13.7795
vt 35.808 13.7795
vt 35.808 9.76996e-15
f 401/813/32 402/814/32 398/815/32 397/816/32 

v 9175.78 -44 7261.26
vt 58.7924 9.75929e-15
vn 1 3.91718e-20 9.34048e-36
v 9175.78 306 7261.26
vt 58.7924 13.7795
vt 17.1046 -1.06741e-17
f 403/817/77 404/818/77 402/810/77 401/819/77 

v 3487.48 -44 7261.26
vt -48.5469 9.76996e-15
v 3487.48 306 7261.26
vt -48.5469 13.7795
vt -272.496 13.7795
vt -272.496 9.76996e-15
f 405/820/4 406/821/4 404/822/4 403/823/4 

v 3487.48 -44 5921.44
vt 111.541 9.76996e-15
v 3487.48 306 5921.44
vt 111.541 13.7795
vt 58.7924 9.76996e-15
f 407/824/3 408/825/3 406/818/3 405/826/3 

v 2254.39 -44 5921.44
vt -2.84217e-14 9.76996e-15
v 2254.39 306 5921.44
vt -2.84217e-14 13.7795
f 407/820/4 409/827/4 410/828/4 408/821/4 

vt -35.808 17.1046
vn -1.51055e-18 -1 -5.38679e-17
vt -35.808 5.29201e-31
v 2254.39 -44 8754.59
vt -2.84217e-14 111.541
vt -48.5469 111.541
vt -48.5469 58.7924
vt -272.496 58.7924
vt -272.496 17.1046
f 397/829/78 400/830/78 411/189/78 409/831/78 407/832/78 405/833/78 403/834/78 401/835/78 

vn 1.13425e-32 -5.47204e-17 1
v 2254.39 306 8754.59
f 400/816/79 399/815/79 412/811/79 411/189/79 

v 2258.69 306 8750.29
vt 0.169168 0.169168
vn 7.56379e-18 1 6.13558e-17
vt -1.04225e-16 8.45454e-16
vt 35.808 8.45454e-16
f 413/836/80 412/837/80 399/838/80

vt 2.83175e-14 111.541
f 412/837/80 413/836/80 410/839/80

v 2258.69 306 5925.74
vt 0.169168 111.372
f 414/840/80 410/839/80 413/836/80

vt 48.5469 111.541
f 410/839/80 414/840/80 408/841/80

v 3483.18 306 5925.74
vt 48.3778 111.372
f 408/841/80 414/840/80 415/842/80

vt 0.169168 13.7795
v 2258.69 3.33955e-13 5925.74
vt 0.169168 1.73228
v 3483.18 3.2685e-13 5925.74
vt 48.3778 1.73228
vt 48.3778 13.7795
f 414/843/32 416/844/32 417/845/32 415/846/32 

v 2258.69 1.77636e-13 8750.29
vn 1 -7.56379e-18 2.55584e-16
vt 111.372 1.73228
vt 111.372 13.7795
f 418/844/81 416/847/81 414/848/81 413/843/81 

vn 9.28464e-18 1 5.46031e-17
v 3159.61 1.7053e-13 8750.29
vt 35.6388 0.169168
v 3159.61 1.98952e-13 8315.84
vt 35.6388 17.2738
v 9166.48 1.42109e-13 8315.84
vt 272.13 17.2738
v 9166.48 1.98952e-13 7265.56
vt 272.13 58.6232
v 3483.18 2.4869e-13 7265.56
vt 48.3778 58.6232
f 416/840/82 418/836/82 419/849/82 420/850/82 421/851/82 422/852/82 423/853/82 417/842/82 

vt -35.6388 1.73228
vn 5.69667e-34 6.13558e-17 -1
vt -0.169168 1.73228
vt -0.169168 13.7795
v 3159.61 306 8750.29
vt -35.6388 13.7795
f 419/854/83 418/855/83 413/856/83 424/857/83 

f 413/836/80 399/838/80 424/849/80

v 3159.61 306 8315.84
f 424/849/80 399/838/80 425/850/80

vt 35.808 17.1046
f 425/850/80 399/838/80 398/858/80

v 9166.48 306 8315.84
f 425/850/80 398/858/80 426/851/80

vt 272.496 17.1046
f 426/851/80 398/858/80 402/859/80

v 9166.48 306 7265.56
f 426/851/80 402/859/80 427/852/80

vt 272.496 58.7924
f 404/860/80 427/852/80 402/859/80

vt 48.5469 58.7924
f 406/861/80 427/852/80 404/860/80

v 3483.18 306 7265.56
f 406/861/80 428/853/80 427/852/80

f 428/853/80 406/861/80 415/842/80

f 408/841/80 415/842/80 406/861/80

vt -111.372 1.73228
vn -1 7.56379e-18 4.13006e-34
vt -58.6232 1.73228
vt -58.6232 13.7795
vt -111.372 13.7795
f 417/862/84 423/863/84 428/864/84 415/865/84 

vn -5.69667e-34 -6.13558e-17 1
vt 272.13 1.73228
vt 272.13 13.7795
f 423/845/85 422/866/85 427/867/85 428/846/85 

vt -17.2738 1.73228
vt -17.2738 13.7795
f 422/863/84 421/868/84 426/869/84 427/864/84 

vt -272.13 1.73228
vt -272.13 13.7795
f 421/870/83 420/854/83 425/857/83 426/871/83 

f 420/868/84 419/855/84 424/856/84 425/869/84 

vt -111.541 13.7795
vn -1 -8.5963e-16 -2.55193e-16
vt -111.541 9.76996e-15
f 410/872/86 409/873/86 411/189/86 412/811/86 

g Mesh13 Group13 Model

v 3441.08 269 6826.37
vt -13.8437 11.8687
vn -7.95792e-15 -1 2.03362e-15
v 3447.32 269 6826.81
vt -14.0895 11.8514
v 3444.2 269 6871.25
vt -13.9668 10.1016
v 3443.47 269 6863.63
vt -13.938 10.4017
v 3441.28 269 6857.09
vt -13.8517 10.659
v 3437.73 269 6851.98
vt -13.7118 10.8605
v 3432.92 269 6848.61
vt -13.5225 10.993
v 3436.6 269 6844.85
vt -13.6674 11.1412
v 3439.21 269 6840.06
vt -13.7704 11.3295
v 3440.78 269 6834.6
vt -13.832 11.5448
v 3441.3 269 6828.78
vt -13.8525 11.7739
f 429/874/87 430/875/87 431/876/87 432/877/87 433/878/87 434/879/87 435/880/87 436/881/87 437/882/87 438/883/87 439/884/87 

vt 9.02381 10.5906
vn 0.978117 1.00397e-18 -0.208055
v 3443.47 270 6863.63
vt 9.02381 10.6299
v 3444.2 270 6871.25
vt 8.72236 10.6299
vn 0.999918 6.8677e-14 -0.0127787
vt 8.72236 10.5906
f 432/885/88 440/886/88 441/887/89 431/888/89 

vt 5.70157 10.5906
vn 0.89377 1.73278e-18 -0.448525
v 3441.28 270 6857.09
vt 5.70157 10.6299
vt 5.43009 10.6299
vt 5.43009 10.5906
f 433/889/90 442/890/90 440/891/88 432/892/88 

vt 1.10523 10.5906
vn 0.70845 4.1447e-19 -0.705761
v 3437.73 270 6851.98
vt 1.10523 10.6299
vt 0.859951 10.6299
vt 0.859951 10.5906
f 434/893/91 443/894/91 442/895/90 433/896/90 

vt -4.77854 10.5906
vn 0.57324 -6.19988e-19 -0.819387
v 3432.92 270 6848.61
vt -4.77854 10.6299
vt -5.00961 10.6299
vt -5.00961 10.5906
f 435/897/92 444/898/92 443/899/91 434/900/91 

vt 17.5212 10.5906
vn 0.803665 -1.16774e-18 0.595082
v 3436.6 270 6844.85
vt 17.5212 10.6299
vt 17.314 10.6299
vn 0.714986 6.55159e-29 0.699139
vt 17.314 10.5906
f 436/901/93 445/902/93 444/903/94 435/904/94 

vt 16.5481 10.5906
vn 0.925089 -1.16399e-18 0.379749
v 3439.21 270 6840.06
vt 16.5481 10.6299
vt 16.3334 10.6299
vt 16.3334 10.5906
f 437/905/95 446/906/95 445/907/93 436/908/93 

vt 14.9026 10.5906
vn 0.983135 3.14999e-19 0.182883
v 3440.78 270 6834.6
vt 14.9026 10.6299
vt 14.6787 10.6299
vt 14.6787 10.5906
f 438/909/96 447/910/96 446/911/95 437/912/95 

vt 12.9628 10.5906
vn 0.999998 -5.27393e-15 -0.00179894
v 3441.3 270 6828.78
vt 12.9628 10.6299
vt 12.7327 10.6299
vt 12.7327 10.5906
f 439/913/97 448/914/97 447/915/96 438/916/96 

v 3440.71 269 6822.47
vt 10.6871 10.5906
vn 0.982271 -5.27648e-15 -0.187465
v 3440.71 270 6822.47
vt 10.6871 10.6299
vt 10.4377 10.6299
vt 10.4377 10.5906
vt 10.5328 10.5906
vn 0.995685 -1.05047e-14 -0.0927938
f 449/917/98 450/918/98 448/919/97 439/920/97 429/921/99 

v 3438.95 269 6816.43
vt 7.90933 10.5906
vn 0.924225 5.56015e-19 -0.381849
v 3438.95 270 6816.43
vt 7.90933 10.6299
vt 7.66179 10.6299
vt 7.66179 10.5906
f 451/922/100 452/923/100 450/924/98 449/925/98 

v 3436.15 269 6811.3
vt 4.40394 10.5906
vn 0.796699 -3.53353e-19 -0.604377
v 3436.15 270 6811.3
vt 4.40394 10.6299
vt 4.17369 10.6299
vt 4.17369 10.5906
f 453/926/101 454/927/101 452/928/100 451/929/100 

v 3432.45 269 6807.7
vt -0.880305 10.5906
vn 0.559404 -3.31265e-19 -0.828895
v 3432.45 270 6807.7
vt -0.880305 10.6299
vt -1.08365 10.6299
vt -1.08365 10.5906
f 455/930/102 456/931/102 454/932/101 453/933/101 

v 3427.62 269 6805.57
vt -7.06573 10.5906
vn 0.261569 5.69694e-19 -0.965185
v 3427.62 270 6805.57
vt -7.06573 10.6299
vt -7.27352 10.6299
vt -7.27352 10.5906
f 457/934/103 458/935/103 456/936/102 455/937/102 

v 3421.43 269 6804.86
vt -11.5368 10.5906
vn 0.0570443 -1.29721e-20 -0.998372
v 3421.43 270 6804.86
vt -11.5368 10.6299
vt -11.782 10.6299
vt -11.782 10.5906
f 459/938/104 460/939/104 458/940/103 457/941/103 

v 3398.94 269 6804.86
vt -12.1849 10.5906
v 3398.94 270 6804.86
vt -12.1849 10.6299
vt -13.0702 10.6299
vt -13.0702 10.5906
f 461/942/4 462/943/4 460/944/104 459/945/104 

v 3398.94 269 6898.36
vt -9.03438 10.5906
v 3398.94 270 6898.36
vt -9.03438 10.6299
vt -12.7156 10.6299
vt -12.7156 10.5906
f 463/946/5 464/947/5 462/948/5 461/949/5 

v 3421.8 269 6898.36
vt 13.0847 10.5906
vn 0.0369233 9.30014e-20 0.999318
v 3421.8 270 6898.36
vt 13.0847 10.6299
vt 12.1849 10.6299
vt 12.1849 10.5906
f 465/950/105 466/951/105 464/952/32 463/953/32 

v 3427.08 269 6897.97
vt 13.9241 10.5906
vn 0.16659 4.40332e-19 0.986026
v 3427.08 270 6897.97
vt 13.9241 10.6299
vt 13.7157 10.6299
vt 13.7157 10.5906
f 467/954/106 468/955/106 466/956/105 465/957/105 

v 3431.47 269 6896.8
vt 15.3558 10.5906
vn 0.367691 -2.5132e-19 0.929948
v 3431.47 270 6896.8
vt 15.3558 10.6299
vt 15.177 10.6299
vt 15.177 10.5906
f 469/958/107 470/959/107 468/960/106 467/961/106 

v 3435.08 269 6894.86
vt 16.3267 10.5906
vn 0.577408 -1.92339e-18 0.816456
v 3435.08 270 6894.86
vt 16.3267 10.6299
vt 16.1653 10.6299
vt 16.1653 10.5906
f 471/962/108 472/963/108 470/964/107 469/965/107 

v 3438.03 269 6892.17
vt 16.3931 10.5906
vn 0.762341 -2.01597e-18 0.647176
v 3438.03 270 6892.17
vt 16.3931 10.6299
vt 16.236 10.6299
vt 16.236 10.5906
f 473/966/109 474/967/109 472/968/108 471/969/108 

v 3440.44 269 6888.47
vt 15.4291 10.5906
vn 0.888283 -1.15686e-18 0.459296
v 3440.44 270 6888.47
vt 15.4291 10.6299
vt 15.2551 10.6299
vt 15.2551 10.5906
f 475/970/110 476/971/110 474/972/109 473/973/109 

v 3442.42 269 6883.47
vt 14.0752 10.5906
vn 0.955077 -4.66811e-19 0.296357
v 3442.42 270 6883.47
vt 14.0752 10.6299
vt 13.8634 10.6299
vt 13.8634 10.5906
f 477/974/111 478/975/111 476/976/110 475/977/110 

v 3443.76 269 6877.59
vt 12.6957 10.5906
vn 0.989269 6.86429e-14 0.146107
v 3443.76 270 6877.59
vt 12.6957 10.6299
vt 12.4584 10.6299
vt 12.4584 10.5906
f 479/978/112 480/979/112 478/980/111 477/981/111 

vt 11.0542 10.5906
vt 11.0542 10.6299
vt 10.804 10.6299
vt 10.804 10.5906
v 3443.98 269 6874.42
vt 10.9291 10.5906
vn 0.997549 1.36883e-13 0.069978
f 431/982/89 441/983/89 480/984/112 479/985/112 481/986/113 

v 3443.76 306 6877.59
vt -10.804 12.0472
vn -0.989269 4.09149e-30 -0.146107
v 3444.2 306 6871.25
vt -11.0542 12.0472
vn -0.999918 3.58292e-30 0.0127787
vt -11.0542 10.6299
vt -10.804 10.6299
f 482/987/114 483/988/115 441/989/115 480/990/114 

vt 13.9493 9.85204
vn 2.12498e-17 1 7.6017e-17
v 3470.32 306 7104.83
vt 14.9952 0.905512
vt 13.9668 10.1016
f 482/991/116 484/992/116 483/993/116

v 3442.42 306 6883.47
vt 13.8968 9.62071
f 485/994/116 484/992/116 482/991/116

v 3440.44 306 6888.47
vt 13.8185 9.4239
f 486/995/116 484/992/116 485/994/116

v 3438.03 306 6892.17
vt 13.7237 9.27795
f 487/996/116 484/992/116 486/995/116

v 3435.08 306 6894.86
vt 13.6076 9.17217
f 488/997/116 484/992/116 487/996/116

v 3431.47 306 6896.8
vt 13.4654 9.0959
f 489/998/116 484/992/116 488/997/116

v 3427.08 306 6897.97
vt 13.2925 9.04976
f 490/999/116 484/992/116 489/998/116

v 3421.8 306 6898.36
vt 13.0847 9.03438
f 491/1000/116 484/992/116 490/999/116

v 3398.94 306 6898.36
vt 12.1849 9.03438
f 492/1001/116 484/992/116 491/1000/116

v 3392.93 306 6898.36
vt 11.9483 9.03438
f 493/1002/116 484/992/116 492/1001/116

v 3383.9 306 6898.36
vt 11.5925 9.03438
f 494/1003/116 484/992/116 493/1002/116

v 3351.84 306 6870.04
vt 10.3306 10.1493
f 495/1004/116 484/992/116 494/1003/116

v 3345.26 306 6898.36
vt 10.0714 9.03438
f 496/1005/116 484/992/116 495/1004/116

v 3336.84 306 6898.36
vt 9.73981 9.03438
f 497/1006/116 484/992/116 496/1005/116

v 3333.98 306 6898.36
vt 9.62713 9.03438
f 498/1007/116 484/992/116 497/1006/116

v 3296.52 306 6898.36
vt 8.15269 9.03438
f 499/1008/116 484/992/116 498/1007/116

v 3282.17 306 6888.47
vt 7.5875 9.4239
f 500/1009/116 484/992/116 499/1008/116

v 3279.89 306 6891.98
vt 7.4976 9.28545
f 501/1010/116 484/992/116 500/1009/116

v 3279.89 306 7104.83
vt 7.4976 0.905512
f 501/1010/116 502/1011/116 484/992/116

v 3279.89 306 7127.83
vt 7.4976 9.15795e-16
f 501/1010/116 503/1012/116 502/1011/116

v 3279.76 306 6892.17
vt 7.49273 9.27795
f 504/1013/116 503/1012/116 501/1010/116

v 3276.81 306 6894.86
vt 7.37663 9.17217
f 505/1014/116 503/1012/116 504/1013/116

v 3273.2 306 6896.8
vt 7.23438 9.0959
f 506/1015/116 503/1012/116 505/1014/116

v 3268.81 306 6897.97
vt 7.06154 9.04976
f 507/1016/116 503/1012/116 506/1015/116

v 3263.53 306 6898.36
vt 6.85369 9.03438
f 508/1017/116 503/1012/116 507/1016/116

v 3240.68 306 6898.36
vt 5.95389 9.03438
f 509/1018/116 503/1012/116 508/1017/116

v 3234.67 306 6898.36
vt 5.71728 9.03438
f 510/1019/116 503/1012/116 509/1018/116

v 3225.63 306 6898.36
vt 5.36154 9.03438
f 511/1020/116 503/1012/116 510/1019/116

v 3218.64 306 6870.04
vt 5.08629 10.1493
f 512/1021/116 503/1012/116 511/1020/116

v 3193.58 306 6870.04
vt 4.09957 10.1493
f 513/1022/116 503/1012/116 512/1021/116

v 3186.99 306 6898.36
vt 3.84041 9.03438
f 514/1023/116 503/1012/116 513/1022/116

v 3178.57 306 6898.36
vt 3.50882 9.03438
f 515/1024/116 503/1012/116 514/1023/116

v 3142.35 306 6855.88
vt 2.08267 10.7067
f 516/1025/116 503/1012/116 515/1024/116

v 3142.35 306 6898.36
vt 2.08267 9.03438
f 517/1026/116 503/1012/116 516/1025/116

v 3134.41 306 6898.36
vt 1.77039 9.03438
f 518/1027/116 503/1012/116 517/1026/116

v 3089.45 306 7127.83
vt -2.56002e-16 9.15795e-16
f 518/1027/116 519/1028/116 503/1012/116

v 3089.45 306 6620.76
vt -2.56002e-16 19.9636
f 519/1028/116 518/1027/116 520/1029/116

v 3134.41 306 6804.86
vt 1.77039 12.7156
f 521/1030/116 520/1029/116 518/1027/116

v 3470.32 306 6620.76
vt 14.9952 19.9636
f 520/1029/116 521/1030/116 522/1031/116

v 3174.85 306 6804.86
vt 3.36235 12.7156
f 522/1031/116 521/1030/116 523/1032/116

vt 3.36235 12.0472
vt 1.77039 12.0472
v 3134.41 270 6804.86
vt 1.77039 10.6299
v 3174.85 270 6804.86
vt 3.36235 10.6299
f 523/1033/32 521/1034/32 524/1035/32 525/1036/32 

vt 12.7156 12.0472
vt 9.03438 12.0472
v 3134.41 270 6898.36
vt 9.03438 10.6299
vt 12.7156 10.6299
f 521/1037/3 518/1038/3 526/1039/3 524/1040/3 

vt -1.77039 12.0472
vt -2.08267 12.0472
v 3142.35 270 6898.36
vt -2.08267 10.6299
vt -1.77039 10.6299
f 518/1041/4 517/1042/4 527/1043/4 526/1044/4 

vt -9.03438 12.0472
vt -10.7067 12.0472
v 3142.35 270 6855.88
vt -10.7067 10.6299
f 517/1045/5 516/1046/5 528/1047/5 527/947/5 

v 3170.48 306 6855.88
vt -3.19011 12.0472
v 3170.48 270 6855.88
vt -3.19011 10.6299
v 3170.48 269 6855.88
vt -3.19011 10.5906
v 3142.35 269 6855.88
vt -2.08267 10.5906
f 529/1048/4 530/1049/4 531/1050/4 532/1051/4 528/1043/4 516/1042/4 

v 3170.48 306 6844.85
vt -11.1412 12.0472
v 3170.48 270 6844.85
vt -11.1412 10.6299
f 529/1046/5 533/1052/5 534/1053/5 530/1047/5 

vt 3.19011 10.7067
vt 3.19011 11.1412
f 529/1054/116 515/1024/116 533/1055/116

f 516/1025/116 515/1024/116 529/1054/116

v 3174.85 306 6815.89
vt 3.36235 12.2812
f 533/1055/116 515/1024/116 535/1056/116

f 535/1056/116 515/1024/116 523/1032/116

v 3201.59 306 6804.86
vt 4.41506 12.7156
f 536/1057/116 523/1032/116 515/1024/116

f 522/1031/116 523/1032/116 536/1057/116

v 3210.13 306 6804.86
vt 4.75148 12.7156
f 522/1031/116 536/1057/116 537/1058/116

vt 4.75148 12.0472
vt 4.41506 12.0472
v 3201.59 270 6804.86
vt 4.41506 10.6299
v 3210.13 270 6804.86
vt 4.75148 10.6299
f 537/1059/32 536/1060/32 538/1061/32 539/1062/32 

vt 13.4023 12.0472
vn 0.971009 -2.44043e-29 0.239041
vt 9.61122 12.0472
v 3178.57 270 6898.36
vt 9.61122 10.6299
vt 13.4023 10.6299
f 536/1063/117 515/1064/117 540/1065/117 538/1066/117 

vt -3.50882 12.0472
vt -3.84041 12.0472
v 3186.99 270 6898.36
vt -3.84041 10.6299
vt -3.50882 10.6299
f 515/1067/4 514/1068/4 541/1069/4 540/1070/4 

vt -9.66928 12.0472
vn -0.974033 6.72909e-18 -0.226408
vt -10.8139 12.0472
v 3193.58 270 6870.04
vt -10.8139 10.6299
vt -9.66928 10.6299
f 514/1071/118 513/1072/118 542/1073/118 541/1074/118 

vt -4.09957 12.0472
vt -5.08629 12.0472
v 3218.64 270 6870.04
vt -5.08629 10.6299
vt -4.09957 10.6299
f 513/1075/4 512/1076/4 543/1077/4 542/1078/4 

vt 8.63434 12.0472
vn 0.970851 0 -0.239685
vt 7.48595 12.0472
v 3225.63 270 6898.36
vt 7.48595 10.6299
vt 8.63434 10.6299
f 512/1079/119 511/1080/119 544/1081/119 543/1082/119 

vt -5.36154 12.0472
vt -5.71728 12.0472
v 3234.67 270 6898.36
vt -5.71728 10.6299
vt -5.36154 10.6299
f 511/1083/4 510/1084/4 545/1085/4 544/1086/4 

vt -7.28777 12.0472
vn -0.967265 -2.43102e-29 0.253769
vt -11.0936 12.0472
vt -11.0936 10.6299
vt -7.28777 10.6299
f 510/1087/120 537/1088/120 539/1089/120 545/1090/120 

v 3240.68 306 6804.86
vt 5.95389 12.7156
f 546/1091/116 537/1058/116 510/1019/116

f 522/1031/116 537/1058/116 546/1091/116

v 3263.16 306 6804.86
vt 6.83921 12.7156
f 522/1031/116 546/1091/116 547/1092/116

vt 6.83921 12.0472
vn -0.0570443 0 0.998372
vt 5.95389 12.0472
v 3240.68 270 6804.86
vt 5.95389 10.6299
v 3263.16 270 6804.86
vt 6.83921 10.6299
f 547/1093/121 546/1094/32 548/1095/32 549/1096/121 

v 3240.68 270 6898.36
f 546/1037/3 509/1038/3 550/1039/3 548/1040/3 

f 546/1091/116 510/1019/116 509/1018/116

vt -5.95389 12.0472
vt -6.85369 12.0472
vn -0.0369233 0 -0.999318
v 3263.53 270 6898.36
vt -6.85369 10.6299
vt -5.95389 10.6299
f 509/1097/4 508/1098/122 551/1099/122 550/1100/4 

vt -7.50171 12.0472
vt -7.71012 12.0472
vn -0.16659 0 -0.986026
v 3268.81 270 6897.97
vt -7.71012 10.6299
vt -7.50171 10.6299
f 508/1101/122 507/1102/123 552/1103/123 551/1104/122 

vt -9.1568 12.0472
vt -9.33569 12.0472
vn -0.367691 0 -0.929948
v 3273.2 270 6896.8
vt -9.33569 10.6299
vt -9.1568 10.6299
f 507/1105/123 506/1106/124 553/1107/124 552/1108/123 

vt -10.6739 12.0472
vt -10.8353 12.0472
vn -0.577408 0 -0.816456
v 3276.81 270 6894.86
vt -10.8353 10.6299
vt -10.6739 10.6299
f 506/1109/124 505/1110/125 554/1111/125 553/1112/124 

vt -11.6302 12.0472
vt -11.7872 12.0472
vn -0.762341 -1.30659e-16 -0.647176
v 3279.76 270 6892.17
vt -11.7872 10.6299
vt -11.6302 10.6299
f 505/1113/125 504/1114/126 555/1115/126 554/1116/125 

vt -11.8619 12.0472
vt -11.8708 12.0472
vn -0.838713 -2.59179e-16 -0.544574
vt -12.0359 12.0472
vn -0.888283 -1.30223e-16 -0.459296
v 3282.17 270 6888.47
vt -12.0359 10.6299
vt -11.8619 10.6299
f 504/1117/126 501/1118/127 500/1119/128 556/1120/128 555/1121/126 

vt -11.5607 12.0472
v 3284.16 306 6883.47
vt -11.7725 12.0472
vn -0.955077 0 -0.296357
v 3284.16 270 6883.47
vt -11.7725 10.6299
vt -11.5607 10.6299
f 500/1122/128 557/1123/129 558/1124/129 556/1125/128 

vt 7.66577 9.62071
f 500/1009/116 499/1008/116 557/1126/116

v 3285.49 306 6877.59
vt 7.71828 9.85204
f 557/1126/116 499/1008/116 559/1127/116

v 3285.94 306 6871.25
vt 7.73579 10.1016
f 559/1127/116 499/1008/116 560/1128/116

v 3296.52 306 6804.86
vt 8.15269 12.7156
f 561/1129/116 560/1128/116 499/1008/116

v 3285.2 306 6863.63
vt 7.70701 10.4017
f 561/1129/116 562/1130/116 560/1128/116

v 3283.03 306 6828.78
vt 7.6215 11.7739
f 561/1129/116 563/1131/116 562/1130/116

v 3282.44 306 6822.47
vt 7.59836 12.0222
f 561/1129/116 564/1132/116 563/1131/116

v 3280.68 306 6816.43
vt 7.52895 12.2598
f 561/1129/116 565/1133/116 564/1132/116

f 522/1031/116 565/1133/116 561/1129/116

v 3279.89 306 6814.97
vt 7.4976 12.3173
f 522/1031/116 566/1134/116 565/1133/116

v 3277.88 306 6811.3
vt 7.41868 12.462
f 522/1031/116 567/1135/116 566/1134/116

v 3274.18 306 6807.7
vt 7.27301 12.6039
f 522/1031/116 568/1136/116 567/1135/116

v 3269.35 306 6805.57
vt 7.08287 12.6877
f 522/1031/116 569/1137/116 568/1136/116

f 522/1031/116 547/1092/116 569/1137/116

vt 5.59161 12.0472
vn -0.261569 0 0.965185
vt 5.34635 12.0472
vt 5.34635 10.6299
v 3269.35 270 6805.57
vt 5.59161 10.6299
f 569/1138/130 547/1139/121 549/1140/121 570/1141/130 

v 3266.1 270 6816.22
vt 6.9547 12.2683
f 549/1092/35 571/1142/35 570/1137/35

v 3260.59 270 6815.89
vt 6.7378 12.2812
f 549/1092/35 572/1143/35 571/1142/35

v 3248.61 270 6815.89
vt 6.26617 12.2812
f 549/1092/35 573/1144/35 572/1143/35

f 548/1091/35 573/1144/35 549/1092/35

v 3248.61 270 6887.33
vt 6.26617 9.46879
f 573/1144/35 548/1091/35 574/1145/35

f 550/1018/35 574/1145/35 548/1091/35

f 574/1145/35 550/1018/35 551/1017/35

v 3263.53 269 6898.36
vt 6.85369 10.5906
vn 0.0369233 -1.44509e-20 0.999318
vt 6.85369 10.6299
v 3240.68 269 6898.36
vt 5.95389 10.5906
f 575/1146/131 551/1147/131 550/1095/32 576/1148/32 

v 3268.81 269 6897.97
vt 7.71012 10.5906
vn 0.16659 -3.20032e-19 0.986026
vt 7.71012 10.6299
vt 7.50171 10.6299
vt 7.50171 10.5906
f 577/1149/132 552/1150/132 551/1151/131 575/1152/131 

v 3273.2 269 6896.8
vt 9.33569 10.5906
vn 0.367691 2.92874e-19 0.929948
vt 9.33569 10.6299
vt 9.1568 10.6299
vt 9.1568 10.5906
f 578/1153/133 553/1154/133 552/1155/132 577/1156/132 

v 3276.81 269 6894.86
vt 10.8353 10.5906
vn 0.577408 5.9967e-19 0.816456
vt 10.8353 10.6299
vt 10.6739 10.6299
vt 10.6739 10.5906
f 579/1157/134 554/1158/134 553/1159/133 578/1160/133 

v 3279.76 269 6892.17
vt 11.7872 10.5906
vn 0.762341 -4.09755e-29 0.647176
vt 11.7872 10.6299
vt 11.6302 10.6299
vt 11.6302 10.5906
f 580/1161/135 555/1162/135 554/1163/134 579/1164/134 

v 3282.17 269 6888.47
vt 12.0359 10.5906
vn 0.888283 4.6768e-19 0.459296
vt 12.0359 10.6299
vt 11.8619 10.6299
vt 11.8619 10.5906
f 581/1165/136 556/1166/136 555/1167/135 580/1168/135 

v 3284.16 269 6883.47
vt 11.7725 10.5906
vn 0.955077 -1.20795e-19 0.296357
vt 11.7725 10.6299
vt 11.5607 10.6299
vt 11.5607 10.5906
f 582/1169/137 558/1170/137 556/1171/136 581/1172/136 

v 3285.49 269 6877.59
vt 11.3163 10.5906
vn 0.989269 -6.06837e-19 0.146107
v 3285.49 270 6877.59
vt 11.3163 10.6299
vt 11.079 10.6299
vt 11.079 10.5906
f 583/1173/138 584/1174/138 558/1175/137 582/1176/137 

v 3285.94 269 6871.25
vt 10.6181 10.5906
vn 0.999918 3.79194e-19 -0.0127787
v 3285.94 270 6871.25
vt 10.6181 10.6299
vt 10.368 10.6299
vt 10.368 10.5906
f 585/1177/139 586/1178/139 584/1179/138 583/1180/138 

v 3285.2 269 6863.63
vt 9.61854 10.5906
vn 0.978117 -2.96567e-15 -0.208055
v 3285.2 270 6863.63
vt 9.61854 10.6299
vt 9.31709 10.6299
vt 9.31709 10.5906
f 587/1181/140 588/1182/140 586/1183/139 585/1184/139 

v 3283.01 269 6857.09
vt 7.68278 10.5906
vn 0.89377 -2.97731e-15 -0.448525
v 3283.01 270 6857.09
vt 7.68278 10.6299
vt 7.41131 10.6299
vt 7.41131 10.5906
v 3285.09 269 6863.28
vt 7.42607 10.5906
vn 0.948104 -5.89364e-15 -0.317962
f 589/1185/141 590/1186/141 588/1187/140 587/1188/140 591/1189/142 

v 3279.46 269 6851.98
vt 4.65764 10.5906
vn 0.70845 3.99305e-21 -0.705761
v 3279.46 270 6851.98
vt 4.65764 10.6299
vt 4.41236 10.6299
vt 4.41236 10.5906
f 592/1190/143 593/1191/143 590/1192/141 589/1193/141 

v 3274.65 269 6848.61
vt 0.327054 10.5906
vn 0.57324 1.44386e-18 -0.819387
v 3274.65 270 6848.61
vt 0.327054 10.6299
vt 0.095984 10.6299
vt 0.095984 10.5906
f 594/1194/144 595/1195/144 593/1196/143 592/1197/143 

v 3278.33 269 6844.85
vt 13.1648 10.5906
vn 0.803665 -1.87031e-18 0.595082
v 3278.33 270 6844.85
vt 13.1648 10.6299
vt 12.9576 10.6299
vn 0.714986 -3.60177e-18 0.699139
vt 12.9576 10.5906
f 596/1198/145 597/1199/145 595/1200/146 594/1201/146 

v 3280.95 269 6840.06
vt 13.5578 10.5906
vn 0.925089 -5.22608e-20 0.379749
v 3280.95 270 6840.06
vt 13.5578 10.6299
vt 13.3431 10.6299
vt 13.3431 10.5906
f 598/1202/147 599/1203/147 597/1204/145 596/1205/145 

v 3282.51 269 6834.6
vt 13.1896 10.5906
vn 0.983135 4.46442e-20 0.182883
v 3282.51 270 6834.6
vt 13.1896 10.6299
vt 12.9657 10.6299
vt 12.9657 10.5906
f 600/1206/148 601/1207/148 599/1208/147 598/1209/147 

v 3283.03 269 6828.78
vt 12.4069 10.5906
vn 0.999998 2.42074e-19 -0.00179894
v 3283.03 270 6828.78
vt 12.4069 10.6299
vt 12.1769 10.6299
vt 12.1769 10.5906
f 602/1210/149 603/1211/149 601/1212/148 600/1213/148 

v 3282.44 269 6822.47
vt 11.2653 10.5906
vn 0.982271 8.04731e-19 -0.187465
v 3282.44 270 6822.47
vt 11.2653 10.6299
vt 11.0159 10.6299
vt 11.0159 10.5906
f 604/1214/150 605/1215/150 603/1216/149 602/1217/149 

v 3280.68 269 6816.43
vt 9.65664 10.5906
vn 0.924225 3.86666e-14 -0.381849
v 3280.68 270 6816.43
vt 9.65664 10.6299
vt 9.4091 10.6299
vt 9.4091 10.5906
f 606/1218/151 607/1219/151 605/1220/150 604/1221/150 

v 3277.88 269 6811.3
vt 7.38773 10.5906
vn 0.796699 3.88769e-14 -0.604377
v 3277.88 270 6811.3
vt 7.38773 10.6299
vt 7.15747 10.6299
vt 7.15747 10.5906
v 3279.94 269 6815.07
vt 7.21882 10.5906
vn 0.87789 7.68851e-14 -0.478862
f 608/1222/152 609/1223/152 607/1224/151 606/1225/151 610/1226/153 

v 3274.18 269 6807.7
vt 3.58348 10.5906
vn 0.559404 -1.71107e-18 -0.828895
v 3274.18 270 6807.7
vt 3.58348 10.6299
vt 3.38014 10.6299
vt 3.38014 10.5906
f 611/1227/154 612/1228/154 609/1229/152 608/1230/152 

v 3269.35 269 6805.57
vt -1.36401 10.5906
vn 0.261569 -1.83752e-18 -0.965185
vt -1.36401 10.6299
vt -1.5718 10.6299
vt -1.5718 10.5906
f 613/1231/155 570/1232/155 612/1233/154 611/1234/154 

v 3263.16 269 6804.86
vt -5.34635 10.5906
vn 0.0570443 -1.56654e-19 -0.998372
vt -5.34635 10.6299
vt -5.59161 10.6299
vt -5.59161 10.5906
f 614/1235/156 549/1236/156 570/1237/155 613/1238/155 

v 3240.68 269 6804.86
vt -5.95389 10.5906
vt -6.83921 10.6299
vt -6.83921 10.5906
f 615/1239/4 548/1100/4 549/1240/156 614/1241/156 

f 576/946/5 550/947/5 548/948/5 615/949/5 

vt -5.95389 12.7156
vn 8.75474e-17 -1 8.29663e-17
v 3248.61 269 6815.89
vt -6.26617 12.2812
vt -5.95389 9.03438
f 615/1242/157 616/1243/157 576/1244/157

vt -6.83921 12.7156
f 616/1243/157 615/1242/157 614/1245/157

v 3260.59 269 6815.89
vt -6.7378 12.2812
f 616/1243/157 614/1245/157 617/1246/157

v 3266.1 269 6816.22
vt -6.9547 12.2683
f 617/1246/157 614/1245/157 618/1247/157

vt -7.08287 12.6877
f 618/1247/157 614/1245/157 613/1248/157

v 3269.7 269 6817.2
vt -7.09675 12.2297
f 618/1247/157 613/1248/157 619/1249/157

vt -7.27301 12.6039
f 619/1249/157 613/1248/157 611/1250/157

v 3272.05 269 6819.06
vt -7.18931 12.1563
f 619/1249/157 611/1250/157 620/1251/157

v 3273.79 269 6822.05
vt -7.25772 12.0389
f 620/1251/157 611/1250/157 621/1252/157

v 3274.87 269 6825.87
vt -7.29997 11.8885
f 621/1252/157 611/1250/157 622/1253/157

vt -7.41868 12.462
f 622/1253/157 611/1250/157 608/1254/157

v 3275.22 269 6830.24
vt -7.31406 11.7162
f 622/1253/157 608/1254/157 623/1255/157

vt -7.43639 11.1412
f 596/1256/157 623/1255/157 608/1254/157

v 3274.84 269 6834.74
vt -7.29897 11.5392
f 596/1256/157 624/1257/157 623/1255/157

vt -7.29152 10.993
f 594/1258/157 624/1257/157 596/1256/157

v 3273.95 269 6858.88
vt -7.26396 10.5887
f 625/1259/157 624/1257/157 594/1258/157

v 3273.69 269 6838.41
vt -7.25369 11.3948
f 625/1259/157 626/1260/157 624/1257/157

v 3271.78 269 6841.2
vt -7.17864 11.2849
f 625/1259/157 627/1261/157 626/1260/157

v 3271.24 269 6856.74
vt -7.15711 10.6728
f 628/1262/157 627/1261/157 625/1259/157

v 3269.13 269 6843.06
vt -7.07422 11.2115
f 628/1262/157 629/1263/157 627/1261/157

v 3267.52 269 6855.57
vt -7.01084 10.719
f 630/1264/157 629/1263/157 628/1262/157

v 3266.1 269 6843.88
vt -6.9547 11.1795
f 630/1264/157 631/1265/157 629/1263/157

v 3262.47 269 6855.18
vt -6.81184 10.7344
f 632/1266/157 631/1265/157 630/1264/157

v 3261.57 269 6844.15
vt -6.77643 11.1688
f 632/1266/157 633/1267/157 631/1265/157

v 3248.61 269 6855.18
vt -6.26617 10.7344
f 634/1268/157 633/1267/157 632/1266/157

v 3248.61 269 6844.15
vt -6.26617 11.1688
f 633/1267/157 634/1268/157 635/1269/157

v 3248.61 269 6887.33
vt -6.26617 9.46879
f 636/1270/157 635/1269/157 634/1268/157

f 636/1270/157 616/1243/157 635/1269/157

f 636/1270/157 576/1244/157 616/1243/157

vt -6.85369 9.03438
f 576/1244/157 636/1270/157 575/1271/157

v 3263.53 269 6887.33
vt -6.85369 9.46879
f 575/1271/157 636/1270/157 637/1272/157

v 3263.53 270 6887.33
vn -0.0412579 0 -0.999149
vt -6.85369 10.5906
vt -6.26617 10.5906
vt -6.26617 10.6299
f 638/1099/158 637/1273/158 636/1274/4 574/1275/4 

v 3268.93 270 6886.88
vt -7.82422 10.6299
vn -0.23191 0 -0.972737
v 3268.93 269 6886.88
vt -7.82422 10.5906
vt -7.61102 10.5906
vt -7.61102 10.6299
f 639/1276/159 640/1277/159 637/1278/158 638/1279/158 

v 3271.44 270 6885.86
vt -10.2218 10.6299
vn -0.489707 0 -0.871887
v 3271.44 269 6885.86
vt -10.2218 10.5906
vt -10.1149 10.5906
vt -10.1149 10.6299
f 641/1280/160 642/1281/160 640/1282/159 639/1283/159 

v 3273.51 270 6884.33
vt -11.5307 10.6299
vn -0.701857 0 -0.712318
v 3273.51 269 6884.33
vt -11.5307 10.5906
vt -11.4295 10.5906
vt -11.4295 10.6299
f 643/1284/161 644/1285/161 642/1286/160 641/1287/160 

v 3275.18 270 6882.14
vt -12.1259 10.6299
vn -0.859071 0 -0.511856
v 3275.18 269 6882.14
vt -12.1259 10.5906
vt -12.0172 10.5906
vt -12.0172 10.6299
f 645/1288/162 646/1289/162 644/1290/161 643/1291/161 

v 3276.53 270 6879.13
vt -11.9491 10.6299
vn -0.946153 0 -0.323719
v 3276.53 269 6879.13
vt -11.9491 10.5906
vt -11.8194 10.5906
vt -11.8194 10.6299
f 647/1292/163 648/1293/163 646/1294/162 645/1295/162 

v 3277.42 270 6875.46
vt -11.3979 10.6299
vn -0.988179 0 -0.153303
v 3277.42 269 6875.46
vt -11.3979 10.5906
vt -11.249 10.5906
vt -11.249 10.6299
f 649/1296/164 650/1297/164 648/1298/163 647/1299/163 

v 3277.72 270 6871.25
vt -10.5982 10.6299
vn -0.999963 0 0.00859134
v 3277.72 269 6871.25
vt -10.5982 10.5906
vt -10.4323 10.5906
vt -10.4323 10.6299
f 651/1300/165 652/1301/165 650/1302/164 649/1303/164 

v 3277.29 270 6866.37
vt -9.60739 10.6299
vn -0.981524 4.32389e-14 0.191337
v 3277.29 269 6866.37
vt -9.60739 10.5906
vt -9.41423 10.5906
vt -9.41423 10.6299
f 653/1304/166 654/1305/166 652/1306/165 651/1307/165 

v 3276 270 6862.16
vt -7.84769 10.6299
vn -0.909954 4.33682e-14 0.41471
v 3276 269 6862.16
vt -7.84769 10.5906
v 3276.15 269 6862.65
vt -7.82774 10.5906
vn -0.956092 8.60024e-14 0.293066
vt -7.67468 10.5906
vt -7.67468 10.6299
f 655/1308/167 656/1309/167 657/1310/168 654/1311/166 653/1312/166 

v 3273.95 270 6858.88
vt -5.13855 10.6299
vn -0.744629 0 0.667479
vt -5.13855 10.5906
vt -4.98613 10.5906
vt -4.98613 10.6299
f 658/1313/169 625/1314/169 656/1315/167 655/1316/167 

v 3271.24 270 6856.74
vt -0.97905 10.6299
vn -0.467328 0 0.884084
vt -0.97905 10.5906
vt -0.843068 10.5906
vt -0.843068 10.6299
f 659/1317/170 628/1318/170 625/1319/169 658/1320/169 

v 3267.52 270 6855.57
vt 3.46158 10.6299
vn -0.19018 0 0.981749
vt 3.46158 10.5906
vt 3.61497 10.5906
vt 3.61497 10.6299
f 660/1321/171 630/1322/171 628/1323/170 659/1324/170 

v 3262.47 270 6855.18
vt 5.96439 10.6299
vn -0.0385589 0 0.999256
vt 5.96439 10.5906
vt 6.16398 10.5906
vt 6.16398 10.6299
f 661/1325/172 632/1326/172 630/1327/171 660/1328/171 

v 3248.61 270 6855.18
vt 6.26617 10.6299
vt 6.26617 10.5906
vt 6.81184 10.5906
vt 6.81184 10.6299
f 662/1329/32 634/1330/32 632/1331/172 661/1332/172 

vt 9.46879 10.6299
vt 9.46879 10.5906
vt 10.7344 10.5906
vt 10.7344 10.6299
f 574/1333/3 636/1334/3 634/1335/3 662/1336/3 

vn 1 -1.86914e-16 -0
v 3248.61 255 6887.33
vt 9.46879 10.0394
v 3248.61 255 6855.18
vt 10.7344 10.0394
f 634/1335/173 636/1334/173 663/1337/173 664/1338/173 

vn 0 -1.47275e-16 -1
vn -0.0412579 -1.39438e-16 -0.999149
v 3263.53 255 6887.33
vt -6.85369 10.0394
vt -6.26617 10.0394
f 636/1274/174 637/1273/175 665/1339/175 663/1340/174 

vn -0.23191 -9.99128e-17 -0.972737
v 3268.93 255 6886.88
vt -7.82422 10.0394
vt -7.61102 10.0394
f 637/1278/175 640/1277/176 666/1341/176 665/1342/175 

vt -7.06617 9.48637
f 575/1271/157 637/1272/157 640/1343/157

vt -7.06154 9.04976
f 575/1271/157 640/1343/157 577/1344/157

vt -7.23438 9.0959
f 577/1344/157 640/1343/157 578/1345/157

vt -7.16516 9.52654
f 578/1345/157 640/1343/157 642/1346/157

vn -0.489707 -3.68742e-17 -0.871887
v 3271.44 255 6885.86
vt -10.2218 10.0394
vt -10.1149 10.0394
f 640/1282/176 642/1281/177 667/1347/177 666/1348/176 

vn -0.701857 2.628e-17 -0.712318
v 3273.51 255 6884.33
vt -11.5307 10.0394
vt -11.4295 10.0394
f 642/1286/177 644/1285/178 668/1349/178 667/1350/177 

vt -7.24645 9.58681
f 578/1345/157 642/1346/157 644/1351/157

vt -7.37663 9.17217
f 578/1345/157 644/1351/157 579/1352/157

vt -7.31245 9.67313
f 579/1352/157 644/1351/157 646/1353/157

vn -0.859071 8.51885e-17 -0.511856
v 3275.18 255 6882.14
vt -12.1259 10.0394
vt -12.0172 10.0394
f 644/1290/178 646/1289/179 669/1354/179 668/1355/178 

vn -0.946153 1.29173e-16 -0.323719
v 3276.53 255 6879.13
vt -11.9491 10.0394
vt -11.8194 10.0394
f 646/1294/179 648/1293/180 670/1356/180 669/1357/179 

vt -7.36556 9.79146
f 579/1352/157 646/1353/157 648/1358/157

vt -7.40058 9.93616
f 579/1352/157 648/1358/157 650/1359/157

vn -0.971956 1.47038e-16 -0.235164
v 3277.42 255 6875.46
vt -11.3979 10.0394
vt -11.249 10.0394
f 648/1298/180 650/1297/181 671/1360/181 670/1361/180 

vn -0.997521 1.76086e-16 -0.0703744
vn -0.999963 1.88172e-16 0.00859134
v 3277.72 255 6871.25
vt -10.5982 10.0394
vt -10.4323 10.0394
f 650/1302/182 652/1301/183 672/1362/183 671/1363/182 

vt -7.49273 9.27795
vt -7.41225 10.1016
f 580/1364/157 650/1359/157 652/1365/157

f 579/1352/157 650/1359/157 580/1364/157

vt -7.48086 10.8605
f 580/1364/157 652/1365/157 592/1366/157

vt -7.39534 10.294
f 654/1367/157 592/1366/157 652/1365/157

vt -7.35049 10.4403
f 657/1368/157 592/1366/157 654/1367/157

vt -7.34464 10.4594
f 656/1369/157 592/1366/157 657/1368/157

f 656/1369/157 594/1258/157 592/1366/157

f 594/1258/157 656/1369/157 625/1259/157

vn -0.909954 2.31159e-16 0.41471
vn -0.744629 2.37485e-16 0.667479
v 3273.95 255 6858.88
vt -5.13855 10.0394
v 3276 255 6862.16
vt -4.98613 10.0394
f 656/1315/184 625/1314/185 673/1370/185 674/1371/184 

vn -0.467328 2.17554e-16 0.884084
v 3271.24 255 6856.74
vt -0.97905 10.0394
vt -0.843068 10.0394
f 625/1319/185 628/1318/186 675/1372/186 673/1373/185 

vn -0.19018 1.80135e-16 0.981749
v 3267.52 255 6855.57
vt 3.46158 10.0394
vt 3.61497 10.0394
f 628/1323/186 630/1322/187 676/1374/187 675/1375/186 

vn -0.0385589 1.54373e-16 0.999256
v 3262.47 255 6855.18
vt 5.96439 10.0394
vt 6.16398 10.0394
f 630/1327/187 632/1326/188 677/1376/188 676/1377/187 

vn 0 1.47275e-16 1
vt 6.26617 10.0394
vt 6.81184 10.0394
f 632/1331/188 634/1330/189 664/1378/189 677/1379/188 

vt 7.40058 9.93616
vn 1.86914e-16 1 -1.47275e-16
vt 7.41225 10.1016
v 3277.29 255 6866.37
vt 7.39534 10.294
v 3276.15 255 6862.65
vt 7.35049 10.4403
vt 7.34464 10.4594
vt 7.26396 10.5887
vt 7.15711 10.6728
vt 7.01084 10.719
vt 6.81184 10.7344
vt 6.26617 10.7344
vt 6.85369 9.46879
vt 7.06617 9.48637
vt 7.16516 9.52654
vt 7.24645 9.58681
vt 7.31245 9.67313
vt 7.36556 9.79146
f 671/1380/190 672/1381/190 678/1382/190 679/1383/190 674/1384/190 673/1385/190 675/1386/190 676/1387/190 677/1388/190 664/1389/190 663/1145/190 665/1390/190 666/1391/190 667/1392/190 668/1393/190 669/1394/190 670/1395/190 

vn -0.981524 2.1164e-16 0.191337
vt -9.60739 10.0394
vt -9.41423 10.0394
f 652/1306/183 654/1305/191 678/1396/191 672/1397/183 

vn -0.956092 2.21868e-16 0.293066
vt -7.82774 10.0394
vt -7.67468 10.0394
f 654/1311/191 657/1310/192 679/1398/192 678/1399/191 

vt -7.84769 10.0394
f 657/1310/192 656/1309/184 674/1400/184 679/1398/192 

vt -7.6207 10.659
f 580/1364/157 592/1366/157 589/1401/157

vt -7.5875 9.4239
f 580/1364/157 589/1401/157 581/1402/157

vt -7.66577 9.62071
f 581/1402/157 589/1401/157 582/1403/157

vt -7.70232 10.4156
f 582/1403/157 589/1401/157 591/1404/157

vt -7.71828 9.85204
f 582/1403/157 591/1404/157 583/1405/157

vt -7.70701 10.4017
f 583/1405/157 591/1404/157 587/1406/157

vt -7.73579 10.1016
f 583/1405/157 587/1406/157 585/1407/157

f 573/1144/35 574/1145/35 662/1389/35

v 3248.61 270 6844.15
vt 6.26617 11.1688
f 573/1144/35 662/1389/35 680/1408/35

f 661/1388/35 680/1408/35 662/1389/35

v 3261.57 270 6844.15
vt 6.77643 11.1688
f 680/1408/35 661/1388/35 681/1409/35

v 3266.1 270 6843.88
vt 6.9547 11.1795
f 681/1409/35 661/1388/35 682/1410/35

f 682/1410/35 661/1388/35 660/1387/35

v 3269.13 270 6843.06
vt 7.07422 11.2115
f 682/1410/35 660/1387/35 683/1411/35

f 683/1411/35 660/1387/35 659/1386/35

v 3271.78 270 6841.2
vt 7.17864 11.2849
f 683/1411/35 659/1386/35 684/1412/35

f 684/1412/35 659/1386/35 658/1385/35

v 3273.69 270 6838.41
vt 7.25369 11.3948
f 684/1412/35 658/1385/35 685/1413/35

v 3274.84 270 6834.74
vt 7.29897 11.5392
f 685/1413/35 658/1385/35 686/1414/35

vt 7.29152 10.993
f 686/1414/35 658/1385/35 595/1415/35

f 655/1384/35 595/1415/35 658/1385/35

vt 7.48086 10.8605
f 595/1415/35 655/1384/35 593/1416/35

f 593/1416/35 655/1384/35 653/1382/35

f 593/1416/35 653/1382/35 651/1381/35

f 651/1381/35 555/1013/35 593/1416/35

f 649/1380/35 555/1013/35 651/1381/35

f 649/1380/35 554/1014/35 555/1013/35

f 647/1395/35 554/1014/35 649/1380/35

f 645/1394/35 554/1014/35 647/1395/35

f 643/1393/35 554/1014/35 645/1394/35

f 643/1393/35 553/1015/35 554/1014/35

f 641/1392/35 553/1015/35 643/1393/35

f 639/1391/35 553/1015/35 641/1392/35

f 639/1391/35 552/1016/35 553/1015/35

f 638/1390/35 552/1016/35 639/1391/35

f 638/1390/35 551/1017/35 552/1016/35

f 574/1145/35 551/1017/35 638/1390/35

vt 7.6207 10.659
f 593/1416/35 555/1013/35 590/1417/35

f 590/1417/35 555/1013/35 556/1009/35

f 590/1417/35 556/1009/35 558/1126/35

f 590/1417/35 558/1126/35 588/1130/35

f 588/1130/35 558/1126/35 584/1127/35

vt -11.079 12.0472
vt -11.3163 12.0472
vn -0.989269 0 -0.146107
vt -11.3163 10.6299
vt -11.079 10.6299
f 557/1418/129 559/1419/193 584/1420/193 558/1421/129 

vt -10.368 12.0472
vt -10.6181 12.0472
vn -0.999918 0 0.0127787
vt -10.6181 10.6299
vt -10.368 10.6299
f 559/1422/193 560/1423/194 586/1424/194 584/1425/193 

vt -9.31709 12.0472
vt -9.61854 12.0472
vn -0.978117 0 0.208055
vt -9.61854 10.6299
vt -9.31709 10.6299
f 560/1426/194 562/1427/195 588/1428/195 586/1429/194 

vt -7.41131 12.0472
v 3283.01 306 6857.09
vt -7.68278 12.0472
vn -0.89377 -4.18333e-16 0.448525
vt -7.68278 10.6299
vt -7.41131 10.6299
f 562/1430/195 687/1431/196 590/1432/196 588/1433/195 

f 563/1131/116 687/1417/116 562/1130/116

v 3282.51 306 6834.6
vt 7.60098 11.5448
f 688/1434/116 687/1417/116 563/1131/116

v 3280.95 306 6840.06
vt 7.53941 11.3295
f 689/1435/116 687/1417/116 688/1434/116

v 3279.89 306 6842.01
vt 7.4976 11.2531
f 690/1436/116 687/1417/116 689/1435/116

v 3279.89 306 6852.59
vt 7.4976 10.8364
f 690/1436/116 691/1437/116 687/1417/116

v 3279.46 306 6851.98
f 690/1436/116 692/1416/116 691/1437/116

v 3278.33 306 6844.85
vt 7.43639 11.1412
f 693/1438/116 692/1416/116 690/1436/116

v 3274.65 306 6848.61
f 692/1416/116 693/1438/116 694/1415/116

vt -12.9576 12.0472
vn -0.714986 0 -0.699139
vt -13.1648 12.0472
vn -0.803665 5.09508e-16 -0.595082
vt -13.1648 10.6299
vt -12.9576 10.6299
f 694/1439/197 693/1440/198 597/1441/198 595/1442/197 

vt -13.3431 12.0472
vt -13.4707 12.0472
vn -0.877322 1.00949e-15 -0.479903
vt -13.5578 12.0472
vn -0.925089 5.07873e-16 -0.379749
vt -13.5578 10.6299
vt -13.3431 10.6299
f 693/1443/198 690/1444/199 689/1445/200 599/1446/200 597/1447/198 

vt -12.9657 12.0472
vt -13.1896 12.0472
vn -0.983135 0 -0.182883
vt -13.1896 10.6299
vt -12.9657 10.6299
f 689/1448/200 688/1449/201 601/1450/201 599/1451/200 

vt -12.1769 12.0472
vt -12.4069 12.0472
vn -0.999998 0 0.00179894
vt -12.4069 10.6299
vt -12.1769 10.6299
f 688/1452/201 563/1453/202 603/1454/202 601/1455/201 

vt -11.0159 12.0472
vt -11.2653 12.0472
vn -0.982271 0 0.187465
vt -11.2653 10.6299
vt -11.0159 10.6299
f 563/1456/202 564/1457/203 605/1458/203 603/1459/202 

vt -9.4091 12.0472
vt -9.65664 12.0472
vn -0.924225 -7.34359e-16 0.381849
vt -9.65664 10.6299
vt -9.4091 10.6299
f 564/1460/203 565/1461/204 607/1462/204 605/1463/203 

vt -7.15747 12.0472
vt -7.22292 12.0472
vn -0.87789 -1.46023e-15 0.478862
vt -7.38773 12.0472
vn -0.796699 -7.38365e-16 0.604377
vt -7.38773 10.6299
vt -7.15747 10.6299
f 565/1464/204 566/1465/205 567/1466/206 609/1467/206 607/1468/204 

vt -3.38014 12.0472
vt -3.58348 12.0472
vn -0.559404 0 0.828895
vt -3.58348 10.6299
vt -3.38014 10.6299
f 567/1469/206 568/1470/207 612/1471/207 609/1472/206 

vt 1.5718 12.0472
vt 1.36401 12.0472
vt 1.36401 10.6299
vt 1.5718 10.6299
f 568/1473/207 569/1474/130 570/1475/130 612/1476/207 

v 3269.7 270 6817.2
vt 7.09675 12.2297
f 570/1137/35 695/1477/35 612/1136/35

f 570/1137/35 571/1142/35 695/1477/35

vt 3.49363 10.6299
vn -0.161607 0 0.986855
vt 3.49363 10.5906
vt 3.64083 10.5906
vn -0.451182 0 0.892432
vt 3.64083 10.6299
f 571/1478/208 618/1479/208 619/1480/209 695/1481/209 

vt 5.99858 10.6299
vn -0.029627 0 0.999561
vt 5.99858 10.5906
vt 6.21586 10.5906
vt 6.21586 10.6299
f 572/1482/210 617/1483/210 618/1484/208 571/1485/208 

vt 6.7378 10.5906
vt 6.7378 10.6299
f 573/1329/32 616/1330/32 617/1486/210 572/1487/210 

vt 11.1688 10.6299
vt 11.1688 10.5906
vt 12.2812 10.5906
vt 12.2812 10.6299
f 680/1488/3 635/1489/3 616/1490/3 573/1491/3 

vt -6.77643 10.6299
vn -0.0298921 0 -0.999553
vt -6.77643 10.5906
f 681/1492/211 633/1493/211 635/1274/4 680/1275/4 

vt -7.61033 10.6299
vn -0.160072 0 -0.987105
vt -7.61033 10.5906
vt -7.43174 10.5906
vt -7.43174 10.6299
f 682/1494/212 631/1495/212 633/1496/211 681/1497/211 

vt -9.73432 10.6299
vn -0.423543 0 -0.905876
vt -9.73432 10.5906
vt -9.61059 10.5906
vt -9.61059 10.6299
f 683/1498/213 629/1499/213 631/1500/212 682/1501/212 

vt -12.3639 10.6299
vn -0.711914 0 -0.702266
vt -12.3639 10.5906
vt -12.2363 10.5906
vt -12.2363 10.6299
f 684/1502/214 627/1503/214 629/1504/213 683/1505/213 

vt -13.5006 10.6299
vn -0.899758 0 -0.43639
vt -13.5006 10.5906
vt -13.3675 10.5906
vt -13.3675 10.6299
f 685/1506/215 626/1507/215 627/1508/214 684/1509/214 

vt -13.1943 10.6299
vn -0.981157 0 -0.193214
vt -13.1943 10.5906
vt -13.043 10.5906
vt -13.043 10.6299
f 686/1510/216 624/1511/216 626/1512/215 685/1513/215 

v 3275.22 270 6830.24
vt -12.2951 10.6299
vn -0.999998 0 -0.00174239
vt -12.2951 10.5906
vt -12.1174 10.5906
vt -12.1174 10.6299
f 696/1514/217 623/1515/217 624/1516/216 686/1517/216 

v 3274.87 270 6825.87
vt -11.2543 10.6299
vn -0.984242 0 0.176825
vt -11.2543 10.5906
vt -11.0814 10.5906
vt -11.0814 10.6299
f 697/1518/218 622/1519/218 623/1520/217 696/1521/217 

v 3273.79 270 6822.05
vt -9.62628 10.6299
vn -0.920748 0 0.390158
vt -9.62628 10.5906
vt -9.4701 10.5906
vt -9.4701 10.6299
f 698/1522/219 621/1523/219 622/1524/218 697/1525/218 

v 3272.05 270 6819.06
vt -6.8832 10.6299
vn -0.755869 0 0.654723
vt -6.8832 10.5906
vt -6.74733 10.5906
vt -6.74733 10.6299
f 699/1526/220 620/1527/220 621/1528/219 698/1529/219 

vt -2.04315 10.6299
vt -2.04315 10.5906
vt -1.92499 10.5906
vt -1.92499 10.6299
f 695/1530/209 619/1531/209 620/1532/220 699/1533/220 

v 3269.7 255 6817.2
vt -2.04315 10.0394
v 3272.05 255 6819.06
vt -1.92499 10.0394
f 620/1532/220 619/1531/209 700/1534/209 701/1535/220 

v 3266.1 255 6816.22
vt 3.49363 10.0394
vt 3.64083 10.0394
f 619/1480/209 618/1479/208 702/1536/208 700/1537/209 

v 3260.59 255 6815.89
vt 5.99858 10.0394
vt 6.21586 10.0394
f 618/1484/208 617/1483/210 703/1538/210 702/1539/208 

v 3248.61 255 6815.89
vt 6.7378 10.0394
f 617/1486/210 616/1330/32 704/1378/32 703/1540/210 

v 3248.61 255 6844.15
vt 11.1688 10.0394
vt 12.2812 10.0394
f 616/1490/3 635/1489/3 705/1541/3 704/1542/3 

v 3261.57 255 6844.15
vt -6.77643 10.0394
f 635/1274/4 633/1493/211 706/1543/211 705/1340/4 

v 3266.1 255 6843.88
vt -7.61033 10.0394
vt -7.43174 10.0394
f 633/1496/211 631/1495/212 707/1544/212 706/1545/211 

v 3269.13 255 6843.06
vt -9.73432 10.0394
vt -9.61059 10.0394
f 631/1500/212 629/1499/213 708/1546/213 707/1547/212 

v 3271.78 255 6841.2
vt -12.3639 10.0394
vt -12.2363 10.0394
f 629/1504/213 627/1503/214 709/1548/214 708/1549/213 

v 3273.69 255 6838.41
vt -13.5006 10.0394
vt -13.3675 10.0394
f 627/1508/214 626/1507/215 710/1550/215 709/1551/214 

vn -0.954196 0 -0.299183
v 3274.84 255 6834.74
vt -13.1943 10.0394
vt -13.043 10.0394
f 626/1512/215 624/1511/221 711/1552/221 710/1553/215 

vn -0.996387 0 -0.0849347
v 3275.22 255 6830.24
vt -12.2951 10.0394
vt -12.1174 10.0394
f 624/1516/222 623/1515/217 712/1554/217 711/1555/222 

v 3274.87 255 6825.87
vt -11.2543 10.0394
vt -11.0814 10.0394
f 623/1520/217 622/1519/218 713/1556/218 712/1557/217 

v 3273.79 255 6822.05
vt -9.62628 10.0394
vt -9.4701 10.0394
f 622/1524/218 621/1523/219 714/1558/219 713/1559/218 

vt -6.8832 10.0394
vt -6.74733 10.0394
f 621/1528/219 620/1527/220 701/1560/220 714/1561/219 

vt 7.31406 11.7162
vt 7.29997 11.8885
vt 7.25772 12.0389
vt 7.18931 12.1563
f 711/1414/35 712/1562/35 713/1563/35 714/1564/35 701/1565/35 700/1477/35 702/1142/35 703/1143/35 704/1144/35 705/1408/35 706/1409/35 707/1410/35 708/1411/35 709/1412/35 710/1413/35 

f 612/1136/35 695/1477/35 699/1565/35

f 612/1136/35 699/1565/35 698/1564/35

f 612/1136/35 698/1564/35 697/1563/35

f 612/1136/35 697/1563/35 609/1135/35

f 609/1135/35 697/1563/35 696/1562/35

f 696/1562/35 597/1438/35 609/1135/35

f 686/1414/35 597/1438/35 696/1562/35

f 686/1414/35 595/1415/35 597/1438/35

f 609/1135/35 597/1438/35 607/1133/35

f 607/1133/35 597/1438/35 599/1435/35

f 607/1133/35 599/1435/35 605/1132/35

f 605/1132/35 599/1435/35 601/1434/35

f 605/1132/35 601/1434/35 603/1131/35

vt -0.095984 12.0472
vn -0.70845 -4.20711e-16 0.705761
vt -0.327054 12.0472
vn -0.57324 0 0.819387
vt -0.327054 10.6299
vt -0.095984 10.6299
f 692/1566/223 694/1567/224 595/1568/224 593/1569/223 

vt -4.41236 12.0472
vt -4.62827 12.0472
vn -0.821562 -8.283e-16 0.570119
vt -4.65764 12.0472
vt -4.65764 10.6299
vt -4.41236 10.6299
f 687/1570/196 691/1571/225 692/1572/223 593/1573/223 590/1574/196 

f 588/1130/35 584/1127/35 586/1128/35

vt -7.49957 12.3137
f 596/1256/157 608/1254/157 610/1575/157

vt -7.53941 11.3295
f 596/1256/157 610/1575/157 598/1576/157

vt -7.52895 12.2598
f 598/1576/157 610/1575/157 606/1577/157

vt -7.59836 12.0222
f 598/1576/157 606/1577/157 604/1578/157

vt -7.60098 11.5448
f 598/1576/157 604/1578/157 600/1579/157

vt -7.6215 11.7739
f 600/1579/157 604/1578/157 602/1580/157

v 3304.46 306 6804.86
vt 8.46496 12.7156
f 522/1031/116 561/1129/116 715/1581/116

vt 8.46496 12.0472
vt 8.15269 12.0472
v 3296.52 270 6804.86
vt 8.15269 10.6299
v 3304.46 270 6804.86
vt 8.46496 10.6299
f 715/1582/32 561/1583/32 716/1584/32 717/1585/32 

v 3296.52 270 6898.36
f 561/1037/3 499/1038/3 718/1039/3 716/1040/3 

vt -8.15269 12.0472
vt -9.62713 12.0472
v 3333.98 270 6898.36
vt -9.62713 10.6299
vt -8.15269 10.6299
f 499/1586/4 498/1587/4 719/1588/4 718/1589/4 

v 3333.98 306 6887.33
vt -9.46879 12.0472
v 3333.98 270 6887.33
vt -9.46879 10.6299
f 498/1045/5 720/1590/5 721/1591/5 719/947/5 

vt 9.62713 9.46879
f 498/1007/116 497/1006/116 720/1592/116

v 3359.86 306 6804.86
vt 10.646 12.7156
f 722/1593/116 720/1592/116 497/1006/116

f 722/1593/116 715/1581/116 720/1592/116

f 522/1031/116 715/1581/116 722/1593/116

v 3368.4 306 6804.86
vt 10.9825 12.7156
f 522/1031/116 722/1593/116 723/1594/116

vt 10.9825 12.0472
vt 10.646 12.0472
v 3359.86 270 6804.86
vt 10.646 10.6299
v 3368.4 270 6804.86
vt 10.9825 10.6299
f 723/1595/32 722/1596/32 724/1597/32 725/1598/32 

vt 14.8918 12.0472
vn 0.971009 4.88086e-29 0.239041
vt 11.1007 12.0472
v 3336.84 270 6898.36
vt 11.1007 10.6299
vt 14.8918 10.6299
f 722/1599/226 497/1600/226 726/1601/226 724/1602/226 

vt -9.73981 12.0472
vt -10.0714 12.0472
v 3345.26 270 6898.36
vt -10.0714 10.6299
vt -9.73981 10.6299
f 497/1603/4 496/1604/4 727/1605/4 726/1606/4 

vt -11.08 12.0472
vn -0.974033 -6.72909e-18 -0.226408
vt -12.2247 12.0472
v 3351.84 270 6870.04
vt -12.2247 10.6299
vt -11.08 10.6299
f 496/1607/227 495/1608/227 728/1609/227 727/1610/227 

vt -10.3306 12.0472
v 3376.91 306 6870.04
vt -11.3173 12.0472
v 3376.91 270 6870.04
vt -11.3173 10.6299
vt -10.3306 10.6299
f 495/1611/4 729/1612/4 730/1613/4 728/1614/4 

vt 11.3173 10.1493
f 495/1004/116 494/1003/116 729/1615/116

vt 7.14086 12.0472
vt 5.99247 12.0472
v 3383.9 270 6898.36
vt 5.99247 10.6299
vt 7.14086 10.6299
f 729/1616/119 494/1617/119 731/1618/119 730/1619/119 

vt -11.5925 12.0472
vt -11.9483 12.0472
v 3392.93 270 6898.36
vt -11.9483 10.6299
vt -11.5925 10.6299
f 494/1620/4 493/1621/4 732/1622/4 731/1623/4 

vt -5.70654 12.0472
vn -0.967265 0 0.253769
vt -9.51235 12.0472
vt -9.51235 10.6299
vt -5.70654 10.6299
f 493/1624/228 723/1625/228 725/1626/228 732/1627/228 

v 3398.94 306 6804.86
vt 12.1849 12.7156
f 733/1628/116 723/1594/116 493/1002/116

f 522/1031/116 723/1594/116 733/1628/116

v 3421.43 306 6804.86
vt 13.0702 12.7156
f 522/1031/116 733/1628/116 734/1629/116

vt 13.0702 12.0472
vt 12.1849 12.0472
vt 13.0702 10.6299
f 734/1630/121 733/1631/32 462/952/32 460/1632/121 

f 733/1037/3 492/1038/3 464/1039/3 462/1040/3 

f 733/1628/116 493/1002/116 492/1001/116

vt -12.1849 12.0472
vt -13.0847 12.0472
vn -0.0369233 2.55084e-19 -0.999318
vt -13.0847 10.6299
f 492/1633/4 491/1634/229 466/1635/229 464/943/4 

vt -13.7157 12.0472
vt -13.9241 12.0472
vn -0.16659 2.56029e-19 -0.986026
vt -13.9241 10.6299
vt -13.7157 10.6299
f 491/1636/229 490/1637/230 468/1638/230 466/1639/229 

vt -15.177 12.0472
vt -15.3558 12.0472
vt -15.3558 10.6299
vt -15.177 10.6299
f 490/1640/230 489/1641/124 470/1642/124 468/1643/230 

vt -16.1653 12.0472
vt -16.3267 12.0472
vn -0.577408 -1.17212e-18 -0.816456
vt -16.3267 10.6299
vt -16.1653 10.6299
f 489/1644/124 488/1645/231 472/1646/231 470/1647/124 

vt -16.236 12.0472
vt -16.3931 12.0472
vn -0.762341 -1.1728e-18 -0.647176
vt -16.3931 10.6299
vt -16.236 10.6299
f 488/1648/231 487/1649/232 474/1650/232 472/1651/231 

vt -15.2551 12.0472
vt -15.4291 12.0472
vn -0.888283 -4.80146e-30 -0.459296
vt -15.4291 10.6299
vt -15.2551 10.6299
f 487/1652/232 486/1653/233 476/1654/233 474/1655/232 

vt -13.8634 12.0472
vt -14.0752 12.0472
vn -0.955077 -2.93759e-29 -0.296357
vt -14.0752 10.6299
vt -13.8634 10.6299
f 486/1656/233 485/1657/234 478/1658/234 476/1659/233 

vt -12.4584 12.0472
vt -12.6957 12.0472
vt -12.6957 10.6299
vt -12.4584 10.6299
f 485/1660/234 482/1661/114 480/1662/114 478/1663/234 

vt 13.938 10.4017
f 440/1664/35 478/994/35 480/991/35

vt 13.8517 10.659
f 442/1665/35 478/994/35 440/1664/35

f 442/1665/35 476/995/35 478/994/35

f 442/1665/35 474/996/35 476/995/35

vt 13.7118 10.8605
f 443/1666/35 474/996/35 442/1665/35

v 3435.98 270 6871.25
vt 13.6432 10.1016
f 735/1667/35 474/996/35 443/1666/35

v 3435.69 270 6875.46
vt 13.6316 9.93616
f 736/1668/35 474/996/35 735/1667/35

f 736/1668/35 472/997/35 474/996/35

v 3434.8 270 6879.13
vt 13.5966 9.79146
f 737/1669/35 472/997/35 736/1668/35

v 3433.45 270 6882.14
vt 13.5434 9.67313
f 738/1670/35 472/997/35 737/1669/35

v 3431.77 270 6884.33
vt 13.4774 9.58681
f 739/1671/35 472/997/35 738/1670/35

f 739/1671/35 470/998/35 472/997/35

v 3429.71 270 6885.86
vt 13.3961 9.52654
f 740/1672/35 470/998/35 739/1671/35

v 3427.19 270 6886.88
vt 13.2972 9.48637
f 741/1673/35 470/998/35 740/1672/35

f 741/1673/35 468/999/35 470/998/35

v 3421.8 270 6887.33
vt 13.0847 9.46879
f 742/1674/35 468/999/35 741/1673/35

f 742/1674/35 466/1000/35 468/999/35

v 3406.87 270 6887.33
vt 12.4972 9.46879
f 743/1675/35 466/1000/35 742/1674/35

f 743/1675/35 464/1001/35 466/1000/35

f 464/1001/35 743/1675/35 462/1628/35

v 3406.87 270 6815.89
vt 12.4972 12.2812
f 744/1676/35 462/1628/35 743/1675/35

f 462/1628/35 744/1676/35 460/1629/35

v 3418.85 270 6815.89
vt 12.9688 12.2812
f 460/1629/35 744/1676/35 745/1677/35

vt 12.4972 10.6299
v 3406.87 269 6815.89
vt 12.4972 10.5906
v 3418.85 269 6815.89
vt 12.9688 10.5906
vt 12.9688 10.6299
f 744/1678/32 746/1679/32 747/1680/210 745/1681/210 

v 3406.87 270 6844.15
v 3406.87 269 6844.15
f 748/1488/3 749/1489/3 746/1490/3 744/1491/3 

v 3419.83 270 6844.15
vt -13.0074 10.6299
v 3419.83 269 6844.15
vt -13.0074 10.5906
vt -12.4972 10.5906
vt -12.4972 10.6299
f 750/1682/211 751/1683/211 749/1684/4 748/1685/4 

v 3424.36 270 6843.88
vt -13.8302 10.6299
v 3424.36 269 6843.88
vt -13.8302 10.5906
vt -13.6516 10.5906
vt -13.6516 10.6299
f 752/1686/212 753/1687/212 751/1688/211 750/1689/211 

v 3427.4 270 6843.06
vt -15.7531 10.6299
v 3427.4 269 6843.06
vt -15.7531 10.5906
vt -15.6294 10.5906
vt -15.6294 10.6299
f 754/1690/213 755/1691/213 753/1692/212 752/1693/212 

v 3430.05 270 6841.2
vt -17.4605 10.6299
v 3430.05 269 6841.2
vt -17.4605 10.5906
vt -17.3329 10.5906
vt -17.3329 10.6299
f 756/1694/214 757/1695/214 755/1696/213 754/1697/213 

v 3431.96 270 6838.41
vt -17.0154 10.6299
v 3431.96 269 6838.41
vt -17.0154 10.5906
vt -16.8823 10.5906
vt -16.8823 10.6299
f 758/1698/215 759/1699/215 757/1700/214 756/1701/214 

v 3433.11 270 6834.74
vt -15.0586 10.6299
v 3433.11 269 6834.74
vt -15.0586 10.5906
vt -14.9072 10.5906
vt -14.9072 10.6299
f 760/1702/216 761/1703/216 759/1704/215 758/1705/215 

v 3433.49 270 6830.24
vt -12.8243 10.6299
v 3433.49 269 6830.24
vt -12.8243 10.5906
vt -12.6466 10.5906
vt -12.6466 10.6299
f 762/1706/217 763/1707/217 761/1708/216 760/1709/216 

v 3433.13 270 6825.87
vt -10.7467 10.6299
vn -0.984242 1.38549e-14 0.176825
v 3433.13 269 6825.87
vt -10.7467 10.5906
vt -10.5738 10.5906
vt -10.5738 10.6299
f 764/1710/235 765/1711/235 763/1712/217 762/1713/217 

v 3432.06 270 6822.05
vt -7.94047 10.6299
vn -0.920748 1.39025e-14 0.390158
v 3432.06 269 6822.05
vt -7.94047 10.5906
v 3433.12 269 6825.81
vt -7.7865 10.5906
vn -0.962705 2.75817e-14 0.270553
vt -7.78429 10.5906
vt -7.78429 10.6299
f 766/1714/236 767/1715/236 768/1716/237 765/1717/235 764/1718/235 

v 3430.32 270 6819.06
vt -3.74593 10.6299
v 3430.32 269 6819.06
vt -3.74593 10.5906
vt -3.61006 10.5906
vt -3.61006 10.6299
f 769/1719/220 770/1720/220 767/1721/236 766/1722/236 

v 3427.97 270 6817.2
vt 2.83771 10.6299
v 3427.97 269 6817.2
vt 2.83771 10.5906
vt 2.95587 10.5906
vt 2.95587 10.6299
f 771/1723/209 772/1724/209 770/1725/220 769/1726/220 

v 3424.36 270 6816.22
vt 9.50649 10.6299
v 3424.36 269 6816.22
vt 9.50649 10.5906
vt 9.6537 10.5906
vt 9.6537 10.6299
f 773/1727/208 774/1728/208 772/1729/209 771/1730/209 

vt 12.2186 10.6299
vt 12.2186 10.5906
vt 12.4359 10.5906
vt 12.4359 10.6299
f 745/1731/210 747/1732/210 774/1733/208 773/1734/208 

vt -13.0847 9.03438
vn 1.60559e-16 -1 2.57069e-16
vt -12.1849 9.03438
vt -12.1849 12.7156
vt -13.0702 12.7156
vt -13.3139 12.6877
vt -13.504 12.6039
vt -13.6497 12.462
vt -13.7599 12.2598
vt -13.8293 12.0222
vt -13.5304 11.8906
vt -13.4887 12.0389
vt -13.4203 12.1563
vt -13.3277 12.2297
vt -13.1857 12.2683
vt -12.9688 12.2812
vt -12.4972 12.2812
vt -12.4972 11.1688
vt -13.0074 11.1688
vt -13.1857 11.1795
vt -13.3052 11.2115
vt -13.4096 11.2849
vt -13.4847 11.3948
vt -13.53 11.5392
vt -13.545 11.7162
vt -13.531 11.8885
v 3441.08 269 6826.37
v 3441.08 269 6826.37
vt -13.958 9.97681
v 3435.8 269 6873.85
vt -13.636 9.9994
v 3435.98 269 6871.25
vt -13.6432 10.1016
v 3435.56 269 6866.37
vt -13.6263 10.294
v 3434.27 269 6862.16
vt -13.5756 10.4594
v 3432.22 269 6858.88
vt -13.4949 10.5887
v 3429.5 269 6856.74
vt -13.3881 10.6728
v 3425.79 269 6855.57
vt -13.2418 10.719
v 3420.73 269 6855.18
vt -13.0428 10.7344
v 3406.87 269 6855.18
vt -12.4972 10.7344
v 3406.87 269 6887.33
vt -12.4972 9.46879
v 3421.8 269 6887.33
vt -13.0847 9.46879
v 3427.19 269 6886.88
vt -13.2972 9.48637
v 3429.71 269 6885.86
vt -13.3961 9.52654
v 3431.77 269 6884.33
vt -13.4774 9.58681
v 3433.45 269 6882.14
vt -13.5434 9.67313
v 3434.8 269 6879.13
vt -13.5966 9.79146
v 3435.69 269 6875.46
vt -13.6316 9.93616
v 3443.98 269 6874.42
v 3443.98 269 6874.42
vt -13.9493 9.85204
vt -13.8968 9.62071
vt -13.8185 9.4239
vt -13.7237 9.27795
vt -13.6076 9.17217
vt -13.4654 9.0959
vt -13.2925 9.04976
f 465/1735/238 463/1736/238 461/1737/238 459/1738/238 457/1739/238 455/1740/238 453/1741/238 451/1742/238 449/1743/238 429/874/238 768/1744/238 767/1745/238 770/1746/238 772/1747/238 774/1748/238 747/1749/238 746/1750/238 749/1751/238 751/1752/238 753/1753/238 755/1754/238 757/1755/238 759/1756/238 761/1757/238 763/1758/238 765/1759/238 775/874/238 776/874/238 439/884/238 438/883/238 437/882/238 436/881/238 435/880/238 434/879/238 433/878/238 432/877/238 431/876/238 481/1760/238 777/1761/238 778/1762/238 779/1763/238 780/1764/238 781/1765/238 782/1766/238 783/1767/238 784/1768/238 785/1769/238 786/1770/238 787/1771/238 788/1772/238 789/1773/238 790/1774/238 791/1775/238 792/1776/238 793/1777/238 794/1760/238 795/1760/238 479/1778/238 477/1779/238 475/1780/238 473/1781/238 471/1782/238 469/1783/238 467/1784/238 

vn -0.962705 -4.25406e-16 0.270553
vn -0.920748 -3.5476e-16 0.390158
v 3432.06 255 6822.05
vt -7.94047 10.0394
v 3433.12 255 6825.81
vt -7.7865 10.0394
f 768/1716/239 767/1715/240 796/1785/240 797/1786/239 

vn -0.755869 -1.58614e-16 0.654723
v 3430.32 255 6819.06
vt -3.74593 10.0394
vt -3.61006 10.0394
f 767/1721/240 770/1720/241 798/1787/241 796/1788/240 

vn -0.451182 1.04244e-16 0.892432
v 3427.97 255 6817.2
vt 2.83771 10.0394
vt 2.95587 10.0394
f 770/1725/241 772/1724/242 799/1789/242 798/1790/241 

vn -0.161607 3.01919e-16 0.986855
v 3424.36 255 6816.22
vt 9.50649 10.0394
vt 9.6537 10.0394
f 772/1729/242 774/1728/243 800/1791/243 799/1792/242 

vn -0.029627 3.79986e-16 0.999561
v 3418.85 255 6815.89
vt 12.2186 10.0394
vt 12.4359 10.0394
f 774/1733/243 747/1732/244 801/1793/244 800/1794/243 

vn 0 3.96554e-16 1
v 3406.87 255 6815.89
vt 12.4972 10.0394
vt 12.9688 10.0394
f 747/1680/244 746/1679/245 802/1795/245 801/1796/244 

vn 1 5.53331e-16 -0
v 3406.87 255 6844.15
f 746/1490/246 749/1489/246 803/1541/246 802/1542/246 

vn 0 -3.96554e-16 -1
vn -0.0298921 -4.12917e-16 -0.999553
v 3419.83 255 6844.15
vt -13.0074 10.0394
vt -12.4972 10.0394
f 749/1684/247 751/1683/248 804/1797/248 803/1798/247 

vn -0.160072 -4.80013e-16 -0.987105
v 3424.36 255 6843.88
vt -13.8302 10.0394
vt -13.6516 10.0394
f 751/1688/248 753/1687/249 805/1799/249 804/1800/248 

vn -0.423543 -5.93588e-16 -0.905876
v 3427.4 255 6843.06
vt -15.7531 10.0394
vt -15.6294 10.0394
f 753/1692/249 755/1691/250 806/1801/250 805/1802/249 

vn -0.711914 -6.72411e-16 -0.702266
v 3430.05 255 6841.2
vt -17.4605 10.0394
vt -17.3329 10.0394
f 755/1696/250 757/1695/251 807/1803/251 806/1804/250 

vn -0.899758 -6.70916e-16 -0.43639
v 3431.96 255 6838.41
vt -17.0154 10.0394
vt -16.8823 10.0394
f 757/1700/251 759/1699/252 808/1805/252 807/1806/251 

vn -0.981157 -6.19525e-16 -0.193214
v 3433.11 255 6834.74
vt -15.0586 10.0394
vt -14.9072 10.0394
f 759/1704/252 761/1703/253 809/1807/253 808/1808/252 

vn -0.999998 -5.54022e-16 -0.00174239
v 3433.49 255 6830.24
vt -12.8243 10.0394
vt -12.6466 10.0394
f 761/1708/253 763/1707/254 810/1809/254 809/1810/253 

vn -0.984242 -4.74492e-16 0.176825
v 3433.13 255 6825.87
vt -10.7467 10.0394
vt -10.5738 10.0394
f 763/1712/254 765/1711/255 811/1811/255 810/1812/254 

vt -7.78429 10.0394
f 765/1717/255 768/1716/239 797/1786/239 811/1813/255 

vn -5.53331e-16 1 -3.96554e-16
vt 12.4972 11.1688
vt 13.0074 11.1688
vt 13.1857 11.1795
vt 13.3052 11.2115
vt 13.4096 11.2849
vt 13.4847 11.3948
vt 13.53 11.5392
vt 13.545 11.7162
vt 13.531 11.8885
vt 13.5304 11.8906
vt 13.4887 12.0389
vt 13.4203 12.1563
vt 13.3277 12.2297
vt 13.1857 12.2683
f 802/1676/256 803/1814/256 804/1815/256 805/1816/256 806/1817/256 807/1818/256 808/1819/256 809/1820/256 810/1821/256 811/1822/256 797/1823/256 796/1824/256 798/1825/256 799/1826/256 800/1827/256 801/1677/256 

vt -11.0367 10.6299
vn -0.999963 -5.08886e-14 0.00859134
vt -11.0367 10.5906
vt -10.9342 10.5906
vn -0.997521 -1.01459e-13 -0.0703744
vt -10.8708 10.5906
vn -0.988179 -5.0907e-14 -0.153303
vt -10.8708 10.6299
f 735/1828/257 778/1829/257 777/1830/258 793/1831/259 736/1832/259 

v 3435.56 270 6866.37
vt -9.06215 10.6299
vn -0.981524 0 0.191337
vt -9.06215 10.5906
vt -8.869 10.5906
vt -8.869 10.6299
f 812/1833/260 779/1834/260 778/1835/257 735/1836/257 

v 3434.27 270 6862.16
vt -6.02161 10.6299
vn -0.909954 0 0.41471
vt -6.02161 10.5906
vt -5.84859 10.5906
vt -5.84859 10.6299
f 813/1837/261 780/1838/261 779/1839/260 812/1840/260 

v 3432.22 270 6858.88
vt -1.84028 10.6299
vt -1.84028 10.5906
vt -1.68785 10.5906
vt -1.68785 10.6299
f 814/1841/169 781/1842/169 780/1843/261 813/1844/261 

v 3429.5 270 6856.74
vt 3.91661 10.6299
vt 3.91661 10.5906
vt 4.05259 10.5906
vt 4.05259 10.6299
f 815/1845/170 782/1846/170 781/1847/169 814/1848/169 

v 3425.79 270 6855.57
vt 9.40395 10.6299
vt 9.40395 10.5906
vt 9.55733 10.5906
vt 9.55733 10.6299
f 816/1849/171 783/1850/171 782/1851/170 815/1852/170 

v 3420.73 270 6855.18
vt 12.3764 10.5906
vt 12.3764 10.6299
f 817/1212/172 784/1213/172 783/1853/171 816/1854/171 

v 3406.87 270 6855.18
vt 13.0428 10.5906
vt 13.0428 10.6299
f 818/1678/32 785/1679/32 784/1855/172 817/1856/172 

f 743/1333/3 786/1334/3 785/1335/3 818/1336/3 

vt -13.0847 10.5906
f 742/1635/158 787/1857/158 786/1684/4 743/1685/4 

vt -14.034 10.6299
vt -14.034 10.5906
vt -13.8208 10.5906
vt -13.8208 10.6299
f 741/1858/159 788/1859/159 787/1860/158 742/1861/158 

vt -15.9954 10.6299
vt -15.9954 10.5906
vt -15.8885 10.5906
vt -15.8885 10.6299
f 740/1862/160 789/1863/160 788/1864/159 741/1865/159 

vt -16.5361 10.6299
vt -16.5361 10.5906
vt -16.4349 10.5906
vt -16.4349 10.6299
f 739/1866/161 790/1867/161 789/1868/160 740/1869/160 

vt -15.9105 10.6299
vt -15.9105 10.5906
vt -15.8018 10.5906
vt -15.8018 10.6299
f 738/1870/162 791/1871/162 790/1872/161 739/1873/161 

vt -14.5008 10.6299
vt -14.5008 10.5906
vt -14.3711 10.5906
vt -14.3711 10.6299
f 737/1874/163 792/1875/163 791/1876/162 738/1877/162 

vt -12.8632 10.6299
vt -12.8632 10.5906
vt -12.7143 10.5906
vt -12.7143 10.6299
f 736/1878/259 793/1879/259 792/1880/163 737/1881/163 

v 3435.69 255 6875.46
vt -12.8632 10.0394
v 3434.8 255 6879.13
vt -12.7143 10.0394
f 792/1880/163 793/1879/164 819/1882/164 820/1883/163 

vn -0.997521 0 -0.0703744
v 3435.8 255 6873.85
vt -10.9342 10.0394
vt -10.8708 10.0394
f 793/1831/164 777/1830/262 821/1884/262 819/1885/164 

v 3435.98 255 6871.25
vt -11.0367 10.0394
f 777/1830/262 778/1829/165 822/1886/165 821/1884/262 

v 3435.56 255 6866.37
vt -9.06215 10.0394
vt -8.869 10.0394
f 778/1835/165 779/1834/260 823/1887/260 822/1888/165 

v 3434.27 255 6862.16
vt -6.02161 10.0394
vt -5.84859 10.0394
f 779/1839/260 780/1838/261 824/1889/261 823/1890/260 

v 3432.22 255 6858.88
vt -1.84028 10.0394
vt -1.68785 10.0394
f 780/1843/261 781/1842/169 825/1891/169 824/1892/261 

v 3429.5 255 6856.74
vt 3.91661 10.0394
vt 4.05259 10.0394
f 781/1847/169 782/1846/170 826/1893/170 825/1894/169 

v 3425.79 255 6855.57
vt 9.40395 10.0394
vt 9.55733 10.0394
f 782/1851/170 783/1850/171 827/1895/171 826/1896/170 

v 3420.73 255 6855.18
vt 12.1769 10.0394
vt 12.3764 10.0394
f 783/1853/171 784/1213/172 828/1897/172 827/1898/171 

v 3406.87 255 6855.18
vt 13.0428 10.0394
f 784/1855/172 785/1679/32 829/1795/32 828/1899/172 

v 3406.87 255 6887.33
f 785/1335/3 786/1334/3 830/1337/3 829/1338/3 

v 3421.8 255 6887.33
vt -13.0847 10.0394
f 786/1684/4 787/1857/158 831/1900/158 830/1798/4 

v 3427.19 255 6886.88
vt -14.034 10.0394
vt -13.8208 10.0394
f 787/1860/158 788/1859/159 832/1901/159 831/1902/158 

v 3429.71 255 6885.86
vt -15.9954 10.0394
vt -15.8885 10.0394
f 788/1864/159 789/1863/160 833/1903/160 832/1904/159 

v 3431.77 255 6884.33
vt -16.5361 10.0394
vt -16.4349 10.0394
f 789/1868/160 790/1867/161 834/1905/161 833/1906/160 

v 3433.45 255 6882.14
vt -15.9105 10.0394
vt -15.8018 10.0394
f 790/1872/161 791/1871/162 835/1907/162 834/1908/161 

vt -14.5008 10.0394
vt -14.3711 10.0394
f 791/1876/162 792/1875/163 820/1909/163 835/1910/162 

vt 13.636 9.9994
vt 13.6263 10.294
vt 13.5756 10.4594
vt 13.4949 10.5887
vt 13.3881 10.6728
vt 13.2418 10.719
vt 13.0428 10.7344
vt 12.4972 10.7344
f 821/1911/35 822/1667/35 823/1912/35 824/1913/35 825/1914/35 826/1915/35 827/1916/35 828/1917/35 829/1918/35 830/1675/35 831/1674/35 832/1673/35 833/1672/35 834/1671/35 835/1670/35 820/1669/35 819/1668/35 

f 744/1676/35 743/1675/35 818/1918/35

f 744/1676/35 818/1918/35 748/1814/35

f 817/1917/35 748/1814/35 818/1918/35

f 748/1814/35 817/1917/35 750/1815/35

f 750/1815/35 817/1917/35 752/1816/35

f 752/1816/35 817/1917/35 816/1916/35

f 752/1816/35 816/1916/35 754/1817/35

f 754/1817/35 816/1916/35 815/1915/35

f 754/1817/35 815/1915/35 756/1818/35

f 756/1818/35 815/1915/35 814/1914/35

f 756/1818/35 814/1914/35 758/1819/35

f 758/1819/35 814/1914/35 760/1820/35

vt 13.5225 10.993
f 760/1820/35 814/1914/35 444/1919/35

f 813/1913/35 444/1919/35 814/1914/35

f 444/1919/35 813/1913/35 443/1666/35

f 443/1666/35 813/1913/35 812/1912/35

f 443/1666/35 812/1912/35 735/1667/35

v 3437.73 306 6851.98
vt 5.00961 12.0472
vn -0.70845 -2.01148e-18 0.705761
v 3432.92 306 6848.61
vt 4.77854 12.0472
vn -0.57324 -3.96022e-18 0.819387
vt 4.77854 10.6299
vt 5.00961 10.6299
f 836/1920/263 837/1921/264 444/1922/264 443/1923/263 

v 3436.6 306 6844.85
vt 13.6674 11.1412
f 836/1666/116 838/1924/116 837/1919/116

v 3439.21 306 6840.06
vt 13.7704 11.3295
f 838/1924/116 836/1666/116 839/1925/116

v 3441.28 306 6857.09
f 839/1925/116 836/1666/116 840/1665/116

vt -0.859951 12.0472
vn -0.89377 7.92525e-30 0.448525
vt -1.10523 12.0472
vt -1.10523 10.6299
vt -0.859951 10.6299
f 840/1926/265 836/1927/263 443/1928/263 442/1929/265 

v 3443.47 306 6863.63
vt -5.43009 12.0472
vn -0.978117 -1.72843e-29 0.208055
vt -5.70157 12.0472
vt -5.70157 10.6299
vt -5.43009 10.6299
f 841/1930/266 840/1931/265 442/1932/265 440/1933/266 

v 3441.3 306 6828.78
vt 13.8525 11.7739
f 842/1934/116 840/1665/116 841/1664/116

v 3440.78 306 6834.6
vt 13.832 11.5448
f 843/1935/116 840/1665/116 842/1934/116

f 839/1925/116 840/1665/116 843/1935/116

vt -14.6787 12.0472
vn -0.925089 1.38627e-29 -0.379749
vt -14.9026 12.0472
vn -0.983135 -3.55369e-29 -0.182883
vt -14.9026 10.6299
vt -14.6787 10.6299
f 839/1936/267 843/1937/268 447/1938/268 446/1939/267 

vt -12.7327 12.0472
vt -12.9628 12.0472
vn -0.999998 -3.21868e-19 0.00179894
vt -12.9628 10.6299
vt -12.7327 10.6299
f 843/1940/268 842/1941/269 448/1942/269 447/1943/268 

vt -10.4377 12.0472
v 3440.71 306 6822.47
vt -10.6871 12.0472
vn -0.982271 -3.22004e-19 0.187465
vt -10.6871 10.6299
vt -10.4377 10.6299
f 842/1944/269 844/1945/270 450/1946/270 448/1947/269 

vt 13.8293 12.0222
f 522/1031/116 844/1948/116 842/1934/116

v 3438.95 306 6816.43
vt 13.7599 12.2598
f 522/1031/116 845/1949/116 844/1948/116

v 3436.15 306 6811.3
vt 13.6497 12.462
f 522/1031/116 846/1950/116 845/1949/116

v 3432.45 306 6807.7
vt 13.504 12.6039
f 522/1031/116 847/1951/116 846/1950/116

v 3427.62 306 6805.57
vt 13.3139 12.6877
f 522/1031/116 848/1952/116 847/1951/116

f 522/1031/116 734/1629/116 848/1952/116

vt 11.782 12.0472
vn -0.261569 -7.99242e-19 0.965185
vt 11.5368 12.0472
vt 11.5368 10.6299
vt 11.782 10.6299
f 848/1953/271 734/1954/121 460/1955/121 458/1956/271 

f 460/1629/35 773/1827/35 458/1952/35

f 460/1629/35 745/1677/35 773/1827/35

f 458/1952/35 773/1827/35 771/1826/35

f 458/1952/35 771/1826/35 456/1951/35

f 456/1951/35 771/1826/35 769/1825/35

f 456/1951/35 769/1825/35 766/1824/35

f 456/1951/35 766/1824/35 764/1822/35

f 456/1951/35 764/1822/35 454/1950/35

f 454/1950/35 764/1822/35 762/1821/35

f 762/1821/35 445/1924/35 454/1950/35

f 760/1820/35 445/1924/35 762/1821/35

f 760/1820/35 444/1919/35 445/1924/35

vt -17.314 12.0472
vn -0.714986 2.46973e-18 -0.699139
vt -17.5212 12.0472
vn -0.803665 1.24652e-18 -0.595082
vt -17.5212 10.6299
vt -17.314 10.6299
f 837/1957/272 838/1958/273 445/1959/273 444/1960/272 

vt -16.3334 12.0472
vt -16.5481 12.0472
vt -16.5481 10.6299
vt -16.3334 10.6299
f 838/1961/273 839/1962/267 446/1963/267 445/1964/273 

f 452/1949/35 445/1924/35 446/1925/35

f 454/1950/35 445/1924/35 452/1949/35

vt -4.17369 12.0472
vn -0.924225 1.52504e-18 0.381849
vt -4.40394 12.0472
vn -0.796699 2.78462e-18 0.604377
vt -4.40394 10.6299
vt -4.17369 10.6299
f 845/1965/274 846/1966/275 454/1967/275 452/1968/274 

vt 1.08365 12.0472
vt 0.880305 12.0472
vn -0.559404 4.54297e-19 0.828895
vt 0.880305 10.6299
vt 1.08365 10.6299
f 846/1969/275 847/1970/276 456/1971/276 454/1972/275 

vt 7.27352 12.0472
vt 7.06573 12.0472
vt 7.06573 10.6299
vt 7.27352 10.6299
f 847/1973/276 848/1974/271 458/1975/271 456/1976/276 

vt -7.66179 12.0472
vt -7.90933 12.0472
vt -7.90933 10.6299
vt -7.66179 10.6299
f 844/1977/270 845/1978/274 452/1979/274 450/1980/270 

f 452/1949/35 446/1925/35 450/1948/35

f 450/1948/35 446/1925/35 447/1935/35

f 450/1948/35 447/1935/35 448/1934/35

f 522/1031/116 842/1934/116 841/1664/116

f 522/1031/116 841/1664/116 483/993/116

vt -8.72236 12.0472
vt -9.02381 12.0472
vt -9.02381 10.6299
vt -8.72236 10.6299
f 483/1981/115 841/1982/266 440/1983/266 441/1984/115 

f 440/1664/35 480/991/35 441/993/35

f 522/1031/116 483/993/116 484/992/116

vt 0.905512 12.0472
v 3470.32 2.70717e-13 7104.83
vt 0.905512 0
v 3470.32 2.70717e-13 6620.76
vt 19.9636 0
vt 19.9636 12.0472
f 484/1985/3 849/1986/3 850/1987/3 522/1988/3 

vt 7.4976 12.0472
v 3279.89 2.70717e-13 7104.83
vt 7.4976 0
vt 14.9952 0
vt 14.9952 12.0472
f 502/1989/32 851/1990/32 849/1991/32 484/1992/32 

v 3279.89 2.70717e-13 7127.83
f 503/188/3 852/189/3 851/1986/3 502/1985/3 

v 3089.45 2.70717e-13 7127.83
f 519/188/32 853/189/32 852/1990/32 503/1989/32 

vt -19.9636 12.0472
v 3089.45 2.70717e-13 6620.76
vt -19.9636 0
f 520/1993/5 854/1994/5 853/189/5 519/188/5 

vt -14.9952 12.0472
vt -14.9952 0
f 520/188/4 522/1995/4 850/1996/4 854/189/4 

vt -14.9952 19.9636
vt -14.9952 0.905512
vt -7.4976 0.905512
vt -7.4976 0
vt 0 19.9636
f 850/1997/43 849/1998/43 851/1999/43 852/2000/43 853/189/43 854/2001/43 

v 3374.45 270 6859.96
vt 11.2207 10.546
f 725/1594/35 855/2002/35 732/1002/35

v 3368.2 270 6834.07
vt 10.9744 11.5655
f 725/1594/35 856/2003/35 855/2002/35

v 3363.94 270 6814.68
vt 10.807 12.3289
f 725/1594/35 857/2004/35 856/2003/35

f 724/1593/35 857/2004/35 725/1594/35

v 3360.71 270 6832.54
vt 10.6799 11.6258
f 724/1593/35 858/2005/35 857/2004/35

v 3354.13 270 6859.96
vt 10.4207 10.546
f 724/1593/35 859/2006/35 858/2005/35

f 724/1593/35 728/1004/35 859/2006/35

f 724/1593/35 727/1005/35 728/1004/35

f 727/1005/35 724/1593/35 726/1006/35

v 3336.84 269 6898.36
vt -11.1007 10.5906
vn -0.971009 -1.74604e-13 -0.239041
vt -11.1007 10.6299
vt -14.8918 10.6299
v 3359.86 269 6804.86
vt -14.8918 10.5906
v 3356.03 269 6820.4
vt -14.2615 10.5906
v 3344.45 269 6867.44
vt -12.3543 10.5906
f 860/2007/277 726/2008/277 724/2009/277 861/2010/277 862/2011/277 863/2012/277 

v 3345.26 269 6898.36
vt 10.0714 10.5906
vt 10.0714 10.6299
vt 9.73981 10.6299
vt 9.73981 10.5906
f 864/2013/32 727/2014/32 726/2015/32 860/2016/32 

v 3351.84 269 6870.04
vt 12.2247 10.5906
vn 0.974033 3.44571e-19 0.226408
vt 12.2247 10.6299
vt 11.08 10.6299
vt 11.08 10.5906
f 865/2017/278 728/2018/278 727/2019/278 864/2020/278 

v 3376.91 269 6870.04
vt 11.3173 10.5906
vt 11.3173 10.6299
vt 10.3306 10.6299
vt 10.3306 10.5906
f 866/2021/32 730/2022/32 728/2023/32 865/2024/32 

v 3383.9 269 6898.36
vt -5.99247 10.5906
vn -0.970851 4.8297e-18 0.239685
vt -5.99247 10.6299
vt -7.14086 10.6299
vt -7.14086 10.5906
f 867/2025/279 731/2026/279 730/2027/279 866/2028/279 

v 3392.93 269 6898.36
vt 11.9483 10.5906
vt 11.9483 10.6299
vt 11.5925 10.6299
vt 11.5925 10.5906
f 868/2029/32 732/2030/32 731/2031/32 867/2032/32 

v 3368.4 269 6804.86
vt 9.51235 10.5906
vn 0.967265 -5.15242e-15 -0.253769
vt 9.51235 10.6299
vt 5.70654 10.6299
vt 5.70654 10.5906
v 3385.58 269 6870.33
vt 6.84763 10.5906
v 3372.79 269 6821.58
vt 8.83172 10.5906
f 869/2033/280 725/2034/280 732/2035/280 868/2036/280 870/2037/280 871/2038/280 

vt -10.646 10.5906
vt -10.646 10.6299
vt -10.9825 10.6299
vt -10.9825 10.5906
f 861/2039/4 724/2040/4 725/2041/4 869/2042/4 

vt -10.9825 12.7156
vn 2.46227e-16 -1 -5.71996e-15
vt -11.1552 12.0573
v 3365.34 269 6821.06
vt -10.8621 12.0778
v 3363.94 269 6814.68
vt -10.807 12.3289
v 3362.99 269 6820.89
vt -10.7694 12.0843
vt -10.4954 12.1035
vt -10.646 12.7156
f 869/2043/281 871/2044/281 872/2045/281 873/2046/281 874/2047/281 862/2048/281 861/2049/281 

v 3368.2 269 6834.07
vt -10.9744 11.5655
vn -1.78944e-16 -1 1.5513e-15
vt -11.6587 10.1381
vt -10.0395 10.2517
v 3362.56 269 6823.64
vt -10.7527 11.9761
v 3360.71 269 6832.54
vt -10.6799 11.6258
v 3354.13 269 6859.96
vt -10.4207 10.546
v 3374.45 269 6859.96
vt -11.2207 10.546
f 875/2050/282 872/2045/282 871/2044/282 870/2051/282 863/2052/282 862/2048/282 874/2047/282 876/2053/282 877/2054/282 878/2055/282 879/2056/282 

vt -9.72777 10.6299
vn -0.976788 -5.41487e-15 0.214208
vt -9.72777 10.5906
vt -9.47073 10.5906
vt -8.94626 10.5906
vn -0.974469 -2.70759e-15 0.224524
vt -8.94626 10.6299
f 857/2057/283 873/2058/283 872/2059/283 875/2060/284 856/2061/284 

v 3362.56 270 6823.64
vt 13.473 10.6299
vn 0.984041 1.2734e-14 0.177944
vt 13.473 10.5906
vt 13.5825 10.5906
vn 0.988351 2.54594e-14 0.152189
vt 13.83 10.5906
vt 13.83 10.6299
f 880/2062/285 876/2063/285 874/2064/286 873/2065/286 857/2066/286 

vt 13.5565 10.6299
vn 0.975836 0 0.218506
vt 13.5565 10.5906
vt 13.9143 10.5906
vt 13.9143 10.6299
f 858/2067/287 877/2068/287 876/2069/285 880/2070/285 

vt 12.6868 10.6299
vn 0.972385 0 0.233384
vt 12.6868 10.5906
vt 13.7973 10.5906
vt 13.7973 10.6299
f 859/2071/288 878/2072/288 877/2073/287 858/2074/287 

vt -11.2207 10.6299
vt -11.2207 10.5906
vt -10.4207 10.5906
vt -10.4207 10.6299
f 855/2075/4 879/2076/4 878/2077/4 859/2078/4 

vt -8.66521 10.6299
vt -8.66521 10.5906
vt -7.61639 10.5906
vn -0.97204 0 0.234815
vt -7.61639 10.6299
f 856/2079/284 875/2080/284 879/2081/289 855/2082/289 

vn -0.97204 4.68566e-16 0.234815
vn -0.974469 4.58487e-16 0.224524
v 3368.2 255 6834.07
vt -8.66521 10.0394
v 3374.45 255 6859.96
vt -7.61639 10.0394
f 879/2081/290 875/2080/291 881/2083/291 882/2084/290 

vn -0.976788 4.48356e-16 0.214208
v 3365.34 255 6821.06
vt -9.47073 10.0394
vt -8.94626 10.0394
f 875/2060/291 872/2059/292 883/2085/292 881/2086/291 

v 3363.94 255 6814.68
vt -9.72777 10.0394
f 872/2059/292 873/2058/292 884/2087/292 883/2085/292 

vn 0.988351 -7.21054e-17 0.152189
v 3362.99 255 6820.89
vt 13.5825 10.0394
vt 13.83 10.0394
f 873/2065/293 874/2064/293 885/2088/293 884/2089/293 

vn 0.984041 -4.44686e-17 0.177944
v 3362.56 255 6823.64
vt 13.473 10.0394
f 874/2064/293 876/2063/294 886/2090/294 885/2088/293 

vn 0.975836 -6.13146e-19 0.218506
v 3360.71 255 6832.54
vt 13.5565 10.0394
vt 13.9143 10.0394
f 876/2069/294 877/2068/295 887/2091/295 886/2092/294 

vn 0.972385 1.55753e-17 0.233384
v 3354.13 255 6859.96
vt 12.6868 10.0394
vt 13.7973 10.0394
f 877/2073/295 878/2072/296 888/2093/296 887/2094/295 

vn 0 -1.03422e-15 -1
vt -11.2207 10.0394
vt -10.4207 10.0394
f 878/2077/297 879/2076/297 882/2095/297 888/2096/297 

vt 10.7694 12.0843
vn 2.32208e-16 1 -1.03422e-15
vt 10.7527 11.9761
vt 10.8621 12.0778
f 885/2097/298 886/2098/298 887/2005/298 888/2006/298 882/2002/298 881/2003/298 883/2099/298 884/2004/298 

f 859/2006/35 730/1615/35 855/2002/35

f 730/1615/35 859/2006/35 728/1004/35

f 732/1002/35 855/2002/35 730/1615/35

f 732/1002/35 730/1615/35 731/1003/35

f 857/2004/35 858/2005/35 880/2098/35

vt -9.73981 9.03438
vt -11.9483 9.03438
vt -11.5925 9.03438
vt -11.3173 10.1493
vt -10.3306 10.1493
vt -10.0714 9.03438
f 860/2100/43 863/2052/43 870/2051/43 868/2101/43 867/2102/43 866/2103/43 865/2104/43 864/2105/43 

v 3304.46 306 6887.33
vt 8.46496 9.46879
f 720/1592/116 715/1581/116 889/2106/116

vt -12.7156 12.0472
v 3304.46 270 6887.33
f 889/1590/5 715/2107/5 717/948/5 890/1591/5 

f 719/1007/35 721/1592/35 890/2106/35 717/1581/35 716/1129/35 718/1008/35 

v 3333.98 269 6887.33
v 3333.98 269 6898.36
vt 9.03438 10.5906
f 891/1334/3 721/1333/3 719/1039/3 892/2108/3 

v 3304.46 269 6887.33
vt -8.46496 10.5906
vt -8.46496 10.6299
vt -9.62713 10.5906
f 893/2109/4 890/2110/4 721/1588/4 891/2111/4 

v 3304.46 269 6804.86
vt 12.7156 10.5906
v 3304.46 269 6864.64
vt 10.3621 10.5906
v 3304.46 269 6816.79
vt 12.246 10.5906
f 894/2112/3 717/1040/3 890/1333/3 893/1334/3 895/2113/3 896/2114/3 

v 3296.52 269 6804.86
vt -8.15269 10.5906
f 897/2115/4 716/1589/4 717/2110/4 894/2109/4 

v 3296.52 269 6898.36
v 3296.52 269 6864.08
vt -10.3841 10.5906
f 898/946/5 718/947/5 716/948/5 897/949/5 899/2116/5 

vt 9.62713 10.5906
vt 9.62713 10.6299
vt 8.15269 10.5906
f 892/2117/32 719/2118/32 718/1584/32 898/2119/32 

vt -8.15269 9.03438
vn 1.27439e-16 -1 1.36058e-15
vt -8.15269 10.3841
vt -8.46496 10.3621
vt -8.46496 9.46879
vt -9.62713 9.46879
vt -9.62713 9.03438
f 898/2120/299 899/2121/299 895/2122/299 893/2123/299 891/2124/299 892/2125/299 

vt -8.46496 12.7156
vn 1.23624e-17 -1 -2.64341e-16
vt -8.46496 12.246
vt -8.15269 12.7156
f 894/2126/300 896/2127/300 895/2122/300 899/2121/300 897/2128/300 

vt 9.62713 12.0472
f 720/2129/32 889/1582/32 890/1585/32 721/2118/32 

v 3216.19 270 6859.96
vt 4.98971 10.546
f 539/1058/35 900/2130/35 545/1019/35

v 3209.93 270 6834.07
vt 4.74343 11.5655
f 539/1058/35 901/2131/35 900/2130/35

v 3205.68 270 6814.68
vt 4.57603 12.3289
f 539/1058/35 902/2132/35 901/2131/35

f 538/1057/35 902/2132/35 539/1058/35

v 3202.45 270 6832.54
vt 4.44886 11.6258
f 538/1057/35 903/2133/35 902/2132/35

v 3195.87 270 6859.96
vt 4.18971 10.546
f 538/1057/35 904/2134/35 903/2133/35

f 538/1057/35 542/1022/35 904/2134/35

f 538/1057/35 541/1023/35 542/1022/35

f 541/1023/35 538/1057/35 540/1024/35

v 3178.57 269 6898.36
vt -9.61122 10.5906
vn -0.971009 4.1262e-14 -0.239041
vt -9.61122 10.6299
vt -13.4023 10.6299
v 3201.59 269 6804.86
vt -13.4023 10.5906
f 905/2135/301 540/2136/301 538/2137/301 906/2138/301 

v 3186.99 269 6898.36
vt 3.84041 10.5906
vt 3.84041 10.6299
vt 3.50882 10.6299
vt 3.50882 10.5906
f 907/2139/32 541/2140/32 540/2141/32 905/2142/32 

v 3193.58 269 6870.04
vt 10.8139 10.5906
vn 0.974033 4.90673e-18 0.226408
vt 10.8139 10.6299
vt 9.66928 10.6299
vt 9.66928 10.5906
f 908/2143/302 542/2144/302 541/2145/302 907/2146/302 

v 3218.64 269 6870.04
vt 5.08629 10.5906
vt 5.08629 10.6299
vt 4.09957 10.6299
vt 4.09957 10.5906
f 909/2147/32 543/2148/32 542/2149/32 908/2150/32 

v 3225.63 269 6898.36
vt -7.48595 10.5906
vn -0.970851 5.2711e-29 0.239685
vt -7.48595 10.6299
vt -8.63434 10.6299
vt -8.63434 10.5906
f 910/2151/303 544/2152/303 543/2153/303 909/2154/303 

v 3234.67 269 6898.36
vt 5.71728 10.5906
vt 5.71728 10.6299
vt 5.36154 10.6299
vt 5.36154 10.5906
f 911/2155/32 545/2156/32 544/2157/32 910/2158/32 

v 3210.13 269 6804.86
vt 11.0936 10.5906
vn 0.967265 -5.74103e-15 -0.253769
vt 11.0936 10.6299
vt 7.28777 10.6299
vt 7.28777 10.5906
f 912/2159/304 539/2160/304 545/2161/304 911/2162/304 

vt -4.41506 10.5906
vt -4.41506 10.6299
vt -4.75148 10.6299
vt -4.75148 10.5906
f 906/2163/4 538/2164/4 539/2165/4 912/2166/4 

v 3205.68 269 6814.68
vt -4.57603 12.3289
vn -4.5548e-17 -1 1.05413e-16
vt -4.41506 12.7156
vt -4.75148 12.7156
f 913/2167/305 906/2168/305 912/2169/305

v 3202.45 269 6832.54
vt -4.44886 11.6258
f 914/2170/305 906/2168/305 913/2167/305

v 3196.56 269 6857.07
vt -4.21709 10.6601
f 915/2171/305 906/2168/305 914/2170/305

v 3195.87 269 6859.96
vt -4.18971 10.546
f 916/2172/305 906/2168/305 915/2171/305

vt -4.09957 10.1493
f 908/2173/305 906/2168/305 916/2172/305

vt -3.84041 9.03438
f 907/2174/305 906/2168/305 908/2173/305

vt -3.50882 9.03438
f 906/2168/305 907/2174/305 905/2175/305

vt -5.08629 10.1493
f 916/2172/305 909/2176/305 908/2173/305

v 3216.19 269 6859.96
vt -4.98971 10.546
f 909/2176/305 916/2172/305 917/2177/305

vt -4.98971 10.6299
vt -4.98971 10.5906
vt -4.18971 10.5906
vt -4.18971 10.6299
f 900/2178/4 917/2179/4 916/2180/4 904/2181/4 

vt -10.1283 10.6299
vn -0.974469 3.52442e-14 0.224524
v 3209.93 269 6834.07
vt -10.1283 10.5906
v 3215.81 269 6858.42
vt -9.1422 10.5906
vn -0.97204 7.04844e-14 0.234815
vt -9.07952 10.5906
vt -9.07952 10.6299
f 901/2182/306 918/2183/306 919/2184/307 917/2185/307 900/2186/307 

vt -11.0625 10.6299
vn -0.976788 0 0.214208
vt -11.0625 10.5906
vt -10.281 10.5906
vt -10.281 10.6299
f 902/2187/308 913/2188/308 918/2189/306 901/2190/306 

v 3204.3 270 6823.64
vt 12.5247 10.6299
vn 0.984041 0 0.177944
v 3204.3 269 6823.64
vt 12.5247 10.5906
vt 12.8817 10.5906
vn 0.988351 0 0.152189
vt 12.8817 10.6299
f 920/2191/309 921/2192/309 913/2193/310 902/2194/310 

vt 12.288 10.6299
vn 0.975836 6.07959e-15 0.218506
vt 12.288 10.5906
vt 12.6458 10.5906
vt 12.6458 10.6299
f 903/2195/311 914/2196/311 921/2197/309 920/2198/309 

vt 11.2326 10.6299
vn 0.972385 1.21578e-14 0.233384
vt 11.2326 10.5906
vt 11.35 10.5906
vt 12.343 10.5906
vt 12.343 10.6299
f 904/2199/312 916/2200/312 915/2201/312 914/2202/311 903/2203/311 

v 3195.87 255 6859.96
vt 11.2326 10.0394
v 3196.56 255 6857.07
vt 11.35 10.0394
f 915/2201/288 916/2200/288 922/2204/288 923/2205/288 

v 3216.19 255 6859.96
vt -4.98971 10.0394
vt -4.18971 10.0394
f 916/2180/4 917/2179/4 924/2206/4 922/2207/4 

v 3215.81 255 6858.42
vt -9.1422 10.0394
vt -9.07952 10.0394
f 917/2185/289 919/2184/289 925/2208/289 924/2209/289 

vt -4.97499 10.607
vt -5.71728 9.03438
f 919/2210/305 911/2211/305 917/2177/305

f 919/2210/305 912/2169/305 911/2211/305

vt -4.74343 11.5655
f 918/2212/305 912/2169/305 919/2210/305

f 913/2167/305 912/2169/305 918/2212/305

vn -0.974469 0 0.224524
v 3205.68 255 6814.68
vt -11.0625 10.0394
v 3209.93 255 6834.07
vt -10.281 10.0394
f 918/2189/313 913/2188/308 926/2213/308 927/2214/313 

v 3204.3 255 6823.64
vt 12.5247 10.0394
vt 12.8817 10.0394
f 913/2193/310 921/2192/309 928/2215/309 926/2216/310 

vt -4.5217 11.9761
f 914/2170/305 913/2167/305 921/2217/305

v 3202.45 255 6832.54
vt 12.288 10.0394
vt 12.6458 10.0394
f 921/2197/309 914/2196/287 929/2218/287 928/2219/309 

vt 12.343 10.0394
f 914/2202/287 915/2201/288 923/2205/288 929/2220/287 

vt 4.97499 10.607
vt 4.5217 11.9761
vt 4.21709 10.6601
f 925/2221/35 927/2131/35 926/2132/35 928/2222/35 929/2133/35 923/2223/35 922/2134/35 924/2130/35 

vt -10.1283 10.0394
f 919/2184/289 918/2183/313 927/2224/313 925/2208/289 

f 917/2177/305 911/2211/305 909/2176/305

vt -5.36154 9.03438
f 909/2176/305 911/2211/305 910/2225/305

f 902/2132/35 903/2133/35 920/2222/35

f 904/2134/35 543/1021/35 900/2130/35

f 543/1021/35 904/2134/35 542/1022/35

f 545/1019/35 900/2130/35 543/1021/35

f 545/1019/35 543/1021/35 544/1020/35

vt -12.2812 12.0472
v 3174.85 270 6815.89
vt -12.2812 10.6299
f 535/2226/5 523/2107/5 525/948/5 930/2227/5 

v 3174.85 269 6804.86
v 3174.85 269 6815.89
f 931/2112/3 525/1040/3 930/1491/3 932/1490/3 

v 3134.41 269 6804.86
vt -1.77039 10.5906
vt -3.36235 10.6299
vt -3.36235 10.5906
f 933/2228/4 524/1044/4 525/2229/4 931/2230/4 

v 3134.41 269 6898.36
f 934/946/5 526/947/5 524/948/5 933/949/5 

v 3142.35 269 6898.36
vt 2.08267 10.5906
vt 2.08267 10.6299
vt 1.77039 10.5906
f 935/2231/32 527/2232/32 526/1035/32 934/2233/32 

vt 10.7067 10.5906
vt 10.7067 10.6299
f 532/2234/3 528/2235/3 527/1039/3 935/2108/3 

v 3170.48 269 6844.85
v 3142.35 269 6844.85
vt 2.08267 11.1412
v 3142.35 269 6815.89
vt 2.08267 12.2812
f 931/1032/35 933/1030/35 934/1027/35 935/1026/35 532/1025/35 531/1054/35 936/1055/35 937/2236/35 938/2237/35 932/1056/35 

vt 11.1412 10.5906
vt 11.1412 10.6299
f 936/2238/3 534/2239/3 530/2235/3 531/2234/3 

v 3142.35 270 6844.85
f 937/1051/4 939/1043/4 534/1049/4 936/1050/4 

v 3142.35 270 6815.89
f 938/1490/3 940/1491/3 939/2239/3 937/2238/3 

vt 3.36235 10.5906
f 932/2240/32 930/1036/32 940/2232/32 938/2231/32 

v 3142.35 306 6815.89
vt -3.36235 12.0472
f 941/1042/4 535/2241/4 930/2229/4 940/1043/4 

f 941/2237/116 533/1055/116 535/1056/116

v 3142.35 306 6844.85
f 533/1055/116 941/2237/116 942/2236/116

f 942/1052/5 941/2226/5 940/2227/5 939/1053/5 

vt 3.19011 12.0472
vt 2.08267 12.0472
vt 3.19011 10.6299
f 533/2242/32 942/2243/32 939/2232/32 534/2244/32 

g Mesh14 Group14 Model

v 3098.6 306 5930.6
vt 0 26.8309
v 3098.6 306 6612.1
v 3470.32 306 6612.1
vt 14.6347 0
v 3470.32 306 5930.6
vt 14.6347 26.8309
f 943/2245/35 944/189/35 945/2246/35 946/2247/35 

vt -26.8309 12.0472
v 3098.6 3.15836e-13 5930.6
vt -26.8309 0
v 3098.6 3.15836e-13 6612.1
f 944/188/5 943/2248/5 947/2249/5 948/189/5 

vt -14.6347 12.0472
v 3470.32 3.15836e-13 5930.6
vt -14.6347 0
f 943/188/4 946/2250/4 949/2251/4 947/189/4 

vt 26.8309 12.0472
v 3470.32 3.15836e-13 6612.1
vt 26.8309 0
f 946/2252/3 945/188/3 950/189/3 949/2253/3 

vt 14.6347 12.0472
f 945/2254/32 944/188/32 948/189/32 950/2246/32 

vt -14.6347 26.8309
f 947/2245/43 949/2255/43 950/2251/43 948/189/43 

g Mesh15 Group15 Model

v 5197.31 306 7281.37
vt -7.43414e-32 12.0472
vn -3.13335e-33 2.39488e-17 -1
v 5887.02 306 7281.37
vt -27.1541 12.0472
v 5887.02 1.3521e-13 7281.37
vt -27.1541 6.53139e-15
v 5197.31 4.49713e-14 7281.37
vt -7.43414e-32 2.97867e-15
f 951/2256/314 952/2257/314 953/2258/314 954/2259/314 

v 5887.02 306 7884
vt 27.1541 8.92809e-16
vn -1.30835e-16 1 7.4109e-17
vt 27.1541 23.7259
vt 1.57621e-15 23.7259
v 5197.31 306 7821.82
vt 1.57621e-15 2.44835
v 5542.17 306 7821.82
vt 13.577 2.44835
v 5542.17 306 7884
vt 13.577 8.92809e-16
f 955/2260/315 952/2261/315 951/2262/315 956/2263/315 957/2264/315 958/2265/315 

vt 23.7259 12.0472
vn 1 1.27297e-16 9.43382e-33
vt 2.56167e-31 12.0472
v 5887.02 4.51195e-14 7884
vt 2.56167e-31 9.60946e-17
vt 23.7259 3.64297e-15
f 952/2266/316 955/2267/316 959/2268/316 953/2269/316 

vt 27.1541 12.0472
vn 3.13335e-33 -2.39488e-17 1
vt 13.577 12.0472
v 5542.17 4.51195e-14 7884
vt 13.577 3.55271e-15
vt 27.1541 3.55271e-15
f 955/2270/317 958/2271/317 960/2272/317 959/2273/317 

vt 4.25415e-32 3.55271e-15
vn -1 0 3.13335e-33
vt 4.25415e-32 12.0472
vt -2.44835 12.0472
v 5542.17 4.66088e-14 7821.82
vt -2.44835 3.61135e-15
f 960/2274/318 958/2275/318 957/2276/318 961/2277/318 

vt 7.67152e-33 12.0472
v 5197.31 -4.36301e-14 7821.82
vt 7.67152e-33 2.46519e-32
f 957/2271/317 956/2278/317 962/2279/317 961/2272/317 

vn -1 -1.27297e-16 -9.43382e-33
vt -23.7259 12.0472
vt -23.7259 3.54688e-15
vt -2.44835 5.86349e-17
f 956/2276/319 951/2280/319 954/2281/319 962/2282/319 

g Mesh16 Group16 Model

v 9145.38 306 7821.82
v 9145.38 306 7281.37
v 8632.26 306 7281.37
v 8632.26 306 7885.03
v 8888.82 306 7885.03
v 8888.82 306 7821.82
f 963/353/35 964/354/35 965/355/35 966/189/35 967/356/35 968/357/35 

v 9145.38 8.32721e-14 7821.82
v 9145.38 8.32721e-14 7281.37
f 964/358/3 963/359/3 969/360/3 970/361/3 

v 8888.82 8.32721e-14 7821.82
f 963/362/32 968/363/32 971/356/32 969/364/32 

v 8888.82 8.32721e-14 7885.03
f 967/188/3 972/189/3 971/360/3 968/359/3 

v 8632.26 8.32721e-14 7885.03
f 973/189/32 972/356/32 967/363/32 966/188/32 

v 8632.26 8.32721e-14 7281.37
f 966/188/5 965/365/5 974/366/5 973/189/5 

f 965/188/4 964/367/4 970/368/4 974/189/4 

g Mesh17 Group17 Model

v 5171.95 306 7877.82
vt 39.0778 12.0472
v 4675.66 306 7877.82
vt 19.5389 12.0472
v 4675.66 2.25597e-14 7877.82
vt 19.5389 0
v 5171.95 2.25597e-14 7877.82
vt 39.0778 0
f 975/2283/32 976/2284/32 977/2285/32 978/2286/32 

v 5171.95 306 7281.37
vt 39.0778 23.4823
v 4179.37 306 7281.37
vt 0 23.4823
v 4179.37 306 7821.82
vt 0 2.20472
v 4675.66 306 7821.82
vt 19.5389 2.20472
f 975/2286/35 979/2287/35 980/2288/35 981/2289/35 982/2290/35 976/2285/35 

vt 23.4823 12.0472
v 5171.95 2.25597e-14 7281.37
vt 23.4823 0
f 979/2291/3 975/188/3 978/189/3 983/2292/3 

v 4675.66 2.25597e-14 7821.82
vt -19.5389 2.20472
vn 1.29727e-18 -1 -6.89804e-17
v 4179.37 2.25597e-14 7821.82
v 4179.37 2.25597e-14 7281.37
vt -39.0778 23.4823
vt -39.0778 -3.49691e-33
vt -19.5389 -1.74846e-33
f 984/2293/320 985/2289/320 986/2288/320 983/2294/320 978/2295/320 977/2296/320 

f 985/189/32 984/2285/32 982/2284/32 981/188/32 

vt -2.20472 12.0472
vt -2.20472 0
f 977/189/5 976/188/5 982/2297/5 984/2298/5 

vt -23.4823 12.0472
vt -23.4823 0
f 981/2297/5 980/2299/5 986/2300/5 985/2298/5 

vt -39.0778 12.0472
vt -39.0778 0
f 980/188/4 979/2301/4 983/2302/4 986/189/4 

g Mesh18 C102_1 Model

v 5530.51 306 7431.14
vt -7.68444 2.52683
vn 0 -1 0
v 5537.13 306 7434.1
vt -7.91038 3.03278
v 5544.75 306 7436.25
vt -8.07512 3.61502
v 5540.45 306 7453.27
vt -9.37626 3.28638
v 5530.59 306 7450.06
vt -9.13083 2.53249
v 5521.97 306 7445.78
vt -8.80366 1.87374
v 5514.6 306 7440.43
vt -8.39474 1.31015
v 5508.47 306 7434.01
vt -7.90409 0.841717
v 5503.66 306 7426.68
vt -7.34302 0.473466
v 5500.22 306 7418.56
vt -6.72284 0.210429
v 5498.15 306 7409.68
vt -6.04355 0.0526073
v 5497.47 306 7400.02
vt -5.30516 0
v 5497.99 306 7390.11
vt -4.54749 0.040451
v 5499.58 306 7381.18
vt -3.86402 0.161804
v 5502.23 306 7373.21
vt -3.25474 0.364059
v 5505.93 306 7366.21
vt -2.71965 0.647217
v 5510.64 306 7360.08
vt -2.25143 1.00708
v 5516.29 306 7354.74
vt -1.84272 1.43947
v 5522.9 306 7350.17
vt -1.49354 1.94437
v 5530.45 306 7346.38
vt -1.20389 2.5218
v 5547.09 306 7341.29
vt -0.814051 3.79443
v 5564.92 306 7339.59
vt -0.684105 5.15761
v 5574.64 306 7340.07
vt -0.720783 5.90103
v 5583.73 306 7341.5
vt -0.830818 6.59541
v 5592.17 306 7343.9
vt -1.01421 7.24074
v 5599.96 306 7347.26
vt -1.27096 7.83702
v 5606.99 306 7351.5
vt -1.59541 8.37441
v 5613.12 306 7356.56
vt -1.98189 8.84306
v 5618.35 306 7362.43
vt -2.43042 9.24296
v 5622.68 306 7369.1
vt -2.94098 9.57411
v 5626.08 306 7376.36
vt -3.49619 9.83379
v 5628.5 306 7383.98
vt -4.07864 10.0193
v 5629.96 306 7391.96
vt -4.68834 10.1306
v 5630.45 306 7400.29
vt -5.32529 10.1677
v 5629.83 306 7409.55
vt -6.0337 10.1207
v 5627.99 306 7418.05
vt -6.68343 9.97988
v 5624.92 306 7425.78
vt -7.27448 9.74514
v 5620.62 306 7432.74
vt -7.80684 9.4165
v 5615.21 306 7438.82
vt -8.27171 9.00277
v 5608.8 306 7443.9
vt -8.6603 8.51274
v 5601.39 306 7447.99
vt -8.97259 7.94643
v 5592.99 306 7451.08
vt -9.20858 7.30382
v 5589.04 306 7434.32
vt -7.92757 7.00201
v 5601.17 306 7428.84
vt -7.50838 7.92924
v 5605.8 306 7425.34
vt -7.24095 8.28345
v 5609.48 306 7421.34
vt -6.93494 8.56472
v 5614.28 306 7411.73
vt -6.20054 8.93192
v 5615.88 306 7399.94
vt -5.29846 9.05433
v 5614.11 306 7386.33
vt -4.25805 8.91851
v 5611.89 306 7380.44
vt -3.80764 8.74874
v 5608.78 306 7375.16
vt -3.40376 8.51107
v 5600.46 306 7366.68
vt -2.7557 7.87475
v 5589.7 306 7361.16
vt -2.334 7.05231
v 5577.54 306 7358.14
vt -2.10262 6.12257
v 5565.01 306 7357.13
vt -2.02549 5.16432
v 5549.65 306 7358.32
vt -2.11687 3.98977
v 5536.37 306 7361.91
vt -2.39101 2.97451
v 5525.68 306 7368.02
vt -2.85798 2.15711
v 5521.49 306 7372.07
vt -3.16755 1.83706
v 5518.08 306 7376.78
vt -3.52783 1.57612
v 5513.54 306 7387.28
vt -4.33099 1.22904
v 5512.03 306 7398.62
vt -5.19785 1.11335
v 5512.54 306 7405.49
vt -5.72351 1.15275
v 5514.09 306 7411.82
vt -6.20724 1.27096
v 5516.66 306 7417.6
vt -6.64906 1.46797
v 5520.27 306 7422.83
vt -7.04896 1.7438
v 5524.89 306 7427.39
vt -7.3973 2.09717
f 987/2303/321 988/2304/321 989/2305/321 990/2306/321 991/2307/321 992/2308/321 993/2309/321 994/2310/321 995/2311/321 996/2312/321 997/2313/321 998/2314/321 999/2315/321 1000/2316/321 1001/2317/321 1002/2318/321 1003/2319/321 1004/2320/321 1005/2321/321 1006/2322/321 1007/2323/321 1008/2324/321 1009/2325/321 1010/2326/321 1011/2327/321 1012/2328/321 1013/2329/321 1014/2330/321 1015/2331/321 1016/2332/321 1017/2333/321 1018/2334/321 1019/2335/321 1020/2336/321 1021/2337/321 1022/2338/321 1023/2339/321 1024/2340/321 1025/2341/321 1026/2342/321 1027/2343/321 1028/2344/321 1029/2345/321 1030/2346/321 1031/2347/321 1032/2348/321 1033/2349/321 1034/2350/321 1035/2351/321 1036/2352/321 1037/2353/321 1038/2354/321 1039/2355/321 1040/2356/321 1041/2357/321 1042/2358/321 1043/2359/321 1044/2360/321 1045/2361/321 1046/2362/321 1047/2363/321 1048/2364/321 1049/2365/321 1050/2366/321 1051/2367/321 1052/2368/321 1053/2369/321 

vt -5.99468 0
vn 0.340887 0 -0.940104
vt -5.44058 0
vn 0.483422 0 -0.875388
v 5530.51 318.873 7431.14
vt -5.44058 0.984252
v 5537.13 318.873 7434.1
vt -5.99468 0.984252
f 988/2370/322 987/2371/323 1054/2372/323 1055/2373/322 

vt -6.37062 0
vt -5.85384 0
vn 0.631649 0 -0.775254
v 5524.89 318.873 7427.39
vt -5.85384 0.984252
vt -6.37062 0.984252
f 987/2374/323 1053/2375/324 1056/2376/324 1054/2377/323 

vt -6.68656 0
vt -6.19037 0
vn 0.766012 0 -0.642826
v 5520.27 318.873 7422.83
vt -6.19037 0.984252
vt -6.68656 0.984252
f 1053/2378/324 1052/2379/325 1057/2380/325 1056/2381/324 

vt -6.79268 0
vt -6.30688 0
vn 0.871949 0 -0.489597
v 5516.66 318.873 7417.6
vt -6.30688 0.984252
vt -6.79268 0.984252
f 1052/2382/325 1051/2383/326 1058/2384/326 1057/2385/325 

vt -6.67051 0
vt -6.18676 0
vn 0.946184 0 -0.32363
v 5514.09 318.873 7411.82
vt -6.18676 0.984252
vt -6.67051 0.984252
f 1051/2386/326 1050/2387/327 1059/2388/327 1058/2389/326 

vt -6.33152 0
vt -5.83355 0
vn 0.987662 0 -0.156598
v 5512.54 318.873 7405.49
vt -5.83355 0.984252
vt -6.33152 0.984252
f 1050/2390/327 1049/2391/328 1060/2392/328 1059/2393/327 

vt -5.79366 0
vt -5.26653 0
vn 0.999582 0 0.028925
v 5512.03 318.873 7398.62
vt -5.26653 0.984252
vt -5.79366 0.984252
f 1049/2394/328 1048/2395/329 1061/2396/329 1060/2397/328 

vt -5.00489 0
vt -4.13033 0
vn 0.963692 0 0.267016
v 5513.54 318.873 7387.28
vt -4.13033 0.984252
vt -5.00489 0.984252
f 1048/2398/329 1047/2399/330 1062/2400/330 1061/2401/329 

vt -3.48808 0
vt -2.61314 0
vn 0.869125 0 0.494593
v 5518.08 318.873 7376.78
vt -2.61314 0.984252
vt -3.48808 0.984252
f 1047/2402/330 1046/2403/331 1063/2404/331 1062/2405/330 

vt -1.93267 0
vt -1.48781 0
vn 0.755466 0 0.655188
v 5521.49 318.873 7372.07
vt -1.48781 0.984252
vt -1.93267 0.984252
f 1046/2406/331 1045/2407/332 1064/2408/332 1063/2409/331 

vt -0.88177 0
vt -0.436506 0
vn 0.600315 0 0.799763
v 5525.68 318.873 7368.02
vt -0.436506 0.984252
vt -0.88177 0.984252
f 1045/2410/332 1044/2411/333 1065/2412/333 1064/2413/332 

vt 0.455332 0
vt 1.39672 0
vn 0.381469 0 0.924382
v 5536.37 318.873 7361.91
vt 1.39672 0.984252
vt 0.455332 0.984252
f 1044/2414/333 1043/2415/334 1066/2416/334 1065/2417/333 

vt 2.24836 0
vt 3.29998 0
vn 0.169862 0 0.985468
v 5549.65 318.873 7358.32
vt 3.29998 0.984252
vt 2.24836 0.984252
f 1043/2418/334 1042/2419/335 1067/2420/335 1066/2421/334 

vt 3.81355 0
vt 4.99165 0
vn -0.00133582 0 0.999999
v 5565.01 318.873 7357.13
vt 4.99165 0.984252
vt 3.81355 0.984252
f 1042/2422/335 1041/2423/336 1068/2424/336 1067/2425/335 

vt 5.31018 0
vt 6.27153 0
vn -0.161408 0 0.986888
v 5577.54 318.873 7358.14
vt 6.27153 0.984252
vt 5.31018 0.984252
f 1041/2426/336 1040/2427/337 1069/2428/337 1068/2429/336 

vt 6.44913 0
vt 7.40724 0
vn -0.351201 0 0.9363
v 5589.7 318.873 7361.16
vt 7.40724 0.984252
vt 6.44913 0.984252
f 1040/2430/337 1039/2431/338 1070/2432/338 1069/2433/337 

vt 7.34039 0
vt 8.26463 0
vn -0.592503 0 0.805568
v 5600.46 318.873 7366.68
vt 8.26463 0.984252
vt 7.34039 0.984252
f 1039/2434/338 1038/2435/339 1071/2436/339 1070/2437/338 

vt 7.48347 0
vt 8.3917 0
vn -0.793606 0 0.608432
v 5608.78 318.873 7375.16
vt 8.3917 0.984252
vt 7.48347 0.984252
f 1038/2438/339 1037/2439/340 1072/2440/340 1071/2441/339 

vt 7.25011 0
vt 7.71874 0
vn -0.902103 0 0.431522
v 5611.89 318.873 7380.44
vt 7.71874 0.984252
vt 7.25011 0.984252
f 1037/2442/340 1036/2443/341 1073/2444/341 1072/2445/340 

vt 6.64861 0
vt 7.12995 0
vn -0.970106 0 0.242682
v 5614.11 318.873 7386.33
vt 7.12995 0.984252
vt 6.64861 0.984252
f 1036/2446/341 1035/2447/342 1074/2448/342 1073/2449/341 

vt 5.37665 0
vt 6.42589 0
vn -0.999997 0 -0.0025291
v 5615.88 318.873 7399.94
vt 6.42589 0.984252
vt 5.37665 0.984252
f 1035/2450/342 1034/2451/343 1075/2452/343 1074/2453/342 

vt 4.03294 0
vt 4.94329 0
vn -0.955556 0 -0.294809
v 5614.28 318.873 7411.73
vt 4.94329 0.984252
vt 4.03294 0.984252
f 1034/2454/343 1033/2455/344 1076/2456/344 1075/2457/343 

vt 1.55145 0
vt 2.37254 0
vn -0.823366 0 -0.56751
v 5609.48 318.873 7421.34
vt 2.37254 0.984252
vt 1.55145 0.984252
f 1033/2458/344 1032/2459/345 1077/2460/345 1076/2461/344 

vt -0.690263 0
vt -0.27463 0
vn -0.672143 0 -0.740421
v 5605.8 318.873 7425.34
vt -0.27463 0.984252
vt -0.690263 0.984252
f 1032/2462/345 1031/2463/346 1078/2464/346 1077/2465/345 

vt -2.24762 0
vt -1.80379 0
vn -0.510398 0 -0.859939
v 5601.17 318.873 7428.84
vt -1.80379 0.984252
vt -2.24762 0.984252
f 1031/2466/346 1030/2467/347 1079/2468/347 1078/2469/346 

vt -4.13221 0
vt -3.11463 0
vn -0.41194 0 -0.911211
v 5589.04 318.873 7434.32
vt -3.11463 0.984252
vt -4.13221 0.984252
f 1030/2470/347 1029/2471/348 1080/2472/348 1079/2473/347 

vt 9.32202 0
vn -0.97335 0 0.229323
vt 10.6381 0
v 5592.99 318.873 7451.08
vt 10.6381 0.984252
vt 9.32202 0.984252
f 1029/2474/349 1028/2475/349 1081/2476/349 1080/2477/349 

vt 3.68151 0
vn 0.34474 0 0.938698
vt 4.36608 0
vn 0.415012 0 0.909816
v 5601.39 318.873 7447.99
vt 4.36608 0.984252
vt 3.68151 0.984252
f 1028/2478/350 1027/2479/351 1082/2480/351 1081/2481/350 

vt 2.62578 0
vt 3.27249 0
vn 0.554032 0 0.832495
v 5608.8 318.873 7443.9
vt 3.27249 0.984252
vt 2.62578 0.984252
f 1027/2482/351 1026/2483/352 1083/2484/352 1082/2485/351 

vt 1.28913 0
vt 1.91452 0
vn 0.686739 0 0.726904
v 5615.21 318.873 7438.82
vt 1.91452 0.984252
vt 1.28913 0.984252
f 1026/2486/352 1025/2487/353 1084/2488/353 1083/2489/352 

vt -0.193721 0
vt 0.428598 0
vn 0.802001 0 0.597323
v 5620.62 318.873 7432.74
vt 0.428598 0.984252
vt -0.193721 0.984252
f 1025/2490/353 1024/2491/354 1085/2492/354 1084/2493/353 

vt -1.69658 0
vt -1.07096 0
vn 0.893571 0 0.448922
v 5624.92 318.873 7425.78
vt -1.07096 0.984252
vt -1.69658 0.984252
f 1024/2494/354 1023/2495/355 1086/2496/355 1085/2497/354 

vt -3.16369 0
vt -2.52773 0
vn 0.956579 0 0.291472
v 5627.99 318.873 7418.05
vt -2.52773 0.984252
vt -3.16369 0.984252
f 1023/2498/355 1022/2499/356 1087/2500/356 1086/2501/355 

vt -4.41745 0
vt -3.75263 0
vn 0.990241 0 0.139368
v 5629.83 318.873 7409.55
vt -3.75263 0.984252
vt -4.41745 0.984252
f 1022/2502/356 1021/2503/357 1088/2504/357 1087/2505/356 

vt -5.35124 0
vt -4.64127 0
vn 0.999992 0 0.00399914
v 5630.45 318.873 7400.29
vt -4.64127 0.984252
vt -5.35124 0.984252
f 1021/2506/357 1020/2507/358 1089/2508/358 1088/2509/357 

vt -5.90747 0
vt -5.26944 0
vn 0.992885 0 -0.11908
v 5629.96 318.873 7391.96
vt -5.26944 0.984252
vt -5.90747 0.984252
f 1020/2510/358 1019/2511/359 1090/2512/359 1089/2513/358 

vt -6.43128 0
vt -5.8115 0
vn 0.970276 0 -0.242001
v 5628.5 318.873 7383.98
vt -5.8115 0.984252
vt -6.43128 0.984252
f 1019/2514/359 1018/2515/360 1091/2516/360 1090/2517/359 

vt -6.92662 0
vt -6.31535 0
vn 0.931275 0 -0.364318
v 5626.08 318.873 7376.36
vt -6.31535 0.984252
vt -6.92662 0.984252
f 1018/2518/360 1017/2519/361 1092/2520/361 1091/2521/360 

vt -7.3332 0
vt -6.72026 0
vn 0.874475 0 -0.485071
v 5622.68 318.873 7369.1
vt -6.72026 0.984252
vt -7.3332 0.984252
f 1017/2522/361 1016/2523/362 1093/2524/362 1092/2525/361 

vt -7.67731 0
vt -7.06876 0
vn 0.795011 0 -0.606595
v 5618.35 318.873 7362.43
vt -7.06876 0.984252
vt -7.67731 0.984252
f 1016/2526/362 1015/2527/363 1094/2528/363 1093/2529/362 

vt -7.96517 0
vt -7.36426 0
vn 0.693352 0 -0.720599
v 5613.12 318.873 7356.56
vt -7.36426 0.984252
vt -7.96517 0.984252
f 1015/2530/363 1014/2531/364 1095/2532/364 1094/2533/363 

vt -8.0833 0
vt -7.47585 0
vn 0.578094 0 -0.81597
v 5606.99 318.873 7351.5
vt -7.47585 0.984252
vt -8.0833 0.984252
f 1014/2534/364 1013/2535/365 1096/2536/365 1095/2537/364 

vt -7.99372 0
vt -7.36598 0
vn 0.45723 0 -0.889349
v 5599.96 318.873 7347.26
vt -7.36598 0.984252
vt -7.99372 0.984252
f 1013/2538/365 1012/2539/366 1097/2540/366 1096/2541/365 

vt -7.70075 0
vt -7.05154 0
vn 0.335123 0 -0.942174
v 5592.17 318.873 7343.9
vt -7.05154 0.984252
vt -7.70075 0.984252
f 1012/2542/366 1011/2543/367 1098/2544/367 1097/2545/366 

vt -7.24219 0
vt -6.57131 0
vn 0.215322 0 -0.976543
v 5583.73 318.873 7341.5
vt -6.57131 0.984252
vt -7.24219 0.984252
f 1011/2546/367 1010/2547/368 1099/2548/368 1098/2549/367 

vt -6.64416 0
vt -5.94112 0
vn 0.103045 0 -0.994677
v 5574.64 318.873 7340.07
vt -5.94112 0.984252
vt -6.64416 0.984252
f 1010/2550/368 1009/2551/369 1100/2552/369 1099/2553/368 

vt -5.92938 0
vt -5.18506 0
vn -0.0228686 0 -0.999738
v 5564.92 318.873 7339.59
vt -5.18506 0.984252
vt -5.92938 0.984252
f 1009/2554/369 1008/2555/370 1101/2556/370 1100/2557/369 

vt -5.06942 0
vt -3.70006 0
vn -0.194888 0 -0.980825
v 5547.09 318.873 7341.29
vt -3.70006 0.984252
vt -5.06942 0.984252
f 1008/2558/370 1007/2559/371 1102/2560/371 1101/2561/370 

vt -3.3896 0
vt -2.0586 0
vn -0.371943 0 -0.928256
v 5530.45 318.873 7346.38
vt -2.0586 0.984252
vt -3.3896 0.984252
f 1007/2562/371 1006/2563/372 1103/2564/372 1102/2565/371 

vt -1.71429 0
vt -1.06829 0
vn -0.509842 0 -0.860268
v 5522.9 318.873 7350.17
vt -1.06829 0.984252
vt -1.71429 0.984252
f 1006/2566/372 1005/2567/373 1104/2568/373 1103/2569/372 

vt -0.749669 0
vt -0.135784 0
vn -0.629685 0 -0.776851
v 5516.29 318.873 7354.74
vt -0.135784 0.984252
vt -0.749669 0.984252
f 1005/2570/373 1004/2571/374 1105/2572/374 1104/2573/373 

vt 0.219704 0
vt 0.814679 0
vn -0.742222 0 -0.670154
v 5510.64 318.873 7360.08
vt 0.814679 0.984252
vt 0.219704 0.984252
f 1004/2574/374 1003/2575/375 1106/2576/375 1105/2577/374 

vt 1.1714 0
vt 1.76194 0
vn -0.84136 0 -0.540475
v 5505.93 318.873 7366.21
vt 1.76194 0.984252
vt 1.1714 0.984252
f 1003/2578/375 1002/2579/376 1107/2580/376 1106/2581/375 

vt 2.1011 0
vt 2.70649 0
vn -0.919647 0 -0.392746
v 5502.23 318.873 7373.21
vt 2.70649 0.984252
vt 2.1011 0.984252
f 1002/2582/376 1001/2583/377 1108/2584/377 1107/2585/376 

vt 2.97429 0
vt 3.61626 0
vn -0.969377 0 -0.245579
v 5499.58 318.873 7381.18
vt 3.61626 0.984252
vt 2.97429 0.984252
f 1001/2586/377 1000/2587/378 1109/2588/378 1108/2589/377 

vt 3.77623 0
vt 4.47039 0
vn -0.993449 0 -0.11428
v 5497.99 318.873 7390.11
vt 4.47039 0.984252
vt 3.77623 0.984252
f 1000/2590/378 999/2591/379 1110/2592/379 1109/2593/378 

vt 4.53887 0
vt 5.29762 0
vn -0.99996 0 0.00889383
v 5497.47 318.873 7400.02
vt 5.29762 0.984252
vt 4.53887 0.984252
f 999/2594/379 998/2595/380 1111/2596/380 1110/2597/379 

vt 5.29175 0
vt 6.03201 0
vn -0.988815 0 0.149147
v 5498.15 318.873 7409.68
vt 6.03201 0.984252
vt 5.29175 0.984252
f 998/2598/380 997/2599/381 1112/2600/381 1111/2601/380 

vt 5.89866 0
vt 6.59604 0
vn -0.950886 0 0.30954
v 5500.22 318.873 7418.56
vt 6.59604 0.984252
vt 5.89866 0.984252
f 997/2602/381 996/2603/382 1113/2604/382 1112/2605/381 

vt 6.27134 0
vt 6.94499 0
vn -0.881874 0 0.471485
v 5503.66 318.873 7426.68
vt 6.94499 0.984252
vt 6.27134 0.984252
f 996/2606/382 995/2607/383 1114/2608/383 1113/2609/382 

vt 6.39868 0
vt 7.0698 0
vn -0.782873 0 0.622181
v 5508.47 318.873 7434.01
vt 7.0698 0.984252
vt 6.39868 0.984252
f 995/2610/383 994/2611/384 1115/2612/384 1114/2613/383 

vt 6.29821 0
vt 6.97657 0
vn -0.657965 0 0.753049
v 5514.6 318.873 7440.43
vt 6.97657 0.984252
vt 6.29821 0.984252
f 994/2614/384 993/2615/385 1116/2616/385 1115/2617/384 

vt 5.99032 0
vt 6.68663 0
vn -0.517836 0 0.85548
v 5521.97 318.873 7445.78
vt 6.68663 0.984252
vt 5.99032 0.984252
f 993/2618/385 992/2619/386 1117/2620/386 1116/2621/385 

vt 5.59419 0
vt 6.32971 0
vn -0.378199 0 0.925724
v 5530.59 318.873 7450.06
vt 6.32971 0.984252
vt 5.59419 0.984252
f 992/2622/386 991/2623/387 1118/2624/387 1117/2625/386 

vt 5.23461 0
vt 6.02746 0
vn -0.309558 0 0.95088
v 5540.45 318.873 7453.27
vt 6.02746 0.984252
vt 5.23461 0.984252
f 991/2626/387 990/2627/388 1119/2628/388 1118/2629/387 

vt -8.28597 0
vn 0.969552 0 0.244887
vt -6.94397 0
v 5544.75 318.873 7436.25
vt -6.94397 0.984252
vt -8.28597 0.984252
f 990/2630/389 989/2631/389 1120/2632/389 1119/2633/389 

vt -5.67692 0
vn 0.27225 0 -0.962227
vt -5.07182 0
vt -5.07182 0.984252
vt -5.67692 0.984252
f 989/2634/390 988/2635/322 1055/2636/322 1120/2637/390 

vt 7.91038 3.03278
vt 7.68444 2.52683
vt 7.3973 2.09717
vt 7.04896 1.7438
vt 6.64906 1.46797
vt 6.20724 1.27096
vt 5.72351 1.15275
vt 5.19785 1.11335
vt 4.33099 1.22904
vt 3.52783 1.57612
vt 3.16755 1.83706
vt 2.85798 2.15711
vt 2.39101 2.97451
vt 2.11687 3.98977
vt 2.02549 5.16432
vt 2.10262 6.12257
vt 2.334 7.05231
vt 2.7557 7.87475
vt 3.40376 8.51107
vt 3.80764 8.74874
vt 4.25805 8.91851
vt 5.29846 9.05433
vt 6.20054 8.93192
vt 6.93494 8.56472
vt 7.24095 8.28345
vt 7.50838 7.92924
vt 7.92757 7.00201
vt 9.20858 7.30382
vt 8.97259 7.94643
vt 8.6603 8.51274
vt 8.27171 9.00277
vt 7.80684 9.4165
vt 7.27448 9.74514
vt 6.68343 9.97988
vt 6.0337 10.1207
vt 5.32529 10.1677
vt 4.68834 10.1306
vt 4.07864 10.0193
vt 3.49619 9.83379
vt 2.94098 9.57411
vt 2.43042 9.24296
vt 1.98189 8.84306
vt 1.59541 8.37441
vt 1.27096 7.83702
vt 1.01421 7.24074
vt 0.830818 6.59541
vt 0.720783 5.90103
vt 0.684105 5.15761
vt 0.814051 3.79443
vt 1.20389 2.5218
vt 1.49354 1.94437
vt 1.84272 1.43947
vt 2.25143 1.00708
vt 2.71965 0.647217
vt 3.25474 0.364059
vt 3.86402 0.161804
vt 4.54749 0.040451
vt 5.30516 0
vt 6.04355 0.0526073
vt 6.72284 0.210429
vt 7.34302 0.473466
vt 7.90409 0.841717
vt 8.39474 1.31015
vt 8.80366 1.87374
vt 9.13083 2.53249
vt 9.37626 3.28638
vt 8.07512 3.61502
f 1055/2638/35 1054/2639/35 1056/2640/35 1057/2641/35 1058/2642/35 1059/2643/35 1060/2644/35 1061/2645/35 1062/2646/35 1063/2647/35 1064/2648/35 1065/2649/35 1066/2650/35 1067/2651/35 1068/2652/35 1069/2653/35 1070/2654/35 1071/2655/35 1072/2656/35 1073/2657/35 1074/2658/35 1075/2659/35 1076/2660/35 1077/2661/35 1078/2662/35 1079/2663/35 1080/2664/35 1081/2665/35 1082/2666/35 1083/2667/35 1084/2668/35 1085/2669/35 1086/2670/35 1087/2671/35 1088/2672/35 1089/2673/35 1090/2674/35 1091/2675/35 1092/2676/35 1093/2677/35 1094/2678/35 1095/2679/35 1096/2680/35 1097/2681/35 1098/2682/35 1099/2683/35 1100/2684/35 1101/2685/35 1102/2686/35 1103/2687/35 1104/2688/35 1105/2689/35 1106/2690/35 1107/2691/35 1108/2692/35 1109/2693/35 1110/2694/35 1111/2695/35 1112/2696/35 1113/2697/35 1114/2698/35 1115/2699/35 1116/2700/35 1117/2701/35 1118/2702/35 1119/2703/35 1120/2704/35 

g Mesh19 C102_1 Model

v 5628.78 306 7517.13
vt -14.2589 10.0402
v 5628.78 306 7527.3
vt -15.0369 10.0402
v 5499.66 306 7527.3
vt -15.0369 0.167673
v 5499.66 306 7511.51
vt -13.8296 0.167673
v 5600.27 306 7511.51
vt -13.8296 7.8605
v 5594.83 306 7504.92
vt -13.3258 7.44467
v 5589.39 306 7496.56
vt -12.6861 7.02884
v 5581.24 306 7479.93
vt -11.4152 6.4051
v 5596.5 306 7479.93
vt -11.4152 7.5721
v 5603.38 306 7492.35
vt -12.3642 8.09859
v 5611.59 306 7503.09
vt -13.1858 8.72569
v 5620.31 306 7511.56
vt -13.833 9.39302
f 1121/2705/321 1122/2706/321 1123/2707/321 1124/2708/321 1125/2709/321 1126/2710/321 1127/2711/321 1128/2712/321 1129/2713/321 1130/2714/321 1131/2715/321 1132/2716/321 

vt -15.0369 0
vn 1 0 8.971e-16
vt -14.2589 0
v 5628.78 318.873 7517.13
vt -14.2589 0.984252
v 5628.78 318.873 7527.3
vt -15.0369 0.984252
f 1122/2717/391 1121/2718/391 1133/2719/391 1134/2720/391 

vt -16.2253 0
vn 0.549696 0 -0.835365
vt -15.4505 0
vn 0.625714 0 -0.780052
v 5620.31 318.873 7511.56
vt -15.4505 0.984252
vt -16.2253 0.984252
f 1121/2721/392 1132/2722/393 1135/2723/393 1133/2724/392 

vt -16.3733 0
vt -15.4437 0
vn 0.747623 0 -0.664123
v 5611.59 318.873 7503.09
vt -15.4437 0.984252
vt -16.3733 0.984252
f 1132/2725/393 1131/2726/394 1136/2727/394 1135/2728/393 

vt -15.7756 0
vt -14.7421 0
vn 0.836891 0 -0.547369
v 5603.38 318.873 7492.35
vt -14.7421 0.984252
vt -15.7756 0.984252
f 1131/2729/394 1130/2730/395 1137/2731/395 1136/2732/394 

vt -14.7406 0
vt -13.6553 0
vn 0.874449 0 -0.485118
v 5596.5 318.873 7479.93
vt -13.6553 0.984252
vt -14.7406 0.984252
f 1130/2733/395 1129/2734/396 1138/2735/396 1137/2736/395 

vt -7.5721 0
vn 8.971e-16 0 -1
vt -6.4051 0
v 5581.24 318.873 7479.93
vt -6.4051 0.984252
vt -7.5721 0.984252
f 1129/2737/397 1128/2738/397 1139/2739/397 1138/2740/397 

vt 13.0695 0
vn -0.897719 0 0.440569
vt 14.4853 0
vn -0.869638 0 0.493689
v 5589.39 318.873 7496.56
vt 14.4853 0.984252
vt 13.0695 0.984252
f 1128/2741/398 1127/2742/399 1140/2743/399 1139/2744/398 

vt 14.4672 0
vt 15.2301 0
vn -0.80614 0 0.591725
v 5594.83 318.873 7504.92
vt 15.2301 0.984252
vt 14.4672 0.984252
f 1127/2745/399 1126/2746/400 1141/2747/400 1140/2748/399 

vt 15.0163 0
vt 15.6696 0
vn -0.771263 0 0.636517
v 5600.27 318.873 7511.51
vt 15.6696 0.984252
vt 15.0163 0.984252
f 1126/2749/400 1125/2750/401 1142/2751/401 1141/2752/400 

vt -7.8605 0
vt -0.167673 0
v 5499.66 318.873 7511.51
vt -0.167673 0.984252
vt -7.8605 0.984252
f 1125/2753/397 1124/2754/397 1143/2755/397 1142/2756/397 

vt 13.8296 0
vn -1 0 -8.971e-16
vt 15.0369 0
v 5499.66 318.873 7527.3
vt 15.0369 0.984252
vt 13.8296 0.984252
f 1124/2757/402 1123/2758/402 1144/2759/402 1143/2760/402 

vt 0.167673 0
vn -8.971e-16 0 1
vt 10.0402 0
vt 10.0402 0.984252
vt 0.167673 0.984252
f 1123/2761/403 1122/2762/403 1134/2763/403 1144/2764/403 

vt 15.0369 10.0402
vt 14.2589 10.0402
vt 13.833 9.39302
vt 13.1858 8.72569
vt 12.3642 8.09859
vt 11.4152 7.5721
vt 11.4152 6.4051
vt 12.6861 7.02884
vt 13.3258 7.44467
vt 13.8296 7.8605
vt 13.8296 0.167673
vt 15.0369 0.167673
f 1134/2765/35 1133/2766/35 1135/2767/35 1136/2768/35 1137/2769/35 1138/2770/35 1139/2771/35 1140/2772/35 1141/2773/35 1142/2774/35 1143/2775/35 1144/2776/35 

g Mesh20 C102_1 Model

v 5583.66 306 7568.91
vt -18.2185 6.59038
v 5546.23 306 7568.53
vt -18.1896 3.7282
v 5563.08 306 7567.74
vt -18.1288 5.01677
f 1145/2777/321 1146/2778/321 1147/2779/321

v 5531.89 306 7570.92
vt -18.3719 2.63246
f 1146/2778/321 1145/2777/321 1148/2780/321

v 5599.79 306 7572.43
vt -18.4876 7.82361
f 1148/2780/321 1145/2777/321 1149/2781/321

vt -11.5853 0
vn 0.322748 0 -0.946485
vt -10.3231 0
vn 0.13548 0 -0.99078
v 5583.66 318.873 7568.91
vt -10.3231 0.984252
v 5599.79 318.873 7572.43
vt -11.5853 0.984252
f 1149/2782/404 1145/2783/405 1150/2784/405 1151/2785/404 

vt -7.61657 0
vt -6.04041 0
vn 0.00490466 0 -0.999988
v 5563.08 318.873 7567.74
vt -6.04041 0.984252
vt -7.61657 0.984252
f 1145/2786/405 1147/2787/406 1152/2788/406 1150/2789/405 

vt -4.15701 0
vt -2.86702 0
vn -0.105819 0 -0.994385
v 5546.23 318.873 7568.53
vt -2.86702 0.984252
vt -4.15701 0.984252
f 1147/2790/406 1146/2791/407 1153/2792/407 1152/2793/406 

vt -0.691737 0
vt 0.419073 0
vn -0.242349 0 -0.970189
v 5531.89 318.873 7570.92
vt 0.419073 0.984252
vt -0.691737 0.984252
f 1146/2794/407 1148/2795/408 1154/2796/408 1153/2797/407 

vt 3.36568 0
v 5520.09 306 7574.89
vt 4.31837 0
vn -0.418908 0 -0.908029
v 5520.09 318.873 7574.89
vt 4.31837 0.984252
vt 3.36568 0.984252
f 1148/2798/408 1155/2799/409 1156/2800/409 1154/2801/408 

vt -18.6758 1.72954
f 1148/2780/321 1149/2781/321 1155/2802/321

v 5612.1 306 7578.27
vt -18.9336 8.76509
f 1155/2802/321 1149/2781/321 1157/2803/321

vt -16.0271 0
vn 0.551681 0 -0.834055
vt -14.9853 0
vt -14.9853 0.984252
v 5612.1 318.873 7578.27
vt -16.0271 0.984252
f 1157/2804/410 1149/2805/404 1151/2806/404 1158/2807/410 

vt 18.4876 7.82361
vt 18.6758 1.72954
vt 18.9336 8.76509
f 1151/2808/35 1156/2809/35 1158/2810/35

vt 18.3719 2.63246
f 1151/2808/35 1154/2811/35 1156/2809/35

vt 18.2185 6.59038
f 1150/2812/35 1154/2811/35 1151/2808/35

vt 18.1896 3.7282
f 1150/2812/35 1153/2813/35 1154/2811/35

vt 18.1288 5.01677
f 1153/2813/35 1150/2812/35 1152/2814/35

v 5510.8 318.873 7580.46
vt 19.1013 1.01945
f 1158/2810/35 1156/2809/35 1159/2815/35

vt 8.11527 0
v 5510.8 306 7580.46
vt 8.94308 0
vn -0.614244 0 -0.789116
vt 8.94308 0.984252
vt 8.11527 0.984252
f 1155/2816/409 1160/2817/411 1159/2818/411 1156/2819/409 

vt -19.1013 1.01945
f 1155/2802/321 1157/2803/321 1160/2820/321

v 5621.24 306 7586.38
vt -19.554 9.46345
f 1160/2820/321 1157/2803/321 1161/2821/321

vt -20.0615 0
vn 0.75353 0 -0.657414
vt -19.1274 0
vt -19.1274 0.984252
v 5621.24 318.873 7586.38
vt -20.0615 0.984252
f 1161/2822/412 1157/2823/410 1158/2824/410 1162/2825/412 

vt 19.554 9.46345
f 1158/2810/35 1159/2815/35 1162/2826/35

v 5577.67 318.873 7584.48
vt 19.4085 6.13221
f 1162/2826/35 1159/2815/35 1163/2827/35

v 5563.08 318.873 7583.97
vt 19.3696 5.01677
f 1163/2827/35 1159/2815/35 1164/2828/35

v 5548.57 318.873 7584.43
vt 19.405 3.9074
f 1159/2815/35 1165/2829/35 1164/2828/35

v 5504.97 318.873 7586.26
vt 19.5452 0.573441
f 1165/2829/35 1159/2815/35 1166/2830/35

vt 12.7522 0
v 5504.97 306 7586.26
vt 13.3815 0
vn -0.784676 0 -0.619907
vt 13.3815 0.984252
vt 12.7522 0.984252
f 1160/2831/411 1167/2832/413 1166/2833/413 1159/2834/411 

v 5548.57 306 7584.43
vt -19.405 3.9074
vt -19.5452 0.573441
f 1160/2820/321 1168/2835/321 1167/2836/321

v 5563.08 306 7583.97
vt -19.3696 5.01677
f 1168/2835/321 1160/2820/321 1169/2837/321

v 5577.67 306 7584.48
vt -19.4085 6.13221
f 1160/2820/321 1170/2838/321 1169/2837/321

f 1160/2820/321 1161/2821/321 1170/2838/321

v 5589.77 306 7586.01
vt -19.5255 7.05734
f 1170/2838/321 1161/2821/321 1171/2839/321

v 5599.38 306 7588.56
vt -19.7204 7.79217
f 1171/2839/321 1161/2821/321 1172/2840/321

v 5624.54 306 7591.31
vt -19.9306 9.71579
f 1172/2840/321 1161/2821/321 1173/2841/321

vt -21.9657 0
vn 0.879087 0 -0.476661
vt -21.5124 0
vt -21.5124 0.984252
v 5624.54 318.873 7591.31
vt -21.9657 0.984252
f 1173/2842/414 1161/2843/412 1162/2844/412 1174/2845/414 

v 5599.38 318.873 7588.56
vt 19.7204 7.79217
vt 19.9306 9.71579
f 1162/2826/35 1175/2846/35 1174/2847/35

v 5589.77 318.873 7586.01
vt 19.5255 7.05734
f 1162/2826/35 1176/2848/35 1175/2846/35

f 1162/2826/35 1163/2827/35 1176/2848/35

vt 8.51797 0
vn -0.0802556 0 0.996774
vt 9.45046 0
vn -0.191332 0 0.981525
vt 9.45046 0.984252
vt 8.51797 0.984252
f 1170/2849/415 1171/2850/416 1176/2851/416 1163/2852/415 

vt 11.8276 0
vt 12.5879 0
vn -0.354079 0 0.935215
vt 12.5879 0.984252
vt 11.8276 0.984252
f 1171/2853/416 1172/2854/417 1175/2855/417 1176/2856/416 

vt 15.8018 0
v 5606.5 306 7592.13
vt 16.4109 0
vn -0.557413 0 0.830235
v 5606.5 318.873 7592.13
vt 16.4109 0.984252
vt 15.8018 0.984252
f 1172/2857/417 1177/2858/418 1178/2859/418 1175/2860/417 

vt -19.9933 8.33669
f 1172/2840/321 1173/2841/321 1177/2861/321

v 5626.89 306 7596.83
vt -20.353 9.89604
f 1177/2861/321 1173/2841/321 1179/2862/321

vt -22.6039 0
vn 0.950721 0 -0.310048
vt -22.1447 0
vt -22.1447 0.984252
v 5626.89 318.873 7596.83
vt -22.6039 0.984252
f 1179/2863/419 1173/2864/414 1174/2865/414 1180/2866/419 

vt 19.9933 8.33669
vt 20.353 9.89604
f 1174/2847/35 1178/2867/35 1180/2868/35

f 1174/2847/35 1175/2846/35 1178/2867/35

v 5610.53 318.873 7595.64
vt 20.2624 8.64479
f 1180/2868/35 1178/2867/35 1181/2869/35

vt 19.4314 0
v 5610.53 306 7595.64
vt 19.8405 0
vn -0.742298 0 0.67007
vt 19.8405 0.984252
vt 19.4314 0.984252
f 1177/2870/418 1182/2871/420 1181/2872/420 1178/2873/418 

vt -20.2624 8.64479
f 1177/2861/321 1179/2862/321 1182/2874/321

v 5613.41 306 7599.71
vt -20.5734 8.86486
f 1182/2874/321 1179/2862/321 1183/2875/321

v 5628.31 306 7602.95
vt -20.821 10.0042
f 1183/2875/321 1179/2862/321 1184/2876/321

vt -22.5388 0
vn 0.988983 0 -0.148031
vt -22.0584 0
vt -22.0584 0.984252
v 5628.31 318.873 7602.95
vt -22.5388 0.984252
f 1184/2877/421 1179/2878/419 1180/2879/419 1185/2880/421 

v 5613.41 318.873 7599.71
vt 20.5734 8.86486
vt 20.821 10.0042
f 1180/2868/35 1186/2881/35 1185/2882/35

f 1180/2868/35 1181/2869/35 1186/2881/35

vt 21.5339 0
vt 21.9149 0
vn -0.883796 0 0.467872
vt 21.9149 0.984252
vt 21.5339 0.984252
f 1182/2883/420 1183/2884/422 1186/2885/422 1181/2886/420 

vt 22.3753 0
v 5615.13 306 7604.33
vt 22.7522 0
vn -0.972631 0 0.232355
v 5615.13 318.873 7604.33
vt 22.7522 0.984252
vt 22.3753 0.984252
f 1183/2887/422 1187/2888/423 1188/2889/423 1186/2890/422 

vt -20.9264 8.9969
f 1183/2875/321 1184/2876/321 1187/2891/321

v 5628.78 306 7609.67
vt -21.3347 10.0402
f 1187/2891/321 1184/2876/321 1189/2892/321

vt -21.9852 0
vn 0.999831 0 0.0183764
vt -21.4702 0
vt -21.4702 0.984252
v 5628.78 318.873 7609.67
vt -21.9852 0.984252
f 1189/2893/424 1184/2894/421 1185/2895/421 1190/2896/424 

vt 20.9264 8.9969
vt 21.3347 10.0402
f 1185/2882/35 1188/2897/35 1190/2898/35

f 1185/2882/35 1186/2881/35 1188/2897/35

v 5615.71 318.873 7609.49
vt 21.3213 9.04091
f 1190/2898/35 1188/2897/35 1191/2899/35

vt 21.7943 0
v 5615.71 306 7609.49
vt 22.1916 0
vn -0.999983 0 -0.00575064
vt 22.1916 0.984252
vt 21.7943 0.984252
f 1187/2900/423 1192/2901/425 1191/2902/425 1188/2903/423 

vt -21.3213 9.04091
f 1187/2891/321 1189/2892/321 1192/2904/321

v 5615.06 306 7614.79
vt -21.7264 8.99103
f 1192/2904/321 1189/2892/321 1193/2905/321

v 5627.74 306 7619.38
vt -22.0775 9.9606
f 1193/2905/321 1189/2892/321 1194/2906/321

vt -20.8897 0
vn 0.973517 0 0.228615
vt -20.1427 0
vt -20.1427 0.984252
v 5627.74 318.873 7619.38
vt -20.8897 0.984252
f 1194/2907/426 1189/2908/424 1190/2909/424 1195/2910/426 

v 5615.06 318.873 7614.79
vt 21.7264 8.99103
vt 22.0775 9.9606
f 1190/2898/35 1196/2911/35 1195/2912/35

f 1190/2898/35 1191/2899/35 1196/2911/35

vt 20.0566 0
vt 20.4648 0
vn -0.9681 0 -0.250562
vt 20.4648 0.984252
vt 20.0566 0.984252
f 1192/2913/425 1193/2914/427 1196/2915/427 1191/2916/425 

vt 16.7756 0
v 5613.1 306 7619.64
vt 17.175 0
vn -0.871961 0 -0.489575
v 5613.1 318.873 7619.64
vt 17.175 0.984252
vt 16.7756 0.984252
f 1193/2917/427 1197/2918/428 1198/2919/428 1196/2920/427 

vt -22.0967 8.84138
f 1193/2905/321 1194/2906/321 1197/2921/321

v 5624.61 306 7627.83
vt -22.723 9.72166
f 1197/2921/321 1194/2906/321 1199/2922/321

vt -17.9356 0
vn 0.883635 0 0.468177
vt -17.2473 0
vt -17.2473 0.984252
v 5624.61 318.873 7627.83
vt -17.9356 0.984252
f 1199/2923/429 1194/2924/426 1195/2925/426 1200/2926/429 

vt 22.0967 8.84138
vt 22.723 9.72166
f 1195/2912/35 1198/2927/35 1200/2928/35

f 1195/2912/35 1196/2911/35 1198/2927/35

v 5609.84 318.873 7624.02
vt 22.4323 8.59197
f 1200/2928/35 1198/2927/35 1201/2929/35

vt 12.4601 0
v 5609.84 306 7624.02
vt 12.8782 0
vn -0.732049 0 -0.681252
vt 12.8782 0.984252
vt 12.4601 0.984252
f 1197/2930/428 1202/2931/430 1201/2932/430 1198/2933/428 

vt -22.4323 8.59197
f 1197/2921/321 1199/2922/321 1202/2934/321

v 5605.27 306 7627.96
vt -22.7331 8.24279
f 1202/2934/321 1199/2922/321 1203/2935/321

v 5619.52 306 7634.95
vt -23.2679 9.33266
f 1203/2935/321 1199/2922/321 1204/2936/321

vt -13.5155 0
vn 0.732833 0 0.680408
vt -12.846 0
vt -12.846 0.984252
v 5619.52 318.873 7634.95
vt -13.5155 0.984252
f 1204/2937/431 1199/2938/429 1200/2939/429 1205/2940/431 

v 5605.27 318.873 7627.96
vt 22.7331 8.24279
vt 23.2679 9.33266
f 1200/2928/35 1206/2941/35 1205/2942/35

f 1200/2928/35 1201/2929/35 1206/2941/35

vt 8.1299 0
vt 8.59075 0
vn -0.552477 0 -0.833528
vt 8.59075 0.984252
vt 8.1299 0.984252
f 1202/2943/430 1203/2944/432 1206/2945/432 1201/2946/430 

vt 2.69726 0
v 5598.72 306 7631.2
vt 3.25619 0
vn -0.345649 0 -0.938364
v 5598.72 318.873 7631.2
vt 3.25619 0.984252
vt 2.69726 0.984252
f 1203/2947/432 1207/2948/433 1208/2949/433 1206/2950/432 

vt -22.981 7.74187
f 1203/2935/321 1204/2936/321 1207/2951/321

v 5589.5 306 7633.52
vt -23.1581 7.03722
f 1207/2951/321 1204/2936/321 1209/2952/321

v 5577.62 306 7634.91
vt -23.2644 6.12886
f 1209/2952/321 1204/2936/321 1210/2953/321

v 5563.08 306 7635.37
vt -23.2998 5.01677
f 1210/2953/321 1204/2936/321 1211/2954/321

v 5612.6 306 7640.72
vt -23.7089 8.80282
f 1211/2954/321 1204/2936/321 1212/2955/321

vt -8.40071 0
vn 0.554176 0 0.8324
vt -7.71137 0
vt -7.71137 0.984252
v 5612.6 318.873 7640.72
vt -8.40071 0.984252
f 1212/2956/434 1204/2957/431 1205/2958/431 1213/2959/434 

v 5563.08 318.873 7635.37
vt 23.2998 5.01677
vt 23.7089 8.80282
f 1205/2942/35 1214/2960/35 1213/2961/35

v 5577.62 318.873 7634.91
vt 23.2644 6.12886
f 1205/2942/35 1215/2962/35 1214/2960/35

v 5589.5 318.873 7633.52
vt 23.1581 7.03722
f 1205/2942/35 1216/2963/35 1215/2962/35

vt 22.981 7.74187
f 1205/2942/35 1208/2964/35 1216/2963/35

f 1205/2942/35 1206/2941/35 1208/2964/35

vt -1.90656 0
vt -1.18 0
vn -0.180353 0 -0.983602
vt -1.18 0.984252
vt -1.90656 0.984252
f 1207/2965/433 1209/2966/435 1216/2967/435 1208/2968/433 

vt -4.29883 0
vt -3.38427 0
vn -0.0740784 0 -0.997252
vt -3.38427 0.984252
vt -4.29883 0.984252
f 1209/2969/435 1210/2970/436 1215/2971/436 1216/2972/435 

vt -5.38514 0
vt -4.27248 0
vn 7.83405e-05 0 -1
vt -4.27248 0.984252
vt -5.38514 0.984252
f 1210/2973/436 1211/2974/437 1214/2975/437 1215/2976/436 

vt -5.75959 0
v 5548.61 306 7634.91
vt -4.65238 0
vn 0.074343 0 -0.997233
v 5548.61 318.873 7634.91
vt -4.65238 0.984252
vt -5.75959 0.984252
f 1211/2977/437 1217/2978/438 1218/2979/438 1214/2980/437 

v 5514.22 306 7641.15
vt -23.7416 1.28102
vt -23.2644 3.91013
f 1219/2981/321 1217/2982/321 1211/2954/321

v 5536.76 306 7633.52
vt -23.1581 3.00469
f 1219/2981/321 1220/2983/321 1217/2982/321

v 5505.05 306 7633.05
vt -23.1221 0.580148
f 1221/2984/321 1220/2983/321 1219/2981/321

v 5527.55 306 7631.2
vt -22.981 2.30047
f 1221/2984/321 1222/2985/321 1220/2983/321

v 5501.73 306 7628.11
vt -22.745 0.326333
f 1223/2986/321 1222/2985/321 1221/2984/321

v 5520.97 306 7627.96
vt -22.7331 1.79745
f 1223/2986/321 1224/2987/321 1222/2985/321

v 5516.37 306 7624.04
vt -22.4331 1.44534
f 1223/2986/321 1225/2988/321 1224/2987/321

v 5499.36 306 7622.57
vt -22.3214 0.145037
f 1226/2989/321 1225/2988/321 1223/2986/321

v 5513.08 306 7619.68
vt -22.1001 1.19383
f 1226/2989/321 1227/2990/321 1225/2988/321

v 5497.94 306 7616.43
vt -21.8513 0.0362592
f 1228/2991/321 1227/2990/321 1226/2989/321

v 5511.11 306 7614.89
vt -21.7339 1.04292
f 1228/2991/321 1229/2992/321 1227/2990/321

v 5497.47 306 7609.67
vt -21.3347 0
f 1230/2993/321 1229/2992/321 1228/2991/321

v 5510.45 306 7609.67
vt -21.3347 0.992622
f 1230/2993/321 1231/2994/321 1229/2992/321

v 5511.1 306 7604.45
vt -20.9354 1.04271
f 1230/2993/321 1232/2995/321 1231/2994/321

v 5498.3 306 7600.87
vt -20.6619 0.0637156
f 1233/2996/321 1232/2995/321 1230/2993/321

v 5513.07 306 7599.66
vt -20.5692 1.19299
f 1233/2996/321 1234/2997/321 1232/2995/321

v 5516.34 306 7595.3
vt -20.2362 1.44345
f 1233/2996/321 1235/2998/321 1234/2997/321

v 5500.8 306 7593.07
vt -20.0654 0.254863
f 1236/2999/321 1235/2998/321 1233/2996/321

v 5520.93 306 7591.38
vt -19.9363 1.7941
f 1236/2999/321 1237/3000/321 1235/2998/321

v 5527.5 306 7588.14
vt -19.6883 2.29607
f 1236/2999/321 1238/3001/321 1237/3000/321

f 1167/2836/321 1238/3001/321 1236/2999/321

v 5536.71 306 7585.82
vt -19.5112 3.0005
f 1167/2836/321 1239/3002/321 1238/3001/321

f 1167/2836/321 1168/2835/321 1239/3002/321

vt 0.709494 0
vn 0.180479 0 0.983579
vt 1.6226 0
vn 0.0742105 0 0.997243
vt 1.6226 0.984252
v 5536.71 318.873 7585.82
vt 0.709494 0.984252
f 1239/3003/439 1168/3004/440 1165/3005/440 1240/3006/439 

vt 3.28615 0
vt 4.39608 0
vn -0.00150846 0 0.999999
vt 4.39608 0.984252
vt 3.28615 0.984252
f 1168/3007/440 1169/3008/441 1164/3009/441 1165/3010/440 

vt 5.69024 0
vt 6.80637 0
vt 6.80637 0.984252
vt 5.69024 0.984252
f 1169/3011/441 1170/3012/415 1163/3013/415 1164/3014/441 

vt 19.5112 3.0005
f 1165/2829/35 1166/2830/35 1240/3015/35

v 5527.5 318.873 7588.14
vt 19.6883 2.29607
f 1240/3015/35 1166/2830/35 1241/3016/35

v 5500.8 318.873 7593.07
vt 20.0654 0.254863
f 1241/3016/35 1166/2830/35 1242/3017/35

vt 16.3684 0
vt 16.9784 0
vn -0.909048 0 -0.416691
vt 16.9784 0.984252
vt 16.3684 0.984252
f 1167/3018/413 1236/3019/442 1242/3020/442 1166/3021/413 

vt 19.0305 0
vt 19.6569 0
vn -0.979614 0 -0.20089
v 5498.3 318.873 7600.87
vt 19.6569 0.984252
vt 19.0305 0.984252
f 1236/3022/442 1233/3023/443 1243/3024/443 1242/3025/442 

vt 20.5638 0
vt 21.2396 0
vn -0.999926 0 -0.0121771
v 5497.47 318.873 7609.67
vt 21.2396 0.984252
vt 20.5638 0.984252
f 1233/3026/443 1230/3027/444 1244/3028/444 1243/3029/443 

vt 21.2823 0
vt 21.8002 0
vn -0.988961 0 0.148179
v 5497.94 318.873 7616.43
vt 21.8002 0.984252
vt 21.2823 0.984252
f 1230/3030/444 1228/3031/445 1245/3032/445 1244/3033/444 

vt 21.297 0
vt 21.7796 0
vn -0.950517 0 0.310671
v 5499.36 318.873 7622.57
vt 21.7796 0.984252
vt 21.297 0.984252
f 1228/3034/445 1226/3035/446 1246/3036/446 1245/3037/445 

vt 20.5779 0
vt 21.0386 0
vn -0.878326 0 0.478062
v 5501.73 318.873 7628.11
vt 21.0386 0.984252
vt 20.5779 0.984252
f 1226/3038/446 1223/3039/447 1247/3040/447 1246/3041/446 

vt 19.0506 0
vt 19.5051 0
vn -0.752008 0 0.659154
v 5505.05 318.873 7633.05
vt 19.5051 0.984252
vt 19.0506 0.984252
f 1223/3042/447 1221/3043/448 1248/3044/448 1247/3045/447 

vt 15.7485 0
vt 16.6839 0
vn -0.549601 0 0.835427
v 5514.22 318.873 7641.15
vt 16.6839 0.984252
vt 15.7485 0.984252
f 1221/3046/448 1219/3047/449 1249/3048/449 1248/3049/448 

vt 11.2691 0
v 5526.54 306 7646.95
vt 12.3106 0
vn -0.320896 0 0.947114
v 5526.54 318.873 7646.95
vt 12.3106 0.984252
vt 11.2691 0.984252
f 1219/3050/449 1250/3051/450 1251/3052/450 1249/3053/449 

v 5603.89 306 7645.26
vt -24.056 8.13716
vt -24.1851 2.22334
f 1219/2981/321 1252/3054/321 1250/3055/321

f 1219/2981/321 1212/2955/321 1252/3054/321

f 1219/2981/321 1211/2954/321 1212/2955/321

vt -3.90673 0
vn 0.38935 0 0.92109
vt -3.15602 0
vt -3.15602 0.984252
v 5603.89 318.873 7645.26
vt -3.90673 0.984252
f 1252/3056/451 1212/3057/434 1213/3058/434 1253/3059/451 

vt 23.7416 1.28102
vt 24.056 8.13716
f 1213/2961/35 1249/3060/35 1253/3061/35

f 1214/2960/35 1249/3060/35 1213/2961/35

vt 23.2644 3.91013
f 1218/3062/35 1249/3060/35 1214/2960/35

v 5536.76 318.873 7633.52
vt 23.1581 3.00469
f 1254/3063/35 1249/3060/35 1218/3062/35

vt 23.1221 0.580148
f 1254/3063/35 1248/3064/35 1249/3060/35

v 5527.55 318.873 7631.2
vt 22.981 2.30047
f 1255/3065/35 1248/3064/35 1254/3063/35

vt 22.745 0.326333
f 1255/3065/35 1247/3066/35 1248/3064/35

v 5520.97 318.873 7627.96
vt 22.7331 1.79745
f 1256/3067/35 1247/3066/35 1255/3065/35

v 5516.37 318.873 7624.04
vt 22.4331 1.44534
f 1257/3068/35 1247/3066/35 1256/3067/35

vt 22.3214 0.145037
f 1257/3068/35 1246/3069/35 1247/3066/35

v 5513.08 318.873 7619.68
vt 22.1001 1.19383
f 1258/3070/35 1246/3069/35 1257/3068/35

vt 21.8513 0.0362592
f 1258/3070/35 1245/3071/35 1246/3069/35

v 5511.11 318.873 7614.89
vt 21.7339 1.04292
f 1259/3072/35 1245/3071/35 1258/3070/35

v 5510.45 318.873 7609.67
vt 21.3347 0.992622
f 1260/3073/35 1245/3071/35 1259/3072/35

vt 21.3347 0
f 1260/3073/35 1244/3074/35 1245/3071/35

v 5511.1 318.873 7604.45
vt 20.9354 1.04271
f 1261/3075/35 1244/3074/35 1260/3073/35

vt 20.6619 0.0637156
f 1261/3075/35 1243/3076/35 1244/3074/35

v 5513.07 318.873 7599.66
vt 20.5692 1.19299
f 1262/3077/35 1243/3076/35 1261/3075/35

v 5516.34 318.873 7595.3
vt 20.2362 1.44345
f 1263/3078/35 1243/3076/35 1262/3077/35

f 1263/3078/35 1242/3017/35 1243/3076/35

v 5520.93 318.873 7591.38
vt 19.9363 1.7941
f 1264/3079/35 1242/3017/35 1263/3078/35

f 1241/3016/35 1242/3017/35 1264/3079/35

vt -7.22053 0
vn 0.550691 0 0.834709
vt -6.66066 0
vn 0.345292 0 0.938495
vt -6.66066 0.984252
vt -7.22053 0.984252
f 1237/3080/452 1238/3081/453 1241/3082/453 1264/3083/452 

vt -2.57375 0
vt -1.84739 0
vt -1.84739 0.984252
vt -2.57375 0.984252
f 1238/3084/453 1239/3085/439 1240/3086/439 1241/3087/453 

vt -12.0567 0
vn 0.728952 0 0.684565
vt -11.5953 0
vt -11.5953 0.984252
vt -12.0567 0.984252
f 1235/3088/454 1237/3089/452 1264/3090/452 1263/3091/454 

vt -15.7222 0
vn 0.869241 0 0.494389
vt -15.3055 0
vt -15.3055 0.984252
vt -15.7222 0.984252
f 1234/3092/455 1235/3093/454 1263/3094/454 1262/3095/455 

vt -18.9718 0
vn 0.967124 0 0.254307
vt -18.576 0
vt -18.576 0.984252
vt -18.9718 0.984252
f 1232/3096/456 1234/3097/455 1262/3098/455 1261/3099/456 

vt -21.0452 0
vn 1 0 -0.000258383
vt -20.6428 0
vt -20.6428 0.984252
vt -21.0452 0.984252
f 1231/3100/457 1232/3101/456 1261/3102/456 1260/3103/457 

vt -21.6939 0
vn 0.966871 0 -0.255267
vt -21.2914 0
vt -21.2914 0.984252
vt -21.6939 0.984252
f 1229/3104/458 1231/3105/457 1260/3106/457 1259/3107/458 

vt -20.8877 0
vn 0.86838 0 -0.495899
vt -20.4917 0
vt -20.4917 0.984252
vt -20.8877 0.984252
f 1227/3108/459 1229/3109/458 1259/3110/458 1258/3111/459 

vt -18.7728 0
vn 0.727558 0 -0.686046
vt -18.3555 0
vt -18.3555 0.984252
vt -18.7728 0.984252
f 1225/3112/460 1227/3113/459 1258/3114/459 1257/3115/460 

vt -16.1093 0
vn 0.549485 0 -0.835504
vt -15.6468 0
vt -15.6468 0.984252
vt -16.1093 0.984252
f 1224/3116/461 1225/3117/460 1257/3118/460 1256/3119/461 

vt -12.2239 0
vn 0.344937 0 -0.938626
vt -11.6631 0
vt -11.6631 0.984252
vt -12.2239 0.984252
f 1222/3120/462 1224/3121/461 1256/3122/461 1255/3123/462 

vt -8.56208 0
vn 0.180606 0 -0.983555
vt -7.83592 0
vt -7.83592 0.984252
vt -8.56208 0.984252
f 1220/3124/463 1222/3125/462 1255/3126/462 1254/3127/463 

vt -6.5952 0
vt -5.68355 0
vt -5.68355 0.984252
vt -6.5952 0.984252
f 1217/3128/438 1220/3129/463 1254/3130/463 1218/3131/438 

vt 24.1851 2.22334
f 1253/3061/35 1249/3060/35 1251/3132/35

v 5593.47 318.873 7648.7
vt 24.3192 7.34071
f 1253/3061/35 1251/3132/35 1265/3133/35

v 5542.63 318.873 7650.44
vt 24.4517 3.45322
f 1265/3133/35 1251/3132/35 1266/3134/35

vt 7.29646 0
v 5542.63 306 7650.44
vt 8.55491 0
vn -0.13471 0 0.990885
vt 8.55491 0.984252
vt 7.29646 0.984252
f 1250/3135/450 1267/3136/464 1266/3137/464 1251/3138/450 

v 5593.47 306 7648.7
vt -24.3192 7.34071
vt -24.4517 3.45322
f 1250/3055/321 1268/3139/321 1267/3140/321

f 1250/3055/321 1252/3054/321 1268/3139/321

vt -0.662206 0
vn 0.238585 0 0.971122
vt 0.176617 0
vt 0.176617 0.984252
vt -0.662206 0.984252
f 1268/3141/465 1252/3142/451 1253/3143/451 1265/3144/465 

v 5580.24 306 7650.87
vt 2.28167 0
vn 0.102193 0 0.994765
vt 3.3071 0
vt 3.3071 0.984252
v 5580.24 318.873 7650.87
vt 2.28167 0.984252
f 1269/3145/466 1268/3146/465 1265/3147/465 1270/3148/466 

vt -24.4852 6.32881
f 1267/3140/321 1268/3139/321 1269/3149/321

v 5563.08 306 7651.6
vt -24.5406 5.01677
f 1267/3140/321 1269/3149/321 1271/3150/321

vt 3.97829 0
vn -0.00731385 0 0.999973
vt 5.2915 0
vt 5.2915 0.984252
v 5563.08 318.873 7651.6
vt 3.97829 0.984252
f 1271/3151/467 1269/3152/466 1270/3153/466 1272/3154/467 

vt 24.4852 6.32881
vt 24.5406 5.01677
f 1270/3155/35 1266/3134/35 1272/3156/35

f 1265/3133/35 1266/3134/35 1270/3155/35

vt 4.83516 0
vt 6.40124 0
vt 6.40124 0.984252
vt 4.83516 0.984252
f 1267/3157/464 1271/3158/467 1272/3159/467 1266/3160/464 

g Mesh21 C102_1 Model

v 5523.39 306 7694.23
vt -27.8001 1.98189
v 5514.83 306 7687.56
vt -27.2904 1.32797
v 5514.83 306 7750.63
vt -32.1127 1.32797
v 5499.66 306 7750.63
vt -32.1127 0.167673
v 5499.66 306 7665.63
vt -25.6137 0.167673
v 5505.25 306 7666.01
vt -25.6422 0.595238
v 5510.62 306 7667.47
vt -25.7545 1.00604
v 5519.24 306 7671.7
vt -26.0773 1.66499
v 5527.73 306 7677.87
vt -26.5493 2.31388
v 5536.81 306 7686.61
vt -27.2175 3.00805
v 5547.2 306 7698.53
vt -28.1288 3.80282
v 5562.61 306 7716.09
vt -29.4718 4.98072
v 5574.44 306 7726.86
vt -30.2951 5.88531
v 5584.21 306 7732.39
vt -30.7176 6.63229
v 5593.43 306 7734.23
vt -30.8585 7.33736
v 5602.08 306 7732.55
vt -30.7302 7.99883
v 5609.26 306 7727.52
vt -30.3454 8.54795
v 5614.1 306 7719.79
vt -29.7544 8.91767
v 5615.71 306 7710.02
vt -29.0074 9.04091
v 5614 306 7699.75
vt -28.2227 8.91013
v 5611.86 306 7695.48
vt -27.8957 8.74665
v 5608.87 306 7691.77
vt -27.6123 8.51777
v 5605.12 306 7688.77
vt -27.383 8.23105
v 5600.71 306 7686.62
vt -27.2183 7.89403
v 5589.92 306 7684.84
vt -27.0825 7.06908
v 5591.59 306 7668.61
vt -25.8417 7.19651
v 5600.13 306 7670.02
vt -25.9494 7.84939
v 5607.58 306 7672.58
vt -26.1452 8.41968
v 5613.96 306 7676.3
vt -26.429 8.9074
v 5619.26 306 7681.16
vt -26.8008 9.31254
v 5623.43 306 7687.06
vt -27.2523 9.63091
v 5626.4 306 7693.9
vt -27.775 9.85832
v 5628.18 306 7701.67
vt -28.369 9.99476
v 5628.78 306 7710.37
vt -29.0342 10.0402
v 5628.14 306 7719.14
vt -29.7049 9.9912
v 5626.21 306 7726.95
vt -30.3018 9.84406
v 5623.01 306 7733.79
vt -30.8249 9.59884
v 5618.52 306 7739.67
vt -31.2743 9.25553
v 5613.08 306 7744.39
vt -31.6352 8.8397
v 5607.03 306 7747.76
vt -31.893 8.37693
v 5600.36 306 7749.78
vt -32.0477 7.8672
v 5593.08 306 7750.46
vt -32.0993 7.31053
v 5585.42 306 7749.67
vt -32.0389 6.72535
v 5577.9 306 7747.3
vt -31.8578 6.15023
v 5570.25 306 7743.1
vt -31.5367 5.56506
v 5562.2 306 7736.82
vt -31.0563 4.9497
v 5552.42 306 7727.07
vt -30.311 4.20188
v 5539.57 306 7712.47
vt -29.1952 3.21932
f 1273/3161/321 1274/3162/321 1275/3163/321 1276/3164/321 1277/3165/321 1278/3166/321 1279/3167/321 1280/3168/321 1281/3169/321 1282/3170/321 1283/3171/321 1284/3172/321 1285/3173/321 1286/3174/321 1287/3175/321 1288/3176/321 1289/3177/321 1290/3178/321 1291/3179/321 1292/3180/321 1293/3181/321 1294/3182/321 1295/3183/321 1296/3184/321 1297/3185/321 1298/3186/321 1299/3187/321 1300/3188/321 1301/3189/321 1302/3190/321 1303/3191/321 1304/3192/321 1305/3193/321 1306/3194/321 1307/3195/321 1308/3196/321 1309/3197/321 1310/3198/321 1311/3199/321 1312/3200/321 1313/3201/321 1314/3202/321 1315/3203/321 1316/3204/321 1317/3205/321 1318/3206/321 1319/3207/321 1320/3208/321 

vt 17.825 0
vn -0.61478 0 0.788698
vt 18.6541 0
vn -0.684307 0 0.729194
v 5523.39 318.873 7694.23
vt 18.6541 0.984252
v 5514.83 318.873 7687.56
vt 17.825 0.984252
f 1274/3209/468 1273/3210/469 1321/3211/469 1322/3212/468 

vt 22.1125 0
vt 23.9773 0
vn -0.749309 0 0.66222
v 5539.57 318.873 7712.47
vt 23.9773 0.984252
vt 22.1125 0.984252
f 1273/3213/469 1320/3214/470 1323/3215/470 1321/3216/469 

vt 24.0388 0
vt 25.5256 0
vn -0.7286 0 0.68494
v 5552.42 318.873 7727.07
vt 25.5256 0.984252
vt 24.0388 0.984252
f 1320/3217/470 1319/3218/471 1324/3219/471 1323/3220/470 

vt 24.3732 0
vt 25.429 0
vn -0.661842 0 0.749643
v 5562.2 318.873 7736.82
vt 25.429 0.984252
vt 24.3732 0.984252
f 1319/3221/471 1318/3222/472 1325/3223/472 1324/3224/471 

vt 23.0122 0
vt 23.7929 0
vn -0.549982 0 0.835176
v 5570.25 318.873 7743.1
vt 23.7929 0.984252
vt 23.0122 0.984252
f 1318/3225/472 1317/3226/473 1326/3227/473 1325/3228/472 

vt 20.0496 0
vt 20.7171 0
vn -0.392591 0 0.919713
v 5577.9 318.873 7747.3
vt 20.7171 0.984252
vt 20.0496 0.984252
f 1317/3229/473 1316/3230/474 1327/3231/474 1326/3232/473 

vt 15.4343 0
vt 16.0372 0
vn -0.202505 0 0.979281
v 5585.42 318.873 7749.67
vt 16.0372 0.984252
vt 15.4343 0.984252
f 1316/3233/474 1315/3234/475 1328/3235/475 1327/3236/474 

vt 9.97728 0
vt 10.5656 0
vn -0.00521565 0 0.999986
v 5593.08 318.873 7750.46
vt 10.5656 0.984252
vt 9.97728 0.984252
f 1315/3237/475 1314/3238/476 1329/3239/476 1328/3240/475 

vt 4.31899 0
vt 4.87805 0
vn 0.192285 0 0.981339
v 5600.36 318.873 7749.78
vt 4.87805 0.984252
vt 4.31899 0.984252
f 1314/3241/476 1313/3242/477 1330/3243/477 1329/3244/476 

vt -1.77775 0
vt -1.24507 0
vn 0.390741 0 0.9205
v 5607.03 318.873 7747.76
vt -1.24507 0.984252
vt -1.77775 0.984252
f 1313/3245/477 1312/3246/478 1331/3247/478 1330/3248/477 

vt -8.2027 0
vt -7.67296 0
vn 0.574125 0 0.818767
v 5613.08 318.873 7744.39
vt -7.67296 0.984252
vt -8.2027 0.984252
f 1312/3249/478 1311/3250/479 1332/3251/479 1331/3252/478 

vt -14.0604 0
vt -13.5098 0
vn 0.728829 0 0.684696
v 5618.52 318.873 7739.67
vt -13.5098 0.984252
vt -14.0604 0.984252
f 1311/3253/479 1310/3254/480 1333/3255/480 1332/3256/479 

vt -19.2326 0
vt -18.6671 0
vn 0.854937 0 0.518731
v 5623.01 318.873 7733.79
vt -18.6671 0.984252
vt -19.2326 0.984252
f 1310/3257/480 1309/3258/481 1334/3259/481 1333/3260/480 

vt -23.8367 0
vt -23.2589 0
vn 0.942753 0 0.333491
v 5626.21 318.873 7726.95
vt -23.2589 0.984252
vt -23.8367 0.984252
f 1309/3261/481 1308/3262/482 1335/3263/482 1334/3264/481 

vt -27.0653 0
vt -26.4505 0
vn 0.987649 0 0.156685
v 5628.14 318.873 7719.14
vt -26.4505 0.984252
vt -27.0653 0.984252
f 1308/3265/482 1307/3266/483 1336/3267/483 1335/3268/482 

vt -28.8971 0
vt -28.2247 0
vn 0.999997 0 0.00236665
v 5628.78 318.873 7710.37
vt -28.2247 0.984252
vt -28.8971 0.984252
f 1307/3269/483 1306/3270/484 1337/3271/484 1336/3272/483 

vt -29.6514 0
vt -28.9846 0
vn 0.989211 0 -0.146499
v 5628.18 318.873 7701.67
vt -28.9846 0.984252
vt -29.6514 0.984252
f 1306/3273/484 1305/3274/485 1338/3275/485 1337/3276/484 

vt -29.8865 0
vt -29.277 0
vn 0.949841 0 -0.312734
v 5626.4 318.873 7693.9
vt -29.277 0.984252
vt -29.8865 0.984252
f 1305/3277/485 1304/3278/486 1339/3279/486 1338/3280/485 

vt -29.4019 0
vt -28.8319 0
vn 0.871631 0 -0.490163
v 5623.43 318.873 7687.06
vt -28.8319 0.984252
vt -29.4019 0.984252
f 1304/3281/486 1303/3282/487 1340/3283/487 1339/3284/486 

vt -27.8218 0
vt -27.2694 0
vn 0.750991 0 -0.660313
v 5619.26 318.873 7681.16
vt -27.2694 0.984252
vt -27.8218 0.984252
f 1303/3285/487 1302/3286/488 1341/3287/488 1340/3288/487 

vt -24.9826 0
vt -24.4327 0
vn 0.592981 0 -0.805217
v 5613.96 318.873 7676.3
vt -24.4327 0.984252
vt -24.9826 0.984252
f 1302/3289/488 1301/3290/489 1342/3291/489 1341/3292/488 

vt -20.9907 0
vt -20.4264 0
vn 0.415795 0 -0.909459
v 5607.58 318.873 7672.58
vt -20.4264 0.984252
vt -20.9907 0.984252
f 1301/3293/489 1300/3294/490 1343/3295/490 1342/3296/489 

vt -16.4519 0
vt -15.849 0
vn 0.244588 0 -0.969627
v 5600.13 318.873 7670.02
vt -15.849 0.984252
vt -16.4519 0.984252
f 1300/3297/490 1299/3298/491 1344/3299/491 1343/3300/490 

vt -11.9694 0
vt -11.3077 0
vn 0.162806 0 -0.986658
v 5591.59 318.873 7668.61
vt -11.3077 0.984252
vt -11.9694 0.984252
f 1299/3301/491 1298/3302/492 1345/3303/492 1344/3304/491 

vt 24.9713 0
vn -0.994767 0 -0.102165
vt 26.2186 0
v 5589.92 318.873 7684.84
vt 26.2186 0.984252
vt 24.9713 0.984252
f 1298/3305/493 1297/3306/493 1346/3307/493 1345/3308/493 

vt 11.3747 0
vn -0.162447 0 0.986717
vt 12.2107 0
vn -0.304022 0 0.952665
v 5600.71 318.873 7686.62
vt 12.2107 0.984252
vt 11.3747 0.984252
f 1297/3309/494 1296/3310/495 1347/3311/495 1346/3312/494 

vt 19.045 0
vt 19.4202 0
vn -0.535084 0 0.844799
v 5605.12 318.873 7688.77
vt 19.4202 0.984252
vt 19.045 0.984252
f 1296/3313/495 1295/3314/496 1348/3315/496 1347/3316/495 

vt 23.5305 0
vt 23.8977 0
vn -0.70539 0 0.70882
v 5608.87 318.873 7691.77
vt 23.8977 0.984252
vt 23.5305 0.984252
f 1295/3317/496 1294/3318/497 1349/3319/497 1348/3320/496 

vt 26.8328 0
vt 27.1971 0
vn -0.841074 0 0.54092
v 5611.86 318.873 7695.48
vt 27.1971 0.984252
vt 26.8328 0.984252
f 1294/3321/497 1293/3322/498 1350/3323/498 1349/3324/497 

vt 28.8623 0
vt 29.2279 0
vn -0.950983 0 0.309244
v 5614 318.873 7699.75
vt 29.2279 0.984252
vt 28.8623 0.984252
f 1293/3325/498 1292/3326/499 1351/3327/499 1350/3328/498 

vt 29.3035 0
vt 30.099 0
vn -1 0 0.000819224
v 5615.71 318.873 7710.02
vt 30.099 0.984252
vt 29.3035 0.984252
f 1292/3329/499 1291/3330/500 1352/3331/500 1351/3332/499 

vt 27.1488 0
vt 27.9059 0
vn -0.935457 0 -0.35344
v 5614.1 318.873 7719.79
vt 27.9059 0.984252
vt 27.1488 0.984252
f 1291/3333/500 1290/3334/501 1353/3335/501 1352/3336/500 

vt 20.4964 0
vt 21.1935 0
vn -0.725339 0 -0.688392
v 5609.26 318.873 7727.52
vt 21.1935 0.984252
vt 20.4964 0.984252
f 1290/3337/501 1289/3338/502 1354/3339/502 1353/3340/501 

vt 10.4144 0
vt 11.085 0
vn -0.390697 0 -0.920519
v 5602.08 318.873 7732.55
vt 11.085 0.984252
vt 10.4144 0.984252
f 1289/3341/502 1288/3342/503 1355/3343/503 1354/3344/502 

vt -2.00243 0
vt -1.32864 0
vn 0.00281388 0 -0.999996
v 5593.43 318.873 7734.23
vt -1.32864 0.984252
vt -2.00243 0.984252
f 1288/3345/503 1287/3346/504 1356/3347/504 1355/3348/503 

vt -13.2401 0
vt -12.5211 0
vn 0.348505 0 -0.937307
v 5584.21 318.873 7732.39
vt -12.5211 0.984252
vt -13.2401 0.984252
f 1287/3349/504 1286/3350/505 1357/3351/505 1356/3352/504 

vt -20.8965 0
vt -20.0383 0
vn 0.586375 0 -0.81004
v 5574.44 318.873 7726.86
vt -20.0383 0.984252
vt -20.8965 0.984252
f 1286/3353/505 1285/3354/506 1358/3355/506 1357/3356/505 

vt -24.7437 0
vt -23.5205 0
vn 0.713579 0 -0.700575
v 5562.61 318.873 7716.09
vt -23.5205 0.984252
vt -24.7437 0.984252
f 1285/3357/506 1284/3358/507 1359/3359/507 1358/3360/506 

vt -25.4416 0
vt -23.6552 0
vn 0.752736 0 -0.658323
v 5547.2 318.873 7698.53
vt -23.6552 0.984252
vt -25.4416 0.984252
f 1284/3361/507 1283/3362/508 1360/3363/508 1359/3364/507 

vt -23.6987 0
vt -22.4896 0
vn 0.72426 0 -0.689527
v 5536.81 318.873 7686.61
vt -22.4896 0.984252
vt -23.6987 0.984252
f 1283/3365/508 1282/3366/509 1361/3367/509 1360/3368/508 

vt -21.0423 0
vt -20.0788 0
vn 0.642379 0 -0.766387
v 5527.73 318.873 7677.87
vt -20.0788 0.984252
vt -21.0423 0.984252
f 1282/3369/509 1281/3370/510 1362/3371/510 1361/3372/509 

vt -17.4884 0
vt -16.686 0
vn 0.515998 0 -0.85659
v 5519.24 318.873 7671.7
vt -16.686 0.984252
vt -17.4884 0.984252
f 1281/3373/510 1280/3374/511 1363/3375/511 1362/3376/510 

vt -12.9663 0
vt -12.2325 0
vn 0.353404 0 -0.935471
v 5510.62 318.873 7667.47
vt -12.2325 0.984252
vt -12.9663 0.984252
f 1280/3377/511 1279/3378/512 1364/3379/512 1363/3380/511 

vt -7.76403 0
vt -7.33814 0
vn 0.165984 0 -0.986129
v 5505.25 318.873 7666.01
vt -7.33814 0.984252
vt -7.76403 0.984252
f 1279/3381/512 1278/3382/513 1365/3383/513 1364/3384/512 

vt -2.29961 0
vt -1.8711 0
vn 0.066519 0 -0.997785
v 5499.66 318.873 7665.63
vt -1.8711 0.984252
vt -2.29961 0.984252
f 1278/3385/513 1277/3386/514 1366/3387/514 1365/3388/513 

vt 25.6137 0
vt 32.1127 0
v 5499.66 318.873 7750.63
vt 32.1127 0.984252
vt 25.6137 0.984252
f 1277/3389/402 1276/3390/402 1367/3391/402 1366/3392/402 

vt 1.32797 0
v 5514.83 318.873 7750.63
vt 1.32797 0.984252
f 1276/2761/403 1275/3393/403 1368/3394/403 1367/2764/403 

vt -32.1127 0
vt -27.2904 0
vt -27.2904 0.984252
vt -32.1127 0.984252
f 1275/3395/391 1274/3396/391 1322/3397/391 1368/3398/391 

vt 27.2904 1.32797
vt 27.8001 1.98189
vt 29.1952 3.21932
vt 30.311 4.20188
vt 31.0563 4.9497
vt 31.5367 5.56506
vt 31.8578 6.15023
vt 32.0389 6.72535
vt 32.0993 7.31053
vt 32.0477 7.8672
vt 31.893 8.37693
vt 31.6352 8.8397
vt 31.2743 9.25553
vt 30.8249 9.59884
vt 30.3018 9.84406
vt 29.7049 9.9912
vt 29.0342 10.0402
vt 28.369 9.99476
vt 27.775 9.85832
vt 27.2523 9.63091
vt 26.8008 9.31254
vt 26.429 8.9074
vt 26.1452 8.41968
vt 25.9494 7.84939
vt 25.8417 7.19651
vt 27.0825 7.06908
vt 27.2183 7.89403
vt 27.383 8.23105
vt 27.6123 8.51777
vt 27.8957 8.74665
vt 28.2227 8.91013
vt 29.0074 9.04091
vt 29.7544 8.91767
vt 30.3454 8.54795
vt 30.7302 7.99883
vt 30.8585 7.33736
vt 30.7176 6.63229
vt 30.2951 5.88531
vt 29.4718 4.98072
vt 28.1288 3.80282
vt 27.2175 3.00805
vt 26.5493 2.31388
vt 26.0773 1.66499
vt 25.7545 1.00604
vt 25.6422 0.595238
vt 25.6137 0.167673
vt 32.1127 0.167673
vt 32.1127 1.32797
f 1322/3399/35 1321/3400/35 1323/3401/35 1324/3402/35 1325/3403/35 1326/3404/35 1327/3405/35 1328/3406/35 1329/3407/35 1330/3408/35 1331/3409/35 1332/3410/35 1333/3411/35 1334/3412/35 1335/3413/35 1336/3414/35 1337/3415/35 1338/3416/35 1339/3417/35 1340/3418/35 1341/3419/35 1342/3420/35 1343/3421/35 1344/3422/35 1345/3423/35 1346/3424/35 1347/3425/35 1348/3426/35 1349/3427/35 1350/3428/35 1351/3429/35 1352/3430/35 1353/3431/35 1354/3432/35 1355/3433/35 1356/3434/35 1357/3435/35 1358/3436/35 1359/3437/35 1360/3438/35 1361/3439/35 1362/3440/35 1363/3441/35 1364/3442/35 1365/3443/35 1366/3444/35 1367/3445/35 1368/3446/35 

g Mesh22 C103_1 Model

v 6258.14 306 7429.83
vt -7.68444 2.53353
v 6264.76 306 7432.78
vt -7.91038 3.03949
v 6272.37 306 7434.94
vt -8.07512 3.62173
v 6268.07 306 7451.95
vt -9.37626 3.29309
v 6258.21 306 7448.74
vt -9.13083 2.53919
v 6249.6 306 7444.46
vt -8.80366 1.88045
v 6242.23 306 7439.12
vt -8.39474 1.31686
v 6236.1 306 7432.7
vt -7.90409 0.848424
v 6231.28 306 7425.36
vt -7.34302 0.480173
v 6227.84 306 7417.25
vt -6.72284 0.217136
v 6225.78 306 7408.36
vt -6.04355 0.0593142
v 6225.09 306 7398.71
vt -5.30516 0.00670691
v 6225.62 306 7388.8
vt -4.54749 0.0471579
v 6227.21 306 7379.86
vt -3.86402 0.168511
v 6229.85 306 7371.89
vt -3.25474 0.370766
v 6233.56 306 7364.89
vt -2.71965 0.653924
v 6238.26 306 7358.77
vt -2.25143 1.01379
v 6243.92 306 7353.42
vt -1.84272 1.44618
v 6250.52 306 7348.86
vt -1.49354 1.95108
v 6258.07 306 7345.07
vt -1.20389 2.5285
v 6274.72 306 7339.97
vt -0.814051 3.80114
v 6292.55 306 7338.27
vt -0.684105 5.16432
v 6302.27 306 7338.75
vt -0.720783 5.90774
v 6311.35 306 7340.19
vt -0.830818 6.60211
v 6319.79 306 7342.59
vt -1.01421 7.24744
v 6327.59 306 7345.95
vt -1.27096 7.84373
v 6334.62 306 7350.19
vt -1.59541 8.38112
v 6340.75 306 7355.24
vt -1.98189 8.84977
v 6345.98 306 7361.11
vt -2.43042 9.24966
v 6350.31 306 7367.79
vt -2.94098 9.58082
v 6353.71 306 7375.05
vt -3.49619 9.8405
v 6356.13 306 7382.67
vt -4.07864 10.026
v 6357.59 306 7390.64
vt -4.68834 10.1373
v 6358.07 306 7398.97
vt -5.32529 10.1744
v 6357.46 306 7408.24
vt -6.0337 10.1274
v 6355.62 306 7416.73
vt -6.68343 9.98659
v 6352.55 306 7424.46
vt -7.27448 9.75184
v 6348.25 306 7431.43
vt -7.80684 9.42321
v 6342.84 306 7437.51
vt -8.27171 9.00947
v 6336.43 306 7442.59
vt -8.6603 8.51945
v 6329.02 306 7446.67
vt -8.97259 7.95314
v 6320.62 306 7449.76
vt -9.20858 7.31053
v 6316.67 306 7433.01
vt -7.92757 7.00872
v 6328.8 306 7427.52
vt -7.50838 7.93595
v 6333.43 306 7424.03
vt -7.24095 8.29016
v 6337.11 306 7420.02
vt -6.93494 8.57143
v 6341.91 306 7410.42
vt -6.20054 8.93863
v 6343.51 306 7398.62
vt -5.29846 9.06103
v 6341.73 306 7385.01
vt -4.25805 8.92522
v 6339.51 306 7379.12
vt -3.80764 8.75545
v 6336.41 306 7373.84
vt -3.40376 8.51777
v 6328.08 306 7365.36
vt -2.7557 7.88146
v 6317.33 306 7359.85
vt -2.334 7.05902
v 6305.17 306 7356.82
vt -2.10262 6.12928
v 6292.63 306 7355.81
vt -2.02549 5.17103
v 6277.27 306 7357.01
vt -2.11687 3.99648
v 6264 306 7360.59
vt -2.39101 2.98122
v 6253.3 306 7366.7
vt -2.85798 2.16382
v 6249.12 306 7370.75
vt -3.16755 1.84377
v 6245.71 306 7375.46
vt -3.52783 1.58283
v 6241.17 306 7385.97
vt -4.33099 1.23575
v 6239.65 306 7397.3
vt -5.19785 1.12005
v 6240.17 306 7404.18
vt -5.72351 1.15946
v 6241.71 306 7410.51
vt -6.20724 1.27767
v 6244.29 306 7416.28
vt -6.64906 1.47468
v 6247.9 306 7421.51
vt -7.04896 1.7505
v 6252.52 306 7426.07
vt -7.3973 2.10387
f 1369/3447/321 1370/3448/321 1371/3449/321 1372/3450/321 1373/3451/321 1374/3452/321 1375/3453/321 1376/3454/321 1377/3455/321 1378/3456/321 1379/3457/321 1380/3458/321 1381/3459/321 1382/3460/321 1383/3461/321 1384/3462/321 1385/3463/321 1386/3464/321 1387/3465/321 1388/3466/321 1389/3467/321 1390/3468/321 1391/3469/321 1392/3470/321 1393/3471/321 1394/3472/321 1395/3473/321 1396/3474/321 1397/3475/321 1398/3476/321 1399/3477/321 1400/3478/321 1401/3479/321 1402/3480/321 1403/3481/321 1404/3482/321 1405/3483/321 1406/3484/321 1407/3485/321 1408/3486/321 1409/3487/321 1410/3488/321 1411/3489/321 1412/3490/321 1413/3491/321 1414/3492/321 1415/3493/321 1416/3494/321 1417/3495/321 1418/3496/321 1419/3497/321 1420/3498/321 1421/3499/321 1422/3500/321 1423/3501/321 1424/3502/321 1425/3503/321 1426/3504/321 1427/3505/321 1428/3506/321 1429/3507/321 1430/3508/321 1431/3509/321 1432/3510/321 1433/3511/321 1434/3512/321 1435/3513/321 

vt -6.00081 0
vt -5.4467 0
v 6258.14 318.873 7429.83
vt -5.4467 0.984252
v 6264.76 318.873 7432.78
vt -6.00081 0.984252
f 1370/3514/322 1369/3515/323 1436/3516/323 1437/3517/322 

vt -6.3762 0
vt -5.85942 0
v 6252.52 318.873 7426.07
vt -5.85942 0.984252
vt -6.3762 0.984252
f 1369/3518/323 1435/3519/324 1438/3520/324 1436/3521/323 

vt -6.69134 0
vt -6.19514 0
v 6247.9 318.873 7421.51
vt -6.19514 0.984252
vt -6.69134 0.984252
f 1435/3522/324 1434/3523/325 1439/3524/325 1438/3525/324 

vt -6.79649 0
vt -6.31069 0
v 6244.29 318.873 7416.28
vt -6.31069 0.984252
vt -6.79649 0.984252
f 1434/3526/325 1433/3527/326 1440/3528/326 1439/3529/325 

vt -6.67324 0
vt -6.18949 0
v 6241.71 318.873 7410.51
vt -6.18949 0.984252
vt -6.67324 0.984252
f 1433/3530/326 1432/3531/327 1441/3532/327 1440/3533/326 

vt -6.33311 0
vt -5.83514 0
v 6240.17 318.873 7404.18
vt -5.83514 0.984252
vt -6.33311 0.984252
f 1432/3534/327 1431/3535/328 1442/3536/328 1441/3537/327 

vt -5.79416 0
vt -5.26704 0
v 6239.65 318.873 7397.3
vt -5.26704 0.984252
vt -5.79416 0.984252
f 1431/3538/328 1430/3539/329 1443/3540/329 1442/3541/328 

vt -5.004 0
vt -4.12945 0
v 6241.17 318.873 7385.97
vt -4.12945 0.984252
vt -5.004 0.984252
f 1430/3542/329 1429/3543/330 1444/3544/330 1443/3545/329 

vt -3.48542 0
vt -2.61048 0
v 6245.71 318.873 7375.46
vt -2.61048 0.984252
vt -3.48542 0.984252
f 1429/3546/330 1428/3547/331 1445/3548/331 1444/3549/330 

vt -1.92873 0
vt -1.48388 0
v 6249.12 318.873 7370.75
vt -1.48388 0.984252
vt -1.92873 0.984252
f 1428/3550/331 1427/3551/332 1446/3552/332 1445/3553/331 

vt -0.876949 0
vt -0.431685 0
v 6253.3 318.873 7366.7
vt -0.431685 0.984252
vt -0.876949 0.984252
f 1427/3554/332 1426/3555/333 1447/3556/333 1446/3557/332 

vt 0.461156 0
vt 1.40254 0
v 6264 318.873 7360.59
vt 1.40254 0.984252
vt 0.461156 0.984252
f 1426/3558/333 1425/3559/334 1448/3560/334 1447/3561/333 

vt 2.25483 0
vt 3.30645 0
v 6277.27 318.873 7357.01
vt 3.30645 0.984252
vt 2.25483 0.984252
f 1425/3562/334 1424/3563/335 1449/3564/335 1448/3565/334 

vt 3.82024 0
vt 4.99834 0
v 6292.63 318.873 7355.81
vt 4.99834 0.984252
vt 3.82024 0.984252
f 1424/3566/335 1423/3567/336 1450/3568/336 1449/3569/335 

vt 5.31686 0
vt 6.27821 0
v 6305.17 318.873 7356.82
vt 6.27821 0.984252
vt 5.31686 0.984252
f 1423/3570/336 1422/3571/337 1451/3572/337 1450/3573/336 

vt 6.45564 0
vt 7.41375 0
v 6317.33 318.873 7359.85
vt 7.41375 0.984252
vt 6.45564 0.984252
f 1422/3574/337 1421/3575/338 1452/3576/338 1451/3577/337 

vt 7.34636 0
vt 8.2706 0
v 6328.08 318.873 7365.36
vt 8.2706 0.984252
vt 7.34636 0.984252
f 1421/3578/338 1420/3579/339 1453/3580/339 1452/3581/338 

vt 7.48817 0
vt 8.3964 0
v 6336.41 318.873 7373.84
vt 8.3964 0.984252
vt 7.48817 0.984252
f 1420/3582/339 1419/3583/340 1454/3584/340 1453/3585/339 

vt 7.25351 0
vt 7.72214 0
v 6339.51 318.873 7379.12
vt 7.72214 0.984252
vt 7.25351 0.984252
f 1419/3586/340 1418/3587/341 1455/3588/341 1454/3589/340 

vt 6.65097 0
vt 7.13232 0
v 6341.73 318.873 7385.01
vt 7.13232 0.984252
vt 6.65097 0.984252
f 1418/3590/341 1417/3591/342 1456/3592/342 1455/3593/341 

vt 5.37752 0
vt 6.42676 0
v 6343.51 318.873 7398.62
vt 6.42676 0.984252
vt 5.37752 0.984252
f 1417/3594/342 1416/3595/343 1457/3596/343 1456/3597/342 

vt 4.03204 0
vt 4.94238 0
v 6341.91 318.873 7410.42
vt 4.94238 0.984252
vt 4.03204 0.984252
f 1416/3598/343 1415/3599/344 1458/3600/344 1457/3601/343 

vt 1.54845 0
vt 2.36954 0
v 6337.11 318.873 7420.02
vt 2.36954 0.984252
vt 1.54845 0.984252
f 1415/3602/344 1414/3603/345 1459/3604/345 1458/3605/344 

vt -0.694802 0
vt -0.279169 0
v 6333.43 318.873 7424.03
vt -0.279169 0.984252
vt -0.694802 0.984252
f 1414/3606/345 1413/3607/346 1460/3608/346 1459/3609/345 

vt -2.25297 0
vt -1.80914 0
v 6328.8 318.873 7427.52
vt -1.80914 0.984252
vt -2.25297 0.984252
f 1413/3610/346 1412/3611/347 1461/3612/347 1460/3613/346 

vt -4.13832 0
vt -3.12074 0
v 6316.67 318.873 7433.01
vt -3.12074 0.984252
vt -4.13832 0.984252
f 1412/3614/347 1411/3615/348 1462/3616/348 1461/3617/347 

vt 9.32356 0
vt 10.6397 0
v 6320.62 318.873 7449.76
vt 10.6397 0.984252
vt 9.32356 0.984252
f 1411/3618/349 1410/3619/349 1463/3620/349 1462/3621/349 

vt 3.68781 0
vt 4.37238 0
v 6329.02 318.873 7446.67
vt 4.37238 0.984252
vt 3.68781 0.984252
f 1410/3622/350 1409/3623/351 1464/3624/351 1463/3625/350 

vt 2.63165 0
vt 3.27837 0
v 6336.43 318.873 7442.59
vt 3.27837 0.984252
vt 2.63165 0.984252
f 1409/3626/351 1408/3627/352 1465/3628/352 1464/3629/351 

vt 1.29438 0
vt 1.91978 0
v 6342.84 318.873 7437.51
vt 1.91978 0.984252
vt 1.29438 0.984252
f 1408/3630/352 1407/3631/353 1466/3632/353 1465/3633/352 

vt -0.189263 0
vt 0.433056 0
v 6348.25 318.873 7431.43
vt 0.433056 0.984252
vt -0.189263 0.984252
f 1407/3634/353 1406/3635/354 1467/3636/354 1466/3637/353 

vt -1.69306 0
vt -1.06743 0
v 6352.55 318.873 7424.46
vt -1.06743 0.984252
vt -1.69306 0.984252
f 1406/3638/354 1405/3639/355 1468/3640/355 1467/3641/354 

vt -3.16121 0
vt -2.52525 0
v 6355.62 318.873 7416.73
vt -2.52525 0.984252
vt -3.16121 0.984252
f 1405/3642/355 1404/3643/356 1469/3644/356 1468/3645/355 

vt -4.41603 0
vt -3.75121 0
v 6357.46 318.873 7408.24
vt -3.75121 0.984252
vt -4.41603 0.984252
f 1404/3646/356 1403/3647/357 1470/3648/357 1469/3649/356 

vt -5.3508 0
vt -4.64083 0
v 6358.07 318.873 7398.97
vt -4.64083 0.984252
vt -5.3508 0.984252
f 1403/3650/357 1402/3651/358 1471/3652/358 1470/3653/357 

vt -5.90786 0
vt -5.26983 0
v 6357.59 318.873 7390.64
vt -5.26983 0.984252
vt -5.90786 0.984252
f 1402/3654/358 1401/3655/359 1472/3656/359 1471/3657/358 

vt -6.43248 0
vt -5.81271 0
v 6356.13 318.873 7382.67
vt -5.81271 0.984252
vt -6.43248 0.984252
f 1401/3658/359 1400/3659/360 1473/3660/360 1472/3661/359 

vt -6.92866 0
vt -6.31738 0
v 6353.71 318.873 7375.05
vt -6.31738 0.984252
vt -6.92866 0.984252
f 1400/3662/360 1399/3663/361 1474/3664/361 1473/3665/360 

vt -7.33604 0
vt -6.72311 0
v 6350.31 318.873 7367.79
vt -6.72311 0.984252
vt -7.33604 0.984252
f 1399/3666/361 1398/3667/362 1475/3668/362 1474/3669/361 

vt -7.68096 0
vt -7.07241 0
v 6345.98 318.873 7361.11
vt -7.07241 0.984252
vt -7.68096 0.984252
f 1398/3670/362 1397/3671/363 1476/3672/363 1475/3673/362 

vt -7.96963 0
vt -7.36872 0
v 6340.75 318.873 7355.24
vt -7.36872 0.984252
vt -7.96963 0.984252
f 1397/3674/363 1396/3675/364 1477/3676/364 1476/3677/363 

vt -8.08848 0
vt -7.48103 0
v 6334.62 318.873 7350.19
vt -7.48103 0.984252
vt -8.08848 0.984252
f 1396/3678/364 1395/3679/365 1478/3680/365 1477/3681/364 

vt -7.99946 0
vt -7.37172 0
v 6327.59 318.873 7345.95
vt -7.37172 0.984252
vt -7.99946 0.984252
f 1395/3682/365 1394/3683/366 1479/3684/366 1478/3685/365 

vt -7.70691 0
vt -7.0577 0
v 6319.79 318.873 7342.59
vt -7.0577 0.984252
vt -7.70691 0.984252
f 1394/3686/366 1393/3687/367 1480/3688/367 1479/3689/366 

vt -7.24865 0
vt -6.57776 0
v 6311.35 318.873 7340.19
vt -6.57776 0.984252
vt -7.24865 0.984252
f 1393/3690/367 1392/3691/368 1481/3692/368 1480/3693/367 

vt -6.65078 0
vt -5.94774 0
v 6302.27 318.873 7338.75
vt -5.94774 0.984252
vt -6.65078 0.984252
f 1392/3694/368 1391/3695/369 1482/3696/369 1481/3697/368 

vt -5.93608 0
vt -5.19176 0
v 6292.55 318.873 7338.27
vt -5.19176 0.984252
vt -5.93608 0.984252
f 1391/3698/369 1390/3699/370 1483/3700/370 1482/3701/369 

vt -5.0761 0
vt -3.70674 0
v 6274.72 318.873 7339.97
vt -3.70674 0.984252
vt -5.0761 0.984252
f 1390/3702/370 1389/3703/371 1484/3704/371 1483/3705/370 

vt -3.39602 0
vt -2.06501 0
v 6258.07 318.873 7345.07
vt -2.06501 0.984252
vt -3.39602 0.984252
f 1389/3706/371 1388/3707/372 1485/3708/372 1484/3709/371 

vt -1.72028 0
vt -1.07428 0
v 6250.52 318.873 7348.86
vt -1.07428 0.984252
vt -1.72028 0.984252
f 1388/3710/372 1387/3711/373 1486/3712/373 1485/3713/372 

vt -0.755185 0
vt -0.1413 0
v 6243.92 318.873 7353.42
vt -0.1413 0.984252
vt -0.755185 0.984252
f 1387/3714/373 1386/3715/374 1487/3716/374 1486/3717/373 

vt 0.21483 0
vt 0.809805 0
v 6238.26 318.873 7358.77
vt 0.809805 0.984252
vt 0.21483 0.984252
f 1386/3718/374 1385/3719/375 1488/3720/375 1487/3721/374 

vt 1.16731 0
vt 1.75785 0
v 6233.56 318.873 7364.89
vt 1.75785 0.984252
vt 1.16731 0.984252
f 1385/3722/375 1384/3723/376 1489/3724/376 1488/3725/375 

vt 2.09797 0
vt 2.70335 0
v 6229.85 318.873 7371.89
vt 2.70335 0.984252
vt 2.09797 0.984252
f 1384/3726/376 1383/3727/377 1490/3728/377 1489/3729/376 

vt 2.97218 0
vt 3.61415 0
v 6227.21 318.873 7379.86
vt 3.61415 0.984252
vt 2.97218 0.984252
f 1383/3730/377 1382/3731/378 1491/3732/378 1490/3733/377 

vt 3.77506 0
vt 4.46922 0
v 6225.62 318.873 7388.8
vt 4.46922 0.984252
vt 3.77506 0.984252
f 1382/3734/378 1381/3735/379 1492/3736/379 1491/3737/378 

vt 4.53851 0
vt 5.29726 0
v 6225.09 318.873 7398.71
vt 5.29726 0.984252
vt 4.53851 0.984252
f 1381/3738/379 1380/3739/380 1493/3740/380 1492/3741/379 

vt 5.29223 0
vt 6.03249 0
v 6225.78 318.873 7408.36
vt 6.03249 0.984252
vt 5.29223 0.984252
f 1380/3742/380 1379/3743/381 1494/3744/381 1493/3745/380 

vt 5.90018 0
vt 6.59756 0
v 6227.84 318.873 7417.25
vt 6.59756 0.984252
vt 5.90018 0.984252
f 1379/3746/381 1378/3747/382 1495/3748/382 1494/3749/381 

vt 6.27396 0
vt 6.94761 0
v 6231.28 318.873 7425.36
vt 6.94761 0.984252
vt 6.27396 0.984252
f 1378/3750/382 1377/3751/383 1496/3752/383 1495/3753/382 

vt 6.40236 0
vt 7.07348 0
v 6236.1 318.873 7432.7
vt 7.07348 0.984252
vt 6.40236 0.984252
f 1377/3754/383 1376/3755/384 1497/3756/384 1496/3757/383 

vt 6.30284 0
vt 6.9812 0
v 6242.23 318.873 7439.12
vt 6.9812 0.984252
vt 6.30284 0.984252
f 1376/3758/384 1375/3759/385 1498/3760/385 1497/3761/384 

vt 5.99575 0
vt 6.69206 0
v 6249.6 318.873 7444.46
vt 6.69206 0.984252
vt 5.99575 0.984252
f 1375/3762/385 1374/3763/386 1499/3764/386 1498/3765/385 

vt 5.6002 0
vt 6.33571 0
v 6258.21 318.873 7448.74
vt 6.33571 0.984252
vt 5.6002 0.984252
f 1374/3766/386 1373/3767/387 1500/3768/387 1499/3769/386 

vt 5.24099 0
vt 6.03383 0
v 6268.07 318.873 7451.95
vt 6.03383 0.984252
vt 5.24099 0.984252
f 1373/3770/387 1372/3771/388 1501/3772/388 1500/3773/387 

vt -8.28433 0
vt -6.94233 0
v 6272.37 318.873 7434.94
vt -6.94233 0.984252
vt -8.28433 0.984252
f 1372/3774/389 1371/3775/389 1502/3776/389 1501/3777/389 

vt -5.68337 0
vt -5.07827 0
vt -5.07827 0.984252
vt -5.68337 0.984252
f 1371/3778/390 1370/3779/322 1437/3780/322 1502/3781/390 

vt 7.91038 3.03949
vt 7.68444 2.53353
vt 7.3973 2.10387
vt 7.04896 1.7505
vt 6.64906 1.47468
vt 6.20724 1.27767
vt 5.72351 1.15946
vt 5.19785 1.12005
vt 4.33099 1.23575
vt 3.52783 1.58283
vt 3.16755 1.84377
vt 2.85798 2.16382
vt 2.39101 2.98122
vt 2.11687 3.99648
vt 2.02549 5.17103
vt 2.10262 6.12928
vt 2.334 7.05902
vt 2.7557 7.88146
vt 3.40376 8.51777
vt 3.80764 8.75545
vt 4.25805 8.92522
vt 5.29846 9.06103
vt 6.20054 8.93863
vt 6.93494 8.57143
vt 7.24095 8.29016
vt 7.50838 7.93595
vt 7.92757 7.00872
vt 9.20858 7.31053
vt 8.97259 7.95314
vt 8.6603 8.51945
vt 8.27171 9.00947
vt 7.80684 9.42321
vt 7.27448 9.75184
vt 6.68343 9.98659
vt 6.0337 10.1274
vt 5.32529 10.1744
vt 4.68834 10.1373
vt 4.07864 10.026
vt 3.49619 9.8405
vt 2.94098 9.58082
vt 2.43042 9.24966
vt 1.98189 8.84977
vt 1.59541 8.38112
vt 1.27096 7.84373
vt 1.01421 7.24744
vt 0.830818 6.60211
vt 0.720783 5.90774
vt 0.684105 5.16432
vt 0.814051 3.80114
vt 1.20389 2.5285
vt 1.49354 1.95108
vt 1.84272 1.44618
vt 2.25143 1.01379
vt 2.71965 0.653924
vt 3.25474 0.370766
vt 3.86402 0.168511
vt 4.54749 0.0471579
vt 5.30516 0.00670691
vt 6.04355 0.0593142
vt 6.72284 0.217136
vt 7.34302 0.480173
vt 7.90409 0.848424
vt 8.39474 1.31686
vt 8.80366 1.88045
vt 9.13083 2.53919
vt 9.37626 3.29309
vt 8.07512 3.62173
f 1437/3782/35 1436/3783/35 1438/3784/35 1439/3785/35 1440/3786/35 1441/3787/35 1442/3788/35 1443/3789/35 1444/3790/35 1445/3791/35 1446/3792/35 1447/3793/35 1448/3794/35 1449/3795/35 1450/3796/35 1451/3797/35 1452/3798/35 1453/3799/35 1454/3800/35 1455/3801/35 1456/3802/35 1457/3803/35 1458/3804/35 1459/3805/35 1460/3806/35 1461/3807/35 1462/3808/35 1463/3809/35 1464/3810/35 1465/3811/35 1466/3812/35 1467/3813/35 1468/3814/35 1469/3815/35 1470/3816/35 1471/3817/35 1472/3818/35 1473/3819/35 1474/3820/35 1475/3821/35 1476/3822/35 1477/3823/35 1478/3824/35 1479/3825/35 1480/3826/35 1481/3827/35 1482/3828/35 1483/3829/35 1484/3830/35 1485/3831/35 1486/3832/35 1487/3833/35 1488/3834/35 1489/3835/35 1490/3836/35 1491/3837/35 1492/3838/35 1493/3839/35 1494/3840/35 1495/3841/35 1496/3842/35 1497/3843/35 1498/3844/35 1499/3845/35 1500/3846/35 1501/3847/35 1502/3848/35 

g Mesh23 C103_1 Model

v 6356.41 306 7515.81
vt -14.2589 10.0469
v 6356.41 306 7525.99
vt -15.0369 10.0469
v 6227.29 306 7525.99
vt -15.0369 0.17438
v 6227.29 306 7510.2
vt -13.8296 0.17438
v 6327.9 306 7510.2
vt -13.8296 7.8672
v 6322.46 306 7503.61
vt -13.3258 7.45137
v 6317.02 306 7495.24
vt -12.6861 7.03555
v 6308.86 306 7478.62
vt -11.4152 6.4118
v 6324.13 306 7478.62
vt -11.4152 7.57881
v 6331.01 306 7491.03
vt -12.3642 8.1053
v 6339.21 306 7501.78
vt -13.1858 8.73239
v 6347.94 306 7510.24
vt -13.833 9.39973
f 1503/3849/321 1504/3850/321 1505/3851/321 1506/3852/321 1507/3853/321 1508/3854/321 1509/3855/321 1510/3856/321 1511/3857/321 1512/3858/321 1513/3859/321 1514/3860/321 

v 6356.41 318.873 7515.81
v 6356.41 318.873 7525.99
f 1504/2717/391 1503/2718/391 1515/2719/391 1516/2720/391 

vt -16.2309 0
vt -15.4561 0
v 6347.94 318.873 7510.24
vt -15.4561 0.984252
vt -16.2309 0.984252
f 1503/3861/392 1514/3862/393 1517/3863/393 1515/3864/392 

vt -16.3781 0
vt -15.4485 0
v 6339.21 318.873 7501.78
vt -15.4485 0.984252
vt -16.3781 0.984252
f 1514/3865/393 1513/3866/394 1518/3867/394 1517/3868/393 

vt -15.7797 0
vt -14.7461 0
v 6331.01 318.873 7491.03
vt -14.7461 0.984252
vt -15.7797 0.984252
f 1513/3869/394 1512/3870/395 1519/3871/395 1518/3872/394 

vt -14.7439 0
vt -13.6586 0
v 6324.13 318.873 7478.62
vt -13.6586 0.984252
vt -14.7439 0.984252
f 1512/3873/395 1511/3874/396 1520/3875/396 1519/3876/395 

vt -7.57881 0
vt -6.4118 0
v 6308.86 318.873 7478.62
vt -6.4118 0.984252
vt -7.57881 0.984252
f 1511/3877/397 1510/3878/397 1521/3879/397 1520/3880/397 

vt 13.0724 0
vt 14.4882 0
v 6317.02 318.873 7495.24
vt 14.4882 0.984252
vt 13.0724 0.984252
f 1510/3881/398 1509/3882/399 1522/3883/399 1521/3884/398 

vt 14.4708 0
vt 15.2338 0
v 6322.46 318.873 7503.61
vt 15.2338 0.984252
vt 14.4708 0.984252
f 1509/3885/399 1508/3886/400 1523/3887/400 1522/3888/399 

vt 15.0206 0
vt 15.6739 0
v 6327.9 318.873 7510.2
vt 15.6739 0.984252
vt 15.0206 0.984252
f 1508/3889/400 1507/3890/401 1524/3891/401 1523/3892/400 

vt -7.8672 0
vt -0.17438 0
v 6227.29 318.873 7510.2
vt -0.17438 0.984252
vt -7.8672 0.984252
f 1507/3893/397 1506/3894/397 1525/3895/397 1524/3896/397 

v 6227.29 318.873 7525.99
f 1506/2757/402 1505/2758/402 1526/2759/402 1525/2760/402 

vt 0.17438 0
vt 10.0469 0
vt 10.0469 0.984252
vt 0.17438 0.984252
f 1505/3897/403 1504/3898/403 1516/3899/403 1526/3900/403 

vt 15.0369 10.0469
vt 14.2589 10.0469
vt 13.833 9.39973
vt 13.1858 8.73239
vt 12.3642 8.1053
vt 11.4152 7.57881
vt 11.4152 6.4118
vt 12.6861 7.03555
vt 13.3258 7.45137
vt 13.8296 7.8672
vt 13.8296 0.17438
vt 15.0369 0.17438
f 1516/3901/35 1515/3902/35 1517/3903/35 1518/3904/35 1519/3905/35 1520/3906/35 1521/3907/35 1522/3908/35 1523/3909/35 1524/3910/35 1525/3911/35 1526/3912/35 

g Mesh24 C103_1 Model

v 6311.29 306 7567.6
vt -18.2185 6.59708
v 6273.85 306 7567.22
vt -18.1896 3.73491
v 6290.71 306 7566.42
vt -18.1288 5.02347
f 1527/3913/321 1528/3914/321 1529/3915/321

v 6259.52 306 7569.6
vt -18.3719 2.63917
f 1528/3914/321 1527/3913/321 1530/3916/321

v 6327.41 306 7571.12
vt -18.4876 7.83032
f 1530/3916/321 1527/3913/321 1531/3917/321

vt -11.5919 0
vt -10.3296 0
v 6311.29 318.873 7567.6
vt -10.3296 0.984252
v 6327.41 318.873 7571.12
vt -11.5919 0.984252
f 1531/3918/404 1527/3919/405 1532/3920/405 1533/3921/404 

vt -7.62327 0
vt -6.0471 0
v 6290.71 318.873 7566.42
vt -6.0471 0.984252
vt -7.62327 0.984252
f 1527/3922/405 1529/3923/406 1534/3924/406 1532/3925/405 

vt -4.16371 0
vt -2.87372 0
v 6273.85 318.873 7567.22
vt -2.87372 0.984252
vt -4.16371 0.984252
f 1529/3926/406 1528/3927/407 1535/3928/407 1534/3929/406 

vt -0.698352 0
vt 0.412457 0
v 6259.52 318.873 7569.6
vt 0.412457 0.984252
vt -0.698352 0.984252
f 1528/3930/407 1530/3931/408 1536/3932/408 1535/3933/407 

vt 3.35932 0
v 6247.71 306 7573.58
vt 4.31201 0
v 6247.71 318.873 7573.58
vt 4.31201 0.984252
vt 3.35932 0.984252
f 1530/3934/408 1537/3935/409 1538/3936/409 1536/3937/408 

vt -18.6758 1.73625
f 1530/3916/321 1531/3917/321 1537/3938/321

v 6339.73 306 7576.95
vt -18.9336 8.7718
f 1537/3938/321 1531/3917/321 1539/3939/321

vt -16.0331 0
vt -14.9913 0
vt -14.9913 0.984252
v 6339.73 318.873 7576.95
vt -16.0331 0.984252
f 1539/3940/410 1531/3941/404 1533/3942/404 1540/3943/410 

vt 18.4876 7.83032
vt 18.6758 1.73625
vt 18.9336 8.7718
f 1533/3944/35 1538/3945/35 1540/3946/35

vt 18.3719 2.63917
f 1533/3944/35 1536/3947/35 1538/3945/35

vt 18.2185 6.59708
f 1532/3948/35 1536/3947/35 1533/3944/35

vt 18.1896 3.73491
f 1532/3948/35 1535/3949/35 1536/3947/35

vt 18.1288 5.02347
f 1535/3949/35 1532/3948/35 1534/3950/35

v 6238.43 318.873 7579.14
vt 19.1013 1.02616
f 1540/3946/35 1538/3945/35 1541/3951/35

vt 8.10952 0
v 6238.43 306 7579.14
vt 8.93732 0
vt 8.93732 0.984252
vt 8.10952 0.984252
f 1537/3952/409 1542/3953/411 1541/3954/411 1538/3955/409 

vt -19.1013 1.02616
f 1537/3938/321 1539/3939/321 1542/3956/321

v 6348.86 306 7585.06
vt -19.554 9.47015
f 1542/3956/321 1539/3939/321 1543/3957/321

vt -20.0666 0
vt -19.1324 0
vt -19.1324 0.984252
v 6348.86 318.873 7585.06
vt -20.0666 0.984252
f 1543/3958/412 1539/3959/410 1540/3960/410 1544/3961/412 

vt 19.554 9.47015
f 1540/3946/35 1541/3951/35 1544/3962/35

v 6305.29 318.873 7583.16
vt 19.4085 6.13892
f 1544/3962/35 1541/3951/35 1545/3963/35

v 6290.71 318.873 7582.65
vt 19.3696 5.02347
f 1545/3963/35 1541/3951/35 1546/3964/35

v 6276.2 318.873 7583.11
vt 19.405 3.91411
f 1541/3951/35 1547/3965/35 1546/3964/35

v 6232.59 318.873 7584.95
vt 19.5452 0.580148
f 1547/3965/35 1541/3951/35 1548/3966/35

vt 12.7475 0
v 6232.59 306 7584.95
vt 13.3768 0
vt 13.3768 0.984252
vt 12.7475 0.984252
f 1542/3967/411 1549/3968/413 1548/3969/413 1541/3970/411 

v 6276.2 306 7583.11
vt -19.405 3.91411
vt -19.5452 0.580148
f 1542/3956/321 1550/3971/321 1549/3972/321

v 6290.71 306 7582.65
vt -19.3696 5.02347
f 1550/3971/321 1542/3956/321 1551/3973/321

v 6305.29 306 7583.16
vt -19.4085 6.13892
f 1542/3956/321 1552/3974/321 1551/3973/321

f 1542/3956/321 1543/3957/321 1552/3974/321

v 6317.39 306 7584.69
vt -19.5255 7.06405
f 1552/3974/321 1543/3957/321 1553/3975/321

v 6327 306 7587.24
vt -19.7204 7.79888
f 1553/3975/321 1543/3957/321 1554/3976/321

v 6352.16 306 7589.99
vt -19.9306 9.7225
f 1554/3976/321 1543/3957/321 1555/3977/321

vt -21.9695 0
vt -21.5161 0
vt -21.5161 0.984252
v 6352.16 318.873 7589.99
vt -21.9695 0.984252
f 1555/3978/414 1543/3979/412 1544/3980/412 1556/3981/414 

v 6327 318.873 7587.24
vt 19.7204 7.79888
vt 19.9306 9.7225
f 1544/3962/35 1557/3982/35 1556/3983/35

v 6317.39 318.873 7584.69
vt 19.5255 7.06405
f 1544/3962/35 1558/3984/35 1557/3982/35

f 1544/3962/35 1545/3963/35 1558/3984/35

vt 8.52462 0
vt 9.45712 0
vt 9.45712 0.984252
vt 8.52462 0.984252
f 1552/3985/415 1553/3986/416 1558/3987/416 1545/3988/415 

vt 11.8341 0
vt 12.5943 0
vt 12.5943 0.984252
vt 11.8341 0.984252
f 1553/3989/416 1554/3990/417 1557/3991/417 1558/3992/416 

vt 15.8078 0
v 6334.13 306 7590.81
vt 16.4169 0
v 6334.13 318.873 7590.81
vt 16.4169 0.984252
vt 15.8078 0.984252
f 1554/3993/417 1559/3994/418 1560/3995/418 1557/3996/417 

vt -19.9933 8.34339
f 1554/3976/321 1555/3977/321 1559/3997/321

v 6354.52 306 7595.51
vt -20.353 9.90275
f 1559/3997/321 1555/3977/321 1561/3998/321

vt -22.6065 0
vt -22.1474 0
vt -22.1474 0.984252
v 6354.52 318.873 7595.51
vt -22.6065 0.984252
f 1561/3999/419 1555/4000/414 1556/4001/414 1562/4002/419 

vt 19.9933 8.34339
vt 20.353 9.90275
f 1556/3983/35 1560/4003/35 1562/4004/35

f 1556/3983/35 1557/3982/35 1560/4003/35

v 6338.15 318.873 7594.33
vt 20.2624 8.65149
f 1562/4004/35 1560/4003/35 1563/4005/35

vt 19.4364 0
v 6338.15 306 7594.33
vt 19.8455 0
vt 19.8455 0.984252
vt 19.4364 0.984252
f 1559/4006/418 1564/4007/420 1563/4008/420 1560/4009/418 

vt -20.2624 8.65149
f 1559/3997/321 1561/3998/321 1564/4010/321

v 6341.03 306 7598.4
vt -20.5734 8.87156
f 1564/4010/321 1561/3998/321 1565/4011/321

v 6355.93 306 7601.63
vt -20.821 10.0109
f 1565/4011/321 1561/3998/321 1566/4012/321

vt -22.5403 0
vt -22.06 0
vt -22.06 0.984252
v 6355.93 318.873 7601.63
vt -22.5403 0.984252
f 1566/4013/421 1561/4014/419 1562/4015/419 1567/4016/421 

v 6341.03 318.873 7598.4
vt 20.5734 8.87156
vt 20.821 10.0109
f 1562/4004/35 1568/4017/35 1567/4018/35

f 1562/4004/35 1563/4005/35 1568/4017/35

vt 21.5378 0
vt 21.9188 0
vt 21.9188 0.984252
vt 21.5378 0.984252
f 1564/4019/420 1565/4020/422 1568/4021/422 1563/4022/420 

vt 22.3777 0
v 6342.76 306 7603.01
vt 22.7545 0
v 6342.76 318.873 7603.01
vt 22.7545 0.984252
vt 22.3777 0.984252
f 1565/4023/422 1569/4024/423 1570/4025/423 1568/4026/422 

vt -20.9264 9.0036
f 1565/4011/321 1566/4012/321 1569/4027/321

v 6356.41 306 7608.35
vt -21.3347 10.0469
f 1569/4027/321 1566/4012/321 1571/4028/321

vt -21.9857 0
vt -21.4707 0
vt -21.4707 0.984252
v 6356.41 318.873 7608.35
vt -21.9857 0.984252
f 1571/4029/424 1566/4030/421 1567/4031/421 1572/4032/424 

vt 20.9264 9.0036
vt 21.3347 10.0469
f 1567/4018/35 1570/4033/35 1572/4034/35

f 1567/4018/35 1568/4017/35 1570/4033/35

v 6343.34 318.873 7608.18
vt 21.3213 9.04762
f 1572/4034/35 1570/4033/35 1573/4035/35

vt 21.795 0
v 6343.34 306 7608.18
vt 22.1923 0
vt 22.1923 0.984252
vt 21.795 0.984252
f 1569/4036/423 1574/4037/425 1573/4038/425 1570/4039/423 

vt -21.3213 9.04762
f 1569/4027/321 1571/4028/321 1574/4040/321

v 6342.68 306 7613.48
vt -21.7264 8.99774
f 1574/4040/321 1571/4028/321 1575/4041/321

v 6355.36 306 7618.07
vt -22.0775 9.9673
f 1575/4041/321 1571/4028/321 1576/4042/321

vt -20.889 0
vt -20.142 0
vt -20.142 0.984252
v 6355.36 318.873 7618.07
vt -20.889 0.984252
f 1576/4043/426 1571/4044/424 1572/4045/424 1577/4046/426 

v 6342.68 318.873 7613.48
vt 21.7264 8.99774
vt 22.0775 9.9673
f 1572/4034/35 1578/4047/35 1577/4048/35

f 1572/4034/35 1573/4035/35 1578/4047/35

vt 20.0558 0
vt 20.464 0
vt 20.464 0.984252
vt 20.0558 0.984252
f 1574/4049/425 1575/4050/427 1578/4051/427 1573/4052/425 

vt 16.7731 0
v 6340.73 306 7618.32
vt 17.1725 0
v 6340.73 318.873 7618.32
vt 17.1725 0.984252
vt 16.7731 0.984252
f 1575/4053/427 1579/4054/428 1580/4055/428 1578/4056/427 

vt -22.0967 8.84809
f 1575/4041/321 1576/4042/321 1579/4057/321

v 6352.24 306 7626.51
vt -22.723 9.72837
f 1579/4057/321 1576/4042/321 1581/4058/321

vt -17.9333 0
vt -17.2449 0
vt -17.2449 0.984252
v 6352.24 318.873 7626.51
vt -17.9333 0.984252
f 1581/4059/429 1576/4060/426 1577/4061/426 1582/4062/429 

vt 22.0967 8.84809
vt 22.723 9.72837
f 1577/4048/35 1580/4063/35 1582/4064/35

f 1577/4048/35 1578/4047/35 1580/4063/35

v 6337.46 318.873 7622.71
vt 22.4323 8.59868
f 1582/4064/35 1580/4063/35 1583/4065/35

vt 12.4561 0
v 6337.46 306 7622.71
vt 12.8742 0
vt 12.8742 0.984252
vt 12.4561 0.984252
f 1579/4066/428 1584/4067/430 1583/4068/430 1580/4069/428 

vt -22.4323 8.59868
f 1579/4057/321 1581/4058/321 1584/4070/321

v 6332.9 306 7626.64
vt -22.7331 8.2495
f 1584/4070/321 1581/4058/321 1585/4071/321

v 6347.15 306 7633.64
vt -23.2679 9.33937
f 1585/4071/321 1581/4058/321 1586/4072/321

vt -13.5117 0
vt -12.8421 0
vt -12.8421 0.984252
v 6347.15 318.873 7633.64
vt -13.5117 0.984252
f 1586/4073/431 1581/4074/429 1582/4075/429 1587/4076/431 

v 6332.9 318.873 7626.64
vt 22.7331 8.2495
vt 23.2679 9.33937
f 1582/4064/35 1588/4077/35 1587/4078/35

f 1582/4064/35 1583/4065/35 1588/4077/35

vt 8.12482 0
vt 8.58567 0
vt 8.58567 0.984252
vt 8.12482 0.984252
f 1584/4079/430 1585/4080/432 1588/4081/432 1583/4082/430 

vt 2.69125 0
v 6326.35 306 7629.88
vt 3.25018 0
v 6326.35 318.873 7629.88
vt 3.25018 0.984252
vt 2.69125 0.984252
f 1585/4083/432 1589/4084/433 1590/4085/433 1588/4086/432 

vt -22.981 7.74857
f 1585/4071/321 1586/4072/321 1589/4087/321

v 6317.13 306 7632.2
vt -23.1581 7.04393
f 1589/4087/321 1586/4072/321 1591/4088/321

v 6305.25 306 7633.59
vt -23.2644 6.13556
f 1591/4088/321 1586/4072/321 1592/4089/321

v 6290.71 306 7634.05
vt -23.2998 5.02347
f 1592/4089/321 1586/4072/321 1593/4090/321

v 6340.22 306 7639.4
vt -23.7089 8.80952
f 1593/4090/321 1586/4072/321 1594/4091/321

vt -8.39556 0
vt -7.70621 0
vt -7.70621 0.984252
v 6340.22 318.873 7639.4
vt -8.39556 0.984252
f 1594/4092/434 1586/4093/431 1587/4094/431 1595/4095/434 

v 6290.71 318.873 7634.05
vt 23.2998 5.02347
vt 23.7089 8.80952
f 1587/4078/35 1596/4096/35 1595/4097/35

v 6305.25 318.873 7633.59
vt 23.2644 6.13556
f 1587/4078/35 1597/4098/35 1596/4096/35

v 6317.13 318.873 7632.2
vt 23.1581 7.04393
f 1587/4078/35 1598/4099/35 1597/4098/35

vt 22.981 7.74857
f 1587/4078/35 1590/4100/35 1598/4099/35

f 1587/4078/35 1588/4077/35 1590/4100/35

vt -1.91306 0
vt -1.1865 0
vt -1.1865 0.984252
vt -1.91306 0.984252
f 1589/4101/433 1591/4102/435 1598/4103/435 1590/4104/433 

vt -4.30549 0
vt -3.39093 0
vt -3.39093 0.984252
vt -4.30549 0.984252
f 1591/4105/435 1592/4106/436 1597/4107/436 1598/4108/435 

vt -5.39184 0
vt -4.27919 0
vt -4.27919 0.984252
vt -5.39184 0.984252
f 1592/4109/436 1593/4110/437 1596/4111/437 1597/4112/436 

vt -5.76629 0
v 6276.23 306 7633.59
vt -4.65908 0
v 6276.23 318.873 7633.59
vt -4.65908 0.984252
vt -5.76629 0.984252
f 1593/4113/437 1599/4114/438 1600/4115/438 1596/4116/437 

v 6241.85 306 7639.83
vt -23.7416 1.28773
vt -23.2644 3.91683
f 1601/4117/321 1599/4118/321 1593/4090/321

v 6264.39 306 7632.2
vt -23.1581 3.0114
f 1601/4117/321 1602/4119/321 1599/4118/321

v 6232.68 306 7631.73
vt -23.1221 0.586854
f 1603/4120/321 1602/4119/321 1601/4117/321

v 6255.18 306 7629.88
vt -22.981 2.30718
f 1603/4120/321 1604/4121/321 1602/4119/321

v 6229.36 306 7626.8
vt -22.745 0.33304
f 1605/4122/321 1604/4121/321 1603/4120/321

v 6248.6 306 7626.64
vt -22.7331 1.80416
f 1605/4122/321 1606/4123/321 1604/4121/321

v 6244 306 7622.72
vt -22.4331 1.45205
f 1605/4122/321 1607/4124/321 1606/4123/321

v 6226.99 306 7621.26
vt -22.3214 0.151744
f 1608/4125/321 1607/4124/321 1605/4122/321

v 6240.71 306 7618.36
vt -22.1001 1.20054
f 1608/4125/321 1609/4126/321 1607/4124/321

v 6225.57 306 7615.11
vt -21.8513 0.0429661
f 1610/4127/321 1609/4126/321 1608/4125/321

v 6238.73 306 7613.57
vt -21.7339 1.04963
f 1610/4127/321 1611/4128/321 1609/4126/321

v 6225.09 306 7608.35
vt -21.3347 0.00670691
f 1612/4129/321 1611/4128/321 1610/4127/321

v 6238.07 306 7608.35
vt -21.3347 0.999329
f 1612/4129/321 1613/4130/321 1611/4128/321

v 6238.73 306 7603.13
vt -20.9354 1.04942
f 1612/4129/321 1614/4131/321 1613/4130/321

v 6225.93 306 7599.55
vt -20.6619 0.0704225
f 1615/4132/321 1614/4131/321 1612/4129/321

v 6240.7 306 7598.34
vt -20.5692 1.1997
f 1615/4132/321 1616/4133/321 1614/4131/321

v 6243.97 306 7593.99
vt -20.2362 1.45016
f 1615/4132/321 1617/4134/321 1616/4133/321

v 6228.43 306 7591.75
vt -20.0654 0.261569
f 1618/4135/321 1617/4134/321 1615/4132/321

v 6248.56 306 7590.06
vt -19.9363 1.8008
f 1618/4135/321 1619/4136/321 1617/4134/321

v 6255.12 306 7586.82
vt -19.6883 2.30277
f 1618/4135/321 1620/4137/321 1619/4136/321

f 1549/3972/321 1620/4137/321 1618/4135/321

v 6264.33 306 7584.5
vt -19.5112 3.00721
f 1549/3972/321 1621/4138/321 1620/4137/321

f 1549/3972/321 1550/3971/321 1621/4138/321

vt 0.716155 0
vt 1.62926 0
vt 1.62926 0.984252
v 6264.33 318.873 7584.5
vt 0.716155 0.984252
f 1621/4139/439 1550/4140/440 1547/4141/440 1622/4142/439 

vt 3.29285 0
vt 4.40278 0
vt 4.40278 0.984252
vt 3.29285 0.984252
f 1550/4143/440 1551/4144/441 1546/4145/441 1547/4146/440 

vt 5.69695 0
vt 6.81307 0
vt 6.81307 0.984252
vt 5.69695 0.984252
f 1551/4147/441 1552/4148/415 1545/4149/415 1546/4150/441 

vt 19.5112 3.00721
f 1547/3965/35 1548/3966/35 1622/4151/35

v 6255.12 318.873 7586.82
vt 19.6883 2.30277
f 1622/4151/35 1548/3966/35 1623/4152/35

v 6228.43 318.873 7591.75
vt 20.0654 0.261569
f 1623/4152/35 1548/3966/35 1624/4153/35

vt 16.3649 0
vt 16.9749 0
vt 16.9749 0.984252
vt 16.3649 0.984252
f 1549/4154/413 1618/4155/442 1624/4156/442 1548/4157/413 

vt 19.0284 0
vt 19.6548 0
v 6225.93 318.873 7599.55
vt 19.6548 0.984252
vt 19.0284 0.984252
f 1618/4158/442 1615/4159/443 1625/4160/443 1624/4161/442 

vt 20.5632 0
vt 21.239 0
v 6225.09 318.873 7608.35
vt 21.239 0.984252
vt 20.5632 0.984252
f 1615/4162/443 1612/4163/444 1626/4164/444 1625/4165/443 

vt 21.2828 0
vt 21.8007 0
v 6225.57 318.873 7615.11
vt 21.8007 0.984252
vt 21.2828 0.984252
f 1612/4166/444 1610/4167/445 1627/4168/445 1626/4169/444 

vt 21.2985 0
vt 21.7811 0
v 6226.99 318.873 7621.26
vt 21.7811 0.984252
vt 21.2985 0.984252
f 1610/4170/445 1608/4171/446 1628/4172/446 1627/4173/445 

vt 20.5805 0
vt 21.0413 0
v 6229.36 318.873 7626.8
vt 21.0413 0.984252
vt 20.5805 0.984252
f 1608/4174/446 1605/4175/447 1629/4176/447 1628/4177/446 

vt 19.0543 0
vt 19.5088 0
v 6232.68 318.873 7631.73
vt 19.5088 0.984252
vt 19.0543 0.984252
f 1605/4178/447 1603/4179/448 1630/4180/448 1629/4181/447 

vt 15.7535 0
vt 16.689 0
v 6241.85 318.873 7639.83
vt 16.689 0.984252
vt 15.7535 0.984252
f 1603/4182/448 1601/4183/449 1631/4184/449 1630/4185/448 

vt 11.2752 0
v 6254.17 306 7645.63
vt 12.3166 0
v 6254.17 318.873 7645.63
vt 12.3166 0.984252
vt 11.2752 0.984252
f 1601/4186/449 1632/4187/450 1633/4188/450 1631/4189/449 

v 6331.52 306 7643.94
vt -24.056 8.14386
vt -24.1851 2.23005
f 1601/4117/321 1634/4190/321 1632/4191/321

f 1601/4117/321 1594/4091/321 1634/4190/321

f 1601/4117/321 1593/4090/321 1594/4091/321

vt -3.90078 0
vt -3.15007 0
vt -3.15007 0.984252
v 6331.52 318.873 7643.94
vt -3.90078 0.984252
f 1634/4192/451 1594/4193/434 1595/4194/434 1635/4195/451 

vt 23.7416 1.28773
vt 24.056 8.14386
f 1595/4097/35 1631/4196/35 1635/4197/35

f 1596/4096/35 1631/4196/35 1595/4097/35

vt 23.2644 3.91683
f 1600/4198/35 1631/4196/35 1596/4096/35

v 6264.39 318.873 7632.2
vt 23.1581 3.0114
f 1636/4199/35 1631/4196/35 1600/4198/35

vt 23.1221 0.586854
f 1636/4199/35 1630/4200/35 1631/4196/35

v 6255.18 318.873 7629.88
vt 22.981 2.30718
f 1637/4201/35 1630/4200/35 1636/4199/35

vt 22.745 0.33304
f 1637/4201/35 1629/4202/35 1630/4200/35

v 6248.6 318.873 7626.64
vt 22.7331 1.80416
f 1638/4203/35 1629/4202/35 1637/4201/35

v 6244 318.873 7622.72
vt 22.4331 1.45205
f 1639/4204/35 1629/4202/35 1638/4203/35

vt 22.3214 0.151744
f 1639/4204/35 1628/4205/35 1629/4202/35

v 6240.71 318.873 7618.36
vt 22.1001 1.20054
f 1640/4206/35 1628/4205/35 1639/4204/35

vt 21.8513 0.0429661
f 1640/4206/35 1627/4207/35 1628/4205/35

v 6238.73 318.873 7613.57
vt 21.7339 1.04963
f 1641/4208/35 1627/4207/35 1640/4206/35

v 6238.07 318.873 7608.35
vt 21.3347 0.999329
f 1642/4209/35 1627/4207/35 1641/4208/35

vt 21.3347 0.00670691
f 1642/4209/35 1626/4210/35 1627/4207/35

v 6238.73 318.873 7603.13
vt 20.9354 1.04942
f 1643/4211/35 1626/4210/35 1642/4209/35

vt 20.6619 0.0704225
f 1643/4211/35 1625/4212/35 1626/4210/35

v 6240.7 318.873 7598.34
vt 20.5692 1.1997
f 1644/4213/35 1625/4212/35 1643/4211/35

v 6243.97 318.873 7593.99
vt 20.2362 1.45016
f 1645/4214/35 1625/4212/35 1644/4213/35

f 1645/4214/35 1624/4153/35 1625/4212/35

v 6248.56 318.873 7590.06
vt 19.9363 1.8008
f 1646/4215/35 1624/4153/35 1645/4214/35

f 1623/4152/35 1624/4153/35 1646/4215/35

vt -7.21452 0
vt -6.65465 0
vt -6.65465 0.984252
vt -7.21452 0.984252
f 1619/4216/452 1620/4217/453 1623/4218/453 1646/4219/452 

vt -2.56724 0
vt -1.84088 0
vt -1.84088 0.984252
vt -2.56724 0.984252
f 1620/4220/453 1621/4221/439 1622/4222/439 1623/4223/453 

vt -12.0516 0
vt -11.5902 0
vt -11.5902 0.984252
vt -12.0516 0.984252
f 1617/4224/454 1619/4225/452 1646/4226/452 1645/4227/454 

vt -15.7182 0
vt -15.3015 0
vt -15.3015 0.984252
vt -15.7182 0.984252
f 1616/4228/455 1617/4229/454 1645/4230/454 1644/4231/455 

vt -18.9692 0
vt -18.5734 0
vt -18.5734 0.984252
vt -18.9692 0.984252
f 1614/4232/456 1616/4233/455 1644/4234/455 1643/4235/456 

vt -21.0443 0
vt -20.6419 0
vt -20.6419 0.984252
vt -21.0443 0.984252
f 1613/4236/457 1614/4237/456 1643/4238/456 1642/4239/457 

vt -21.6947 0
vt -21.2923 0
vt -21.2923 0.984252
vt -21.6947 0.984252
f 1611/4240/458 1613/4241/457 1642/4242/457 1641/4243/458 

vt -20.8903 0
vt -20.4942 0
vt -20.4942 0.984252
vt -20.8903 0.984252
f 1609/4244/459 1611/4245/458 1641/4246/458 1640/4247/459 

vt -18.7769 0
vt -18.3595 0
vt -18.3595 0.984252
vt -18.7769 0.984252
f 1607/4248/460 1609/4249/459 1640/4250/459 1639/4251/460 

vt -16.1144 0
vt -15.6519 0
vt -15.6519 0.984252
vt -16.1144 0.984252
f 1606/4252/461 1607/4253/460 1639/4254/460 1638/4255/461 

vt -12.2299 0
vt -11.6691 0
vt -11.6691 0.984252
vt -12.2299 0.984252
f 1604/4256/462 1606/4257/461 1638/4258/461 1637/4259/462 

vt -8.56858 0
vt -7.84243 0
vt -7.84243 0.984252
vt -8.56858 0.984252
f 1602/4260/463 1604/4261/462 1637/4262/462 1636/4263/463 

vt -6.60186 0
vt -5.69021 0
vt -5.69021 0.984252
vt -6.60186 0.984252
f 1599/4264/438 1602/4265/463 1636/4266/463 1600/4267/438 

vt 24.1851 2.23005
f 1635/4197/35 1631/4196/35 1633/4268/35

v 6321.1 318.873 7647.39
vt 24.3192 7.34742
f 1635/4197/35 1633/4268/35 1647/4269/35

v 6270.26 318.873 7649.12
vt 24.4517 3.45993
f 1647/4269/35 1633/4268/35 1648/4270/35

vt 7.30302 0
v 6270.26 306 7649.12
vt 8.56146 0
vt 8.56146 0.984252
vt 7.30302 0.984252
f 1632/4271/450 1649/4272/464 1648/4273/464 1633/4274/450 

v 6321.1 306 7647.39
vt -24.3192 7.34742
vt -24.4517 3.45993
f 1632/4191/321 1650/4275/321 1649/4276/321

f 1632/4191/321 1634/4190/321 1650/4275/321

vt -0.655838 0
vt 0.182985 0
vt 0.182985 0.984252
vt -0.655838 0.984252
f 1650/4277/465 1634/4278/451 1635/4279/451 1647/4280/465 

v 6307.86 306 7649.56
vt 2.28829 0
vt 3.31372 0
vt 3.31372 0.984252
v 6307.86 318.873 7649.56
vt 2.28829 0.984252
f 1651/4281/466 1650/4282/465 1647/4283/465 1652/4284/466 

vt -24.4852 6.33551
f 1649/4276/321 1650/4275/321 1651/4285/321

v 6290.71 306 7650.28
vt -24.5406 5.02347
f 1649/4276/321 1651/4285/321 1653/4286/321

vt 3.98499 0
vt 5.2982 0
vt 5.2982 0.984252
v 6290.71 318.873 7650.28
vt 3.98499 0.984252
f 1653/4287/467 1651/4288/466 1652/4289/466 1654/4290/467 

vt 24.4852 6.33551
vt 24.5406 5.02347
f 1652/4291/35 1648/4270/35 1654/4292/35

f 1647/4269/35 1648/4270/35 1652/4291/35

vt 4.84186 0
vt 6.40793 0
vt 6.40793 0.984252
vt 4.84186 0.984252
f 1649/4293/464 1653/4294/467 1654/4295/467 1648/4296/464 

g Mesh25 C103_1 Model

v 6246.67 306 7670.4
vt -26.079 1.65661
v 6253.58 306 7667.81
vt -25.8809 2.18478
v 6261.23 306 7666.42
vt -25.7746 2.76995
v 6263.34 306 7682.21
vt -26.9819 2.93092
v 6251.79 306 7685.88
vt -27.2627 2.04812
v 6244 306 7691.47
vt -27.6895 1.45205
v 6239.55 306 7698.71
vt -28.2436 1.11251
v 6238.07 306 7707.39
vt -28.9068 0.999329
v 6238.56 306 7712.74
vt -29.3161 1.03622
v 6240 306 7717.66
vt -29.6923 1.14688
v 6242.42 306 7722.15
vt -30.0354 1.33132
v 6245.79 306 7726.2
vt -30.3454 1.58954
v 6249.88 306 7729.56
vt -30.6022 1.90225
v 6254.43 306 7731.96
vt -30.7855 2.25017
v 6259.44 306 7733.4
vt -30.8956 2.6333
v 6264.92 306 7733.88
vt -30.9323 3.05164
v 6274.84 306 7732.1
vt -30.7964 3.81036
v 6279.09 306 7729.88
vt -30.6267 4.13502
v 6282.85 306 7726.77
vt -30.389 4.42321
v 6285.94 306 7722.98
vt -30.0989 4.65941
v 6288.15 306 7718.7
vt -29.772 4.82814
v 6289.92 306 7708.7
vt -29.0074 4.96311
v 6288.16 306 7697.56
vt -28.1556 4.82897
v 6302.02 306 7699.32
vt -28.2897 5.88867
v 6301.85 306 7701.86
vt -28.4842 5.87525
v 6303.16 306 7711.44
vt -29.217 5.97586
v 6307.11 306 7720.02
vt -29.8726 6.27767
v 6310.1 306 7723.55
vt -30.1425 6.50612
v 6313.8 306 7726.07
vt -30.3353 6.78907
v 6318.21 306 7727.58
vt -30.451 7.12651
v 6323.34 306 7728.09
vt -30.4896 7.51844
v 6331.27 306 7726.62
vt -30.3773 8.12542
v 6337.72 306 7722.21
vt -30.0402 8.61838
v 6342 306 7715.48
vt -29.5255 8.94534
v 6343.42 306 7707.04
vt -28.8799 9.05433
v 6341.98 306 7698.59
vt -28.2344 8.94366
v 6337.63 306 7691.68
vt -27.7062 8.61167
v 6330.4 306 7686.64
vt -27.3206 8.05835
v 6320.27 306 7683.79
vt -27.1026 7.2837
v 6323.07 306 7668
vt -25.8954 7.49832
v 6330.56 306 7669.91
vt -26.0412 8.07114
v 6337.16 306 7672.74
vt -26.2575 8.57562
v 6342.87 306 7676.49
vt -26.5443 9.01178
v 6347.68 306 7681.16
vt -26.9014 9.37961
v 6351.5 306 7686.6
vt -27.3177 9.67157
v 6354.22 306 7692.67
vt -27.7817 9.88011
v 6355.86 306 7699.37
vt -28.2935 10.0052
v 6356.41 306 7706.68
vt -28.8531 10.0469
v 6355.28 306 7716.79
vt -29.6261 9.9606
v 6351.89 306 7726.07
vt -30.3353 9.70154
v 6346.55 306 7733.89
vt -30.9331 9.29326
v 6339.56 306 7739.62
vt -31.3716 8.75922
v 6331.52 306 7743.14
vt -31.6407 8.14386
v 6322.99 306 7744.32
vt -31.7304 7.49162
v 6315.02 306 7743.2
vt -31.6449 6.88296
v 6307.81 306 7739.84
vt -31.3883 6.33132
v 6301.67 306 7734.29
vt -30.9641 5.86184
v 6296.93 306 7726.6
vt -30.3756 5.49966
v 6292.89 306 7736.73
vt -31.1502 5.19031
v 6286.01 306 7744.32
vt -31.7304 4.66465
v 6276.68 306 7749.05
vt -32.0926 3.95121
v 6265.27 306 7750.63
vt -32.2133 3.07847
v 6257.17 306 7749.86
vt -32.1546 2.45913
v 6249.71 306 7747.56
vt -31.9785 1.88883
v 6242.89 306 7743.72
vt -31.6851 1.36758
v 6236.71 306 7738.35
vt -31.2743 0.895372
v 6231.59 306 7731.8
vt -30.7738 0.503647
v 6227.93 306 7724.45
vt -30.2113 0.223843
v 6225.74 306 7716.28
vt -29.5867 0.0559608
v 6225 306 7707.3
vt -28.9001 0
v 6225.63 306 7699.19
vt -28.2803 0.0482059
v 6227.53 306 7691.81
vt -27.7155 0.192824
v 6230.68 306 7685.14
vt -27.2055 0.433853
v 6235.09 306 7679.18
vt -26.7505 0.771294
v 6240.51 306 7674.19
vt -26.3688 1.18545
f 1655/4297/321 1656/4298/321 1657/4299/321 1658/4300/321 1659/4301/321 1660/4302/321 1661/4303/321 1662/4304/321 1663/4305/321 1664/4306/321 1665/4307/321 1666/4308/321 1667/4309/321 1668/4310/321 1669/4311/321 1670/4312/321 1671/4313/321 1672/4314/321 1673/4315/321 1674/4316/321 1675/4317/321 1676/4318/321 1677/4319/321 1678/4320/321 1679/4321/321 1680/4322/321 1681/4323/321 1682/4324/321 1683/4325/321 1684/4326/321 1685/4327/321 1686/4328/321 1687/4329/321 1688/4330/321 1689/4331/321 1690/4332/321 1691/4333/321 1692/4334/321 1693/4335/321 1694/4336/321 1695/4337/321 1696/4338/321 1697/4339/321 1698/4340/321 1699/4341/321 1700/4342/321 1701/4343/321 1702/4344/321 1703/4345/321 1704/4346/321 1705/4347/321 1706/4348/321 1707/4349/321 1708/4350/321 1709/4351/321 1710/4352/321 1711/4353/321 1712/4354/321 1713/4355/321 1714/4356/321 1715/4357/321 1716/4358/321 1717/4359/321 1718/4360/321 1719/4361/321 1720/4362/321 1721/4363/321 1722/4364/321 1723/4365/321 1724/4366/321 1725/4367/321 1726/4368/321 1727/4369/321 1728/4370/321 1729/4371/321 

vt 7.04173 0
vn -0.265962 0 -0.963984
vt 7.60581 0
vn -0.439598 0 -0.898195
v 6246.67 318.873 7670.4
vt 7.60581 0.984252
v 6253.58 318.873 7667.81
vt 7.04173 0.984252
f 1656/4372/515 1655/4373/516 1730/4374/516 1731/4375/515 

vt 12.2542 0
vt 12.8074 0
vn -0.603645 0 -0.797253
v 6240.51 318.873 7674.19
vt 12.8074 0.984252
vt 12.2542 0.984252
f 1655/4376/516 1729/4377/517 1732/4378/517 1730/4379/516 

vt 16.9978 0
vt 17.561 0
vn -0.74374 0 -0.668469
v 6235.09 318.873 7679.18
vt 17.561 0.984252
vt 16.9978 0.984252
f 1729/4380/517 1728/4381/518 1733/4382/518 1732/4383/517 

vt 21.0274 0
vt 21.5938 0
vn -0.8578 0 -0.513983
v 6230.68 318.873 7685.14
vt 21.5938 0.984252
vt 21.0274 0.984252
f 1728/4384/518 1727/4385/519 1734/4386/519 1733/4387/518 

vt 24.4109 0
vt 24.975 0
vn -0.940705 0 -0.339227
v 6227.53 318.873 7691.81
vt 24.975 0.984252
vt 24.4109 0.984252
f 1727/4388/519 1726/4389/520 1735/4390/520 1734/4391/519 

vt 26.8016 0
vt 27.3847 0
vn -0.98656 0 -0.163399
v 6225.63 318.873 7699.19
vt 27.3847 0.984252
vt 26.8016 0.984252
f 1726/4392/520 1725/4393/521 1736/4394/521 1735/4395/520 

vt 28.1914 0
vt 28.813 0
vn -0.999998 0 0.00184842
v 6225 318.873 7707.3
vt 28.813 0.984252
vt 28.1914 0.984252
f 1725/4396/521 1724/4397/522 1737/4398/522 1736/4399/521 

vt 28.8046 0
vt 29.4935 0
vn -0.985252 0 0.171108
v 6225.74 318.873 7716.28
vt 29.4935 0.984252
vt 28.8046 0.984252
f 1724/4400/522 1723/4401/523 1738/4402/523 1737/4403/522 

vt 28.587 0
vt 29.2338 0
vn -0.935165 0 0.354213
v 6227.93 318.873 7724.45
vt 29.2338 0.984252
vt 28.587 0.984252
f 1723/4404/523 1722/4405/524 1739/4406/524 1738/4407/523 

vt 27.1496 0
vt 27.7779 0
vn -0.845754 0 0.533573
v 6231.59 318.873 7731.8
vt 27.7779 0.984252
vt 27.1496 0.984252
f 1722/4408/524 1721/4409/525 1740/4410/525 1739/4411/524 

vt 24.5443 0
vt 25.1799 0
vn -0.72521 0 0.688527
v 6236.71 318.873 7738.35
vt 25.1799 0.984252
vt 24.5443 0.984252
f 1721/4412/525 1720/4413/526 1741/4414/526 1740/4415/525 

vt 21.2022 0
vt 21.8281 0
vn -0.576418 0 0.817155
v 6242.89 318.873 7743.72
vt 21.8281 0.984252
vt 21.2022 0.984252
f 1720/4416/526 1719/4417/527 1742/4418/527 1741/4419/526 

vt 16.7347 0
vt 17.3328 0
vn -0.395003 0 0.91868
v 6249.71 318.873 7747.56
vt 17.3328 0.984252
vt 16.7347 0.984252
f 1719/4420/527 1718/4421/528 1743/4422/528 1742/4423/527 

vt 11.2376 0
vt 11.8345 0
vn -0.19568 0 0.980668
v 6257.17 318.873 7749.86
vt 11.8345 0.984252
vt 11.2376 0.984252
f 1718/4424/528 1717/4425/529 1744/4426/529 1743/4427/528 

vt 5.48138 0
vt 6.10349 0
vn 0.0214902 0 0.999769
v 6265.27 318.873 7750.63
vt 6.10349 0.984252
vt 5.48138 0.984252
f 1717/4428/529 1716/4429/530 1745/4430/530 1744/4431/529 

vt -1.36455 0
vt -0.483505 0
vn 0.298955 0 0.954267
v 6276.68 318.873 7749.05
vt -0.483505 0.984252
vt -1.36455 0.984252
f 1716/4432/530 1715/4433/531 1746/4434/531 1745/4435/530 

vt -11.0036 0
vt -10.2035 0
vn 0.606927 0 0.794757
v 6286.01 318.873 7744.32
vt -10.2035 0.984252
vt -11.0036 0.984252
f 1715/4436/531 1714/4437/532 1747/4438/532 1746/4439/531 

vt -20.3818 0
vt -19.599 0
vn 0.848288 0 0.529535
v 6292.89 318.873 7736.73
vt -19.599 0.984252
vt -20.3818 0.984252
f 1714/4440/532 1713/4441/533 1748/4442/533 1747/4443/532 

vt -27.0038 0
vt -26.1697 0
vn 0.928684 0 0.370871
v 6296.93 318.873 7726.6
vt -26.1697 0.984252
vt -27.0038 0.984252
f 1713/4444/533 1712/4445/534 1749/4446/534 1748/4447/533 

vt 28.752 0
vn -0.851658 0 0.524097
vt 29.443 0
vn -0.7688 0 0.639489
v 6301.67 318.873 7734.29
vt 29.443 0.984252
vt 28.752 0.984252
f 1712/4448/535 1711/4449/536 1750/4450/536 1749/4451/535 

vt 25.1085 0
vt 25.7413 0
vn -0.552233 0 0.83369
v 6307.81 318.873 7739.84
vt 25.7413 0.984252
vt 25.1085 0.984252
f 1711/4452/536 1710/4453/537 1751/4454/537 1750/4455/536 

vt 18.9767 0
vt 19.585 0
vn -0.283497 0 0.958973
v 6315.02 318.873 7743.2
vt 19.585 0.984252
vt 18.9767 0.984252
f 1710/4456/537 1709/4457/538 1752/4458/538 1751/4459/537 

vt 11.2188 0
vt 11.8334 0
vn -0.00145377 0 0.999999
v 6322.99 318.873 7744.32
vt 11.8334 0.984252
vt 11.2188 0.984252
f 1709/4460/538 1708/4461/539 1753/4462/539 1752/4463/538 

vt 3.0985 0
vt 3.75689 0
vn 0.271038 0 0.962569
v 6331.52 318.873 7743.14
vt 3.75689 0.984252
vt 3.0985 0.984252
f 1708/4464/539 1707/4465/540 1754/4466/540 1753/4467/539 

vt -5.21651 0
vt -4.54488 0
vn 0.522561 0 0.852602
v 6339.56 318.873 7739.62
vt -4.54488 0.984252
vt -5.21651 0.984252
f 1707/4468/540 1706/4469/541 1755/4470/541 1754/4471/540 

vt -13.1373 0
vt -12.4463 0
vn 0.73759 0 0.675249
v 6346.55 318.873 7733.89
vt -12.4463 0.984252
vt -13.1373 0.984252
f 1706/4472/541 1705/4473/542 1756/4474/542 1755/4475/541 

vt -20.3018 0
vt -19.5779 0
vn 0.889421 0 0.457089
v 6351.89 318.873 7726.07
vt -19.5779 0.984252
vt -20.3018 0.984252
f 1705/4476/542 1704/4477/543 1757/4478/543 1756/4479/542 

vt -25.1658 0
vt -24.4107 0
vn 0.973501 0 0.228682
v 6355.28 318.873 7716.79
vt -24.4107 0.984252
vt -25.1658 0.984252
f 1704/4480/543 1703/4481/544 1758/4482/544 1757/4483/543 

vt -28.3371 0
vt -27.5593 0
vn 0.99983 0 0.018428
v 6356.41 318.873 7706.68
vt -27.5593 0.984252
vt -28.3371 0.984252
f 1703/4484/544 1702/4485/545 1759/4486/545 1758/4487/544 

vt -29.5201 0
vt -28.9589 0
vn 0.987688 0 -0.156436
v 6355.86 318.873 7699.37
vt -28.9589 0.984252
vt -29.5201 0.984252
f 1702/4488/545 1701/4489/546 1760/4490/546 1759/4491/545 

vt -29.8601 0
vt -29.3332 0
vn 0.945696 0 -0.325052
v 6354.22 318.873 7692.67
vt -29.3332 0.984252
vt -29.8601 0.984252
f 1701/4492/546 1700/4493/547 1761/4494/547 1760/4495/546 

vt -29.3903 0
vt -28.8816 0
vn 0.869297 0 -0.494291
v 6351.5 318.873 7686.6
vt -28.8816 0.984252
vt -29.3903 0.984252
f 1700/4496/547 1699/4497/548 1762/4498/548 1761/4499/547 

vt -27.9184 0
vt -27.41 0
vn 0.761024 0 -0.648724
v 6347.68 318.873 7681.16
vt -27.41 0.984252
vt -27.9184 0.984252
f 1699/4500/548 1698/4501/549 1763/4502/549 1762/4503/548 

vt -25.4691 0
vt -24.9564 0
vn 0.625755 0 -0.78002
v 6342.87 318.873 7676.49
vt -24.9564 0.984252
vt -25.4691 0.984252
f 1698/4504/549 1697/4505/550 1764/4506/550 1763/4507/549 

vt -22.1115 0
vt -21.5896 0
vn 0.473529 0 -0.880778
v 6337.16 318.873 7672.74
vt -21.5896 0.984252
vt -22.1115 0.984252
f 1697/4508/550 1696/4509/551 1765/4510/551 1764/4511/550 

vt -18.2287 0
vt -17.6798 0
vn 0.321396 0 -0.946945
v 6330.56 318.873 7669.91
vt -17.6798 0.984252
vt -18.2287 0.984252
f 1696/4512/551 1695/4513/552 1766/4514/552 1765/4515/551 

vt -14.2482 0
vt -13.6571 0
vn 0.246788 0 -0.969069
v 6323.07 318.873 7668
vt -13.6571 0.984252
vt -14.2482 0.984252
f 1695/4516/552 1694/4517/553 1767/4518/553 1766/4519/552 

vt 24.1832 0
vn -0.984563 0 -0.175033
vt 25.4093 0
v 6320.27 318.873 7683.79
vt 25.4093 0.984252
vt 24.1832 0.984252
f 1694/4520/554 1693/4521/554 1768/4522/554 1767/4523/554 

vt 14.3526 0
vn -0.270866 0 0.962617
vt 15.1573 0
vn -0.427288 0 0.904116
v 6330.4 318.873 7686.64
vt 15.1573 0.984252
vt 14.3526 0.984252
f 1693/4524/555 1692/4525/556 1769/4526/556 1768/4527/555 

vt 22.2328 0
vt 22.9072 0
vn -0.723709 0 0.690106
v 6337.63 318.873 7691.68
vt 22.9072 0.984252
vt 22.2328 0.984252
f 1692/4528/556 1691/4529/557 1770/4530/557 1769/4531/556 

vt 28.04 0
vt 28.6638 0
vn -0.933956 0 0.357389
v 6341.98 318.873 7698.59
vt 28.6638 0.984252
vt 28.04 0.984252
f 1691/4532/557 1690/4533/558 1771/4534/558 1770/4535/557 

vt 29.3396 0
vt 29.9946 0
vn -0.999999 0 0.00126217
v 6343.42 318.873 7707.04
vt 29.9946 0.984252
vt 29.3396 0.984252
f 1690/4536/558 1689/4537/559 1772/4538/559 1771/4539/558 

vt 26.9696 0
vt 27.6243 0
vn -0.933562 0 -0.358415
v 6342 318.873 7715.48
vt 27.6243 0.984252
vt 26.9696 0.984252
f 1689/4540/559 1688/4541/560 1773/4542/560 1772/4543/559 

vt 20.1267 0
vt 20.7365 0
vn -0.718955 0 -0.695057
v 6337.72 318.873 7722.21
vt 20.7365 0.984252
vt 20.1267 0.984252
f 1688/4544/560 1687/4545/561 1774/4546/561 1773/4547/560 

vt 9.83958 0
vt 10.4367 0
vn -0.381435 0 -0.924396
v 6331.27 318.873 7726.62
vt 10.4367 0.984252
vt 9.83958 0.984252
f 1687/4548/561 1686/4549/562 1775/4550/562 1774/4551/561 

vt -2.46131 0
vt -1.84402 0
vn -0.0424532 0 -0.999098
v 6323.34 318.873 7728.09
vt -1.84402 0.984252
vt -2.46131 0.984252
f 1686/4552/562 1685/4553/563 1776/4554/563 1775/4555/562 

vt -10.4679 0
vt -10.0741 0
vn 0.212555 0 -0.977149
v 6318.21 318.873 7727.58
vt -10.0741 0.984252
vt -10.4679 0.984252
f 1685/4556/563 1684/4557/564 1777/4558/564 1776/4559/563 

vt -16.6173 0
vt -16.2606 0
vn 0.447746 0 -0.894161
v 6313.8 318.873 7726.07
vt -16.2606 0.984252
vt -16.6173 0.984252
f 1684/4560/564 1683/4561/565 1778/4562/565 1777/4563/564 

vt -22.6934 0
vt -22.351 0
vn 0.669347 0 -0.74295
v 6310.1 318.873 7723.55
vt -22.351 0.984252
vt -22.6934 0.984252
f 1683/4564/565 1682/4565/566 1779/4566/566 1778/4567/565 

vt -27.212 0
vt -26.8583 0
vn 0.84358 0 -0.537003
v 6307.11 318.873 7720.02
vt -26.8583 0.984252
vt -27.212 0.984252
f 1682/4568/566 1681/4569/567 1780/4570/567 1779/4571/566 

vt -29.7604 0
vt -29.0387 0
vn 0.959959 0 -0.28014
v 6303.16 318.873 7711.44
vt -29.0387 0.984252
vt -29.7604 0.984252
f 1681/4572/567 1680/4573/568 1781/4574/568 1780/4575/567 

vt -29.7583 0
vt -29.0187 0
vn 0.999429 0 -0.0337886
v 6301.85 318.873 7701.86
vt -29.0187 0.984252
vt -29.7583 0.984252
f 1680/4576/568 1679/4577/569 1782/4578/569 1781/4579/568 

vt -28.0125 0
vt -27.8175 0
vn 0.99763 0 0.0688021
v 6302.02 318.873 7699.32
vt -27.8175 0.984252
vt -28.0125 0.984252
f 1679/4580/569 1678/4581/570 1783/4582/570 1782/4583/569 

vt -9.39468 0
vn 0.12558 0 -0.992083
vt -8.32653 0
v 6288.16 318.873 7697.56
vt -8.32653 0.984252
vt -9.39468 0.984252
f 1678/4584/571 1677/4585/571 1784/4586/571 1783/4587/571 

vt 28.564 0
vn -0.987826 0 0.155563
vt 29.4263 0
vn -0.999957 0 -0.00926849
v 6289.92 318.873 7708.7
vt 29.4263 0.984252
vt 28.564 0.984252
f 1677/4588/572 1676/4589/573 1785/4590/573 1784/4591/572 

vt 27.7029 0
vt 28.4793 0
vn -0.947472 0 -0.31984
v 6288.15 318.873 7718.7
vt 28.4793 0.984252
vt 27.7029 0.984252
f 1676/4592/573 1675/4593/574 1786/4594/574 1785/4595/573 

vt 24.2431 0
vt 24.611 0
vn -0.83652 0 -0.547936
v 6285.94 318.873 7722.98
vt 24.611 0.984252
vt 24.2431 0.984252
f 1675/4596/574 1674/4597/575 1787/4598/575 1786/4599/574 

vt 20.3974 0
vt 20.7715 0
vn -0.709307 0 -0.704899
v 6282.85 318.873 7726.77
vt 20.7715 0.984252
vt 20.3974 0.984252
f 1674/4600/575 1673/4601/576 1788/4602/576 1787/4603/575 

vt 15.9228 0
vt 16.2964 0
vn -0.552804 0 -0.833311
v 6279.09 318.873 7729.88
vt 16.2964 0.984252
vt 15.9228 0.984252
f 1673/4604/576 1672/4605/577 1789/4606/577 1788/4607/576 

vt 10.5277 0
vt 10.8941 0
vn -0.323543 0 -0.946213
v 6274.84 318.873 7732.1
vt 10.8941 0.984252
vt 10.5277 0.984252
f 1672/4608/577 1671/4609/578 1790/4610/578 1789/4611/577 

vt 1.67574 0
vt 2.44651 0
vn -0.0448239 0 -0.998995
v 6264.92 318.873 7733.88
vt 2.44651 0.984252
vt 1.67574 0.984252
f 1671/4612/578 1670/4613/579 1791/4614/579 1790/4615/578 

vt -5.74161 0
vt -5.32167 0
vn 0.182533 0 -0.9832
v 6259.44 318.873 7733.4
vt -5.32167 0.984252
vt -5.74161 0.984252
f 1670/4616/579 1669/4617/580 1792/4618/580 1791/4619/579 

vt -11.0594 0
vt -10.6608 0
vn 0.373134 0 -0.927777
v 6254.43 318.873 7731.96
vt -10.6608 0.984252
vt -11.0594 0.984252
f 1669/4620/580 1668/4621/581 1793/4622/581 1792/4623/580 

vt -16.3457 0
vt -15.9524 0
vn 0.553258 0 -0.83301
v 6249.88 318.873 7729.56
vt -15.9524 0.984252
vt -16.3457 0.984252
f 1668/4624/581 1667/4625/582 1794/4626/582 1793/4627/581 

vt -20.8892 0
vt -20.4846 0
vn 0.704593 0 -0.709611
v 6245.79 318.873 7726.2
vt -20.4846 0.984252
vt -20.8892 0.984252
f 1667/4628/582 1666/4629/583 1795/4630/583 1794/4631/582 

vt -24.3332 0
vt -23.9298 0
vn 0.828768 0 -0.559592
v 6242.42 318.873 7722.15
vt -23.9298 0.984252
vt -24.3332 0.984252
f 1666/4632/583 1665/4633/584 1796/4634/584 1795/4635/583 

vt -27.0855 0
vt -26.696 0
vn 0.925036 0 -0.379879
v 6240 318.873 7717.66
vt -26.696 0.984252
vt -27.0855 0.984252
f 1665/4636/584 1664/4637/585 1797/4638/585 1796/4639/584 

vt -28.8092 0
vt -28.417 0
vn 0.982384 0 -0.186873
v 6238.56 318.873 7712.74
vt -28.417 0.984252
vt -28.8092 0.984252
f 1664/4640/585 1663/4641/586 1798/4642/586 1797/4643/585 

vt -29.2908 0
vt -28.8798 0
vn 0.999217 0 0.0395728
v 6238.07 318.873 7707.39
vt -28.8798 0.984252
vt -29.2908 0.984252
f 1663/4644/586 1662/4645/587 1799/4646/587 1798/4647/586 

vt -28.3266 0
vt -27.6539 0
vn 0.936116 0 0.35169
v 6239.55 318.873 7698.71
vt -27.6539 0.984252
vt -28.3266 0.984252
f 1662/4648/587 1661/4649/588 1800/4650/588 1799/4651/587 

vt -23.5014 0
vt -22.8515 0
vn 0.731963 0 0.681344
v 6244 318.873 7691.47
vt -22.8515 0.984252
vt -23.5014 0.984252
f 1661/4652/588 1660/4653/589 1801/4654/589 1800/4655/588 

vt -14.9375 0
vt -14.2044 0
vn 0.448122 0 0.893972
v 6251.79 318.873 7685.88
vt -14.2044 0.984252
vt -14.9375 0.984252
f 1660/4656/589 1659/4657/590 1802/4658/590 1801/4659/589 

vt -6.31341 0
vt -5.38702 0
vn 0.303166 0 0.952938
v 6263.34 318.873 7682.21
vt -5.38702 0.984252
vt -6.31341 0.984252
f 1659/4660/590 1658/4661/591 1803/4662/591 1802/4663/590 

vt -27.1326 0
vn 0.991228 0 -0.132164
vt -25.9146 0
v 6261.23 318.873 7666.42
vt -25.9146 0.984252
vt -27.1326 0.984252
f 1658/4664/592 1657/4665/592 1804/4666/592 1803/4667/592 

vt 1.87973 0
vn -0.178668 0 -0.983909
vt 2.47448 0
vt 2.47448 0.984252
vt 1.87973 0.984252
f 1657/4668/593 1656/4669/515 1731/4670/515 1804/4671/593 

vt 25.8809 2.18478
vt 26.079 1.65661
vt 26.3688 1.18545
vt 26.7505 0.771294
vt 27.2055 0.433853
vt 27.7155 0.192824
vt 28.2803 0.0482059
vt 28.9001 0
vt 29.5867 0.0559608
vt 30.2113 0.223843
vt 30.7738 0.503647
vt 31.2743 0.895372
vt 31.6851 1.36758
vt 31.9785 1.88883
vt 32.1546 2.45913
vt 32.2133 3.07847
vt 32.0926 3.95121
vt 31.7304 4.66465
vt 31.1502 5.19031
vt 30.3756 5.49966
vt 30.9641 5.86184
vt 31.3883 6.33132
vt 31.6449 6.88296
vt 31.7304 7.49162
vt 31.6407 8.14386
vt 31.3716 8.75922
vt 30.9331 9.29326
vt 30.3353 9.70154
vt 29.6261 9.9606
vt 28.8531 10.0469
vt 28.2935 10.0052
vt 27.7817 9.88011
vt 27.3177 9.67157
vt 26.9014 9.37961
vt 26.5443 9.01178
vt 26.2575 8.57562
vt 26.0412 8.07114
vt 25.8954 7.49832
vt 27.1026 7.2837
vt 27.3206 8.05835
vt 27.7062 8.61167
vt 28.2344 8.94366
vt 28.8799 9.05433
vt 29.5255 8.94534
vt 30.0402 8.61838
vt 30.3773 8.12542
vt 30.4896 7.51844
vt 30.451 7.12651
vt 30.3353 6.78907
vt 30.1425 6.50612
vt 29.8726 6.27767
vt 29.217 5.97586
vt 28.4842 5.87525
vt 28.2897 5.88867
vt 28.1556 4.82897
vt 29.0074 4.96311
vt 29.772 4.82814
vt 30.0989 4.65941
vt 30.389 4.42321
vt 30.6267 4.13502
vt 30.7964 3.81036
vt 30.9323 3.05164
vt 30.8956 2.6333
vt 30.7855 2.25017
vt 30.6022 1.90225
vt 30.3454 1.58954
vt 30.0354 1.33132
vt 29.6923 1.14688
vt 29.3161 1.03622
vt 28.9068 0.999329
vt 28.2436 1.11251
vt 27.6895 1.45205
vt 27.2627 2.04812
vt 26.9819 2.93092
vt 25.7746 2.76995
f 1731/4672/35 1730/4673/35 1732/4674/35 1733/4675/35 1734/4676/35 1735/4677/35 1736/4678/35 1737/4679/35 1738/4680/35 1739/4681/35 1740/4682/35 1741/4683/35 1742/4684/35 1743/4685/35 1744/4686/35 1745/4687/35 1746/4688/35 1747/4689/35 1748/4690/35 1749/4691/35 1750/4692/35 1751/4693/35 1752/4694/35 1753/4695/35 1754/4696/35 1755/4697/35 1756/4698/35 1757/4699/35 1758/4700/35 1759/4701/35 1760/4702/35 1761/4703/35 1762/4704/35 1763/4705/35 1764/4706/35 1765/4707/35 1766/4708/35 1767/4709/35 1768/4710/35 1769/4711/35 1770/4712/35 1771/4713/35 1772/4714/35 1773/4715/35 1774/4716/35 1775/4717/35 1776/4718/35 1777/4719/35 1778/4720/35 1779/4721/35 1780/4722/35 1781/4723/35 1782/4724/35 1783/4725/35 1784/4726/35 1785/4727/35 1786/4728/35 1787/4729/35 1788/4730/35 1789/4731/35 1790/4732/35 1791/4733/35 1792/4734/35 1793/4735/35 1794/4736/35 1795/4737/35 1796/4738/35 1797/4739/35 1798/4740/35 1799/4741/35 1800/4742/35 1801/4743/35 1802/4744/35 1803/4745/35 1804/4746/35 

g Mesh26 C104_1 Model

v 6920.79 306 7430.35
v 6927.41 306 7433.31
v 6935.02 306 7435.46
v 6930.73 306 7452.48
v 6920.86 306 7449.27
v 6912.25 306 7444.99
v 6904.88 306 7439.64
v 6898.75 306 7433.22
v 6893.94 306 7425.89
v 6890.5 306 7417.78
v 6888.43 306 7408.89
v 6887.74 306 7399.23
v 6888.27 306 7389.32
v 6889.86 306 7380.39
v 6892.5 306 7372.42
v 6896.21 306 7365.42
v 6900.91 306 7359.29
v 6906.57 306 7353.95
v 6913.17 306 7349.38
v 6920.73 306 7345.59
v 6937.37 306 7340.5
v 6955.2 306 7338.8
v 6964.92 306 7339.28
v 6974 306 7340.72
v 6982.44 306 7343.11
v 6990.24 306 7346.47
v 6997.27 306 7350.72
v 7003.4 306 7355.77
v 7008.63 306 7361.64
v 7012.96 306 7368.31
v 7016.36 306 7375.57
v 7018.78 306 7383.19
v 7020.24 306 7391.17
v 7020.72 306 7399.5
v 7020.11 306 7408.76
v 7018.27 306 7417.26
v 7015.2 306 7424.99
v 7010.9 306 7431.95
v 7005.49 306 7438.03
v 6999.08 306 7443.11
v 6991.67 306 7447.2
v 6983.27 306 7450.29
v 6979.32 306 7433.53
v 6991.45 306 7428.05
v 6996.08 306 7424.55
v 6999.76 306 7420.55
v 7004.56 306 7410.94
v 7006.16 306 7399.15
v 7004.39 306 7385.54
v 7002.17 306 7379.65
v 6999.06 306 7374.37
v 6990.73 306 7365.89
v 6979.98 306 7360.38
v 6967.82 306 7357.35
v 6955.29 306 7356.34
v 6939.92 306 7357.54
v 6926.65 306 7361.12
v 6915.96 306 7367.23
v 6911.77 306 7371.28
v 6908.36 306 7375.99
v 6903.82 306 7386.49
v 6902.3 306 7397.83
v 6902.82 306 7404.71
v 6904.37 306 7411.03
v 6906.94 306 7416.81
v 6910.55 306 7422.04
v 6915.17 306 7426.6
f 1805/2303/321 1806/2304/321 1807/2305/321 1808/2306/321 1809/2307/321 1810/2308/321 1811/2309/321 1812/2310/321 1813/2311/321 1814/2312/321 1815/2313/321 1816/2314/321 1817/2315/321 1818/2316/321 1819/2317/321 1820/2318/321 1821/2319/321 1822/2320/321 1823/2321/321 1824/2322/321 1825/2323/321 1826/2324/321 1827/2325/321 1828/2326/321 1829/2327/321 1830/2328/321 1831/2329/321 1832/2330/321 1833/2331/321 1834/2332/321 1835/2333/321 1836/2334/321 1837/2335/321 1838/2336/321 1839/2337/321 1840/2338/321 1841/2339/321 1842/2340/321 1843/2341/321 1844/2342/321 1845/2343/321 1846/2344/321 1847/2345/321 1848/2346/321 1849/2347/321 1850/2348/321 1851/2349/321 1852/2350/321 1853/2351/321 1854/2352/321 1855/2353/321 1856/2354/321 1857/2355/321 1858/2356/321 1859/2357/321 1860/2358/321 1861/2359/321 1862/2360/321 1863/2361/321 1864/2362/321 1865/2363/321 1866/2364/321 1867/2365/321 1868/2366/321 1869/2367/321 1870/2368/321 1871/2369/321 

v 6920.79 318.873 7430.35
v 6927.41 318.873 7433.31
f 1806/2370/322 1805/2371/323 1872/2372/323 1873/2373/322 

v 6915.17 318.873 7426.6
f 1805/2374/323 1871/2375/324 1874/2376/324 1872/2377/323 

v 6910.55 318.873 7422.04
f 1871/2378/324 1870/2379/325 1875/2380/325 1874/2381/324 

v 6906.94 318.873 7416.81
f 1870/2382/325 1869/2383/326 1876/2384/326 1875/2385/325 

v 6904.37 318.873 7411.03
f 1869/2386/326 1868/2387/327 1877/2388/327 1876/2389/326 

v 6902.82 318.873 7404.71
f 1868/2390/327 1867/2391/328 1878/2392/328 1877/2393/327 

v 6902.3 318.873 7397.83
f 1867/2394/328 1866/2395/329 1879/2396/329 1878/2397/328 

v 6903.82 318.873 7386.49
f 1866/2398/329 1865/2399/330 1880/2400/330 1879/2401/329 

v 6908.36 318.873 7375.99
f 1865/2402/330 1864/2403/331 1881/2404/331 1880/2405/330 

v 6911.77 318.873 7371.28
f 1864/2406/331 1863/2407/332 1882/2408/332 1881/2409/331 

v 6915.96 318.873 7367.23
f 1863/2410/332 1862/2411/333 1883/2412/333 1882/2413/332 

v 6926.65 318.873 7361.12
f 1862/2414/333 1861/2415/334 1884/2416/334 1883/2417/333 

v 6939.92 318.873 7357.54
f 1861/2418/334 1860/2419/335 1885/2420/335 1884/2421/334 

v 6955.29 318.873 7356.34
f 1860/2422/335 1859/2423/336 1886/2424/336 1885/2425/335 

v 6967.82 318.873 7357.35
f 1859/2426/336 1858/2427/337 1887/2428/337 1886/2429/336 

v 6979.98 318.873 7360.38
f 1858/2430/337 1857/2431/338 1888/2432/338 1887/2433/337 

v 6990.73 318.873 7365.89
f 1857/2434/338 1856/2435/339 1889/2436/339 1888/2437/338 

v 6999.06 318.873 7374.37
f 1856/2438/339 1855/2439/340 1890/2440/340 1889/2441/339 

v 7002.17 318.873 7379.65
f 1855/2442/340 1854/2443/341 1891/2444/341 1890/2445/340 

v 7004.39 318.873 7385.54
f 1854/2446/341 1853/2447/342 1892/2448/342 1891/2449/341 

v 7006.16 318.873 7399.15
f 1853/2450/342 1852/2451/343 1893/2452/343 1892/2453/342 

v 7004.56 318.873 7410.94
f 1852/2454/343 1851/2455/344 1894/2456/344 1893/2457/343 

v 6999.76 318.873 7420.55
f 1851/2458/344 1850/2459/345 1895/2460/345 1894/2461/344 

v 6996.08 318.873 7424.55
f 1850/2462/345 1849/2463/346 1896/2464/346 1895/2465/345 

v 6991.45 318.873 7428.05
f 1849/2466/346 1848/2467/347 1897/2468/347 1896/2469/346 

v 6979.32 318.873 7433.53
f 1848/2470/347 1847/2471/348 1898/2472/348 1897/2473/347 

v 6983.27 318.873 7450.29
f 1847/2474/349 1846/2475/349 1899/2476/349 1898/2477/349 

v 6991.67 318.873 7447.2
f 1846/2478/350 1845/2479/351 1900/2480/351 1899/2481/350 

v 6999.08 318.873 7443.11
f 1845/2482/351 1844/2483/352 1901/2484/352 1900/2485/351 

v 7005.49 318.873 7438.03
f 1844/2486/352 1843/2487/353 1902/2488/353 1901/2489/352 

v 7010.9 318.873 7431.95
f 1843/2490/353 1842/2491/354 1903/2492/354 1902/2493/353 

v 7015.2 318.873 7424.99
f 1842/2494/354 1841/2495/355 1904/2496/355 1903/2497/354 

v 7018.27 318.873 7417.26
f 1841/2498/355 1840/2499/356 1905/2500/356 1904/2501/355 

v 7020.11 318.873 7408.76
f 1840/2502/356 1839/2503/357 1906/2504/357 1905/2505/356 

v 7020.72 318.873 7399.5
f 1839/2506/357 1838/2507/358 1907/2508/358 1906/2509/357 

v 7020.24 318.873 7391.17
f 1838/2510/358 1837/2511/359 1908/2512/359 1907/2513/358 

v 7018.78 318.873 7383.19
f 1837/2514/359 1836/2515/360 1909/2516/360 1908/2517/359 

v 7016.36 318.873 7375.57
f 1836/2518/360 1835/2519/361 1910/2520/361 1909/2521/360 

v 7012.96 318.873 7368.31
f 1835/2522/361 1834/2523/362 1911/2524/362 1910/2525/361 

v 7008.63 318.873 7361.64
f 1834/2526/362 1833/2527/363 1912/2528/363 1911/2529/362 

v 7003.4 318.873 7355.77
f 1833/2530/363 1832/2531/364 1913/2532/364 1912/2533/363 

v 6997.27 318.873 7350.72
f 1832/2534/364 1831/2535/365 1914/2536/365 1913/2537/364 

v 6990.24 318.873 7346.47
f 1831/2538/365 1830/2539/366 1915/2540/366 1914/2541/365 

v 6982.44 318.873 7343.11
f 1830/2542/366 1829/2543/367 1916/2544/367 1915/2545/366 

v 6974 318.873 7340.72
f 1829/2546/367 1828/2547/368 1917/2548/368 1916/2549/367 

v 6964.92 318.873 7339.28
f 1828/2550/368 1827/2551/369 1918/2552/369 1917/2553/368 

v 6955.2 318.873 7338.8
f 1827/2554/369 1826/2555/370 1919/2556/370 1918/2557/369 

v 6937.37 318.873 7340.5
f 1826/2558/370 1825/2559/371 1920/2560/371 1919/2561/370 

v 6920.73 318.873 7345.59
f 1825/2562/371 1824/2563/372 1921/2564/372 1920/2565/371 

v 6913.17 318.873 7349.38
f 1824/2566/372 1823/2567/373 1922/2568/373 1921/2569/372 

v 6906.57 318.873 7353.95
f 1823/2570/373 1822/2571/374 1923/2572/374 1922/2573/373 

v 6900.91 318.873 7359.29
f 1822/2574/374 1821/2575/375 1924/2576/375 1923/2577/374 

v 6896.21 318.873 7365.42
f 1821/2578/375 1820/2579/376 1925/2580/376 1924/2581/375 

v 6892.5 318.873 7372.42
f 1820/2582/376 1819/2583/377 1926/2584/377 1925/2585/376 

v 6889.86 318.873 7380.39
f 1819/2586/377 1818/2587/378 1927/2588/378 1926/2589/377 

v 6888.27 318.873 7389.32
f 1818/2590/378 1817/2591/379 1928/2592/379 1927/2593/378 

v 6887.74 318.873 7399.23
f 1817/2594/379 1816/2595/380 1929/2596/380 1928/2597/379 

v 6888.43 318.873 7408.89
f 1816/2598/380 1815/2599/381 1930/2600/381 1929/2601/380 

v 6890.5 318.873 7417.78
f 1815/2602/381 1814/2603/382 1931/2604/382 1930/2605/381 

v 6893.94 318.873 7425.89
f 1814/2606/382 1813/2607/383 1932/2608/383 1931/2609/382 

v 6898.75 318.873 7433.22
f 1813/2610/383 1812/2611/384 1933/2612/384 1932/2613/383 

v 6904.88 318.873 7439.64
f 1812/2614/384 1811/2615/385 1934/2616/385 1933/2617/384 

v 6912.25 318.873 7444.99
f 1811/2618/385 1810/2619/386 1935/2620/386 1934/2621/385 

v 6920.86 318.873 7449.27
f 1810/2622/386 1809/2623/387 1936/2624/387 1935/2625/386 

v 6930.73 318.873 7452.48
f 1809/2626/387 1808/2627/388 1937/2628/388 1936/2629/387 

v 6935.02 318.873 7435.46
f 1808/2630/389 1807/2631/389 1938/2632/389 1937/2633/389 

f 1807/2634/390 1806/2635/322 1873/2636/322 1938/2637/390 

f 1873/2638/35 1872/2639/35 1874/2640/35 1875/2641/35 1876/2642/35 1877/2643/35 1878/2644/35 1879/2645/35 1880/2646/35 1881/2647/35 1882/2648/35 1883/2649/35 1884/2650/35 1885/2651/35 1886/2652/35 1887/2653/35 1888/2654/35 1889/2655/35 1890/2656/35 1891/2657/35 1892/2658/35 1893/2659/35 1894/2660/35 1895/2661/35 1896/2662/35 1897/2663/35 1898/2664/35 1899/2665/35 1900/2666/35 1901/2667/35 1902/2668/35 1903/2669/35 1904/2670/35 1905/2671/35 1906/2672/35 1907/2673/35 1908/2674/35 1909/2675/35 1910/2676/35 1911/2677/35 1912/2678/35 1913/2679/35 1914/2680/35 1915/2681/35 1916/2682/35 1917/2683/35 1918/2684/35 1919/2685/35 1920/2686/35 1921/2687/35 1922/2688/35 1923/2689/35 1924/2690/35 1925/2691/35 1926/2692/35 1927/2693/35 1928/2694/35 1929/2695/35 1930/2696/35 1931/2697/35 1932/2698/35 1933/2699/35 1934/2700/35 1935/2701/35 1936/2702/35 1937/2703/35 1938/2704/35 

g Mesh27 C104_1 Model

v 7019.06 306 7516.34
v 7019.06 306 7526.51
v 6889.94 306 7526.51
v 6889.94 306 7510.72
v 6990.55 306 7510.72
v 6985.11 306 7504.13
v 6979.67 306 7495.77
v 6971.51 306 7479.14
v 6986.78 306 7479.14
v 6993.66 306 7491.56
v 7001.86 306 7502.3
v 7010.59 306 7510.77
f 1939/2705/321 1940/2706/321 1941/2707/321 1942/2708/321 1943/2709/321 1944/2710/321 1945/2711/321 1946/2712/321 1947/2713/321 1948/2714/321 1949/2715/321 1950/2716/321 

v 7019.06 318.873 7516.34
v 7019.06 318.873 7526.51
f 1940/2717/391 1939/2718/391 1951/2719/391 1952/2720/391 

v 7010.59 318.873 7510.77
f 1939/2721/392 1950/2722/393 1953/2723/393 1951/2724/392 

v 7001.86 318.873 7502.3
f 1950/2725/393 1949/2726/394 1954/2727/394 1953/2728/393 

v 6993.66 318.873 7491.56
f 1949/2729/394 1948/2730/395 1955/2731/395 1954/2732/394 

v 6986.78 318.873 7479.14
f 1948/2733/395 1947/2734/396 1956/2735/396 1955/2736/395 

v 6971.51 318.873 7479.14
f 1947/2737/397 1946/2738/397 1957/2739/397 1956/2740/397 

v 6979.67 318.873 7495.77
f 1946/2741/398 1945/2742/399 1958/2743/399 1957/2744/398 

v 6985.11 318.873 7504.13
f 1945/2745/399 1944/2746/400 1959/2747/400 1958/2748/399 

v 6990.55 318.873 7510.72
f 1944/2749/400 1943/2750/401 1960/2751/401 1959/2752/400 

v 6889.94 318.873 7510.72
f 1943/2753/397 1942/2754/397 1961/2755/397 1960/2756/397 

v 6889.94 318.873 7526.51
f 1942/2757/402 1941/2758/402 1962/2759/402 1961/2760/402 

f 1941/2761/403 1940/2762/403 1952/2763/403 1962/2764/403 

f 1952/2765/35 1951/2766/35 1953/2767/35 1954/2768/35 1955/2769/35 1956/2770/35 1957/2771/35 1958/2772/35 1959/2773/35 1960/2774/35 1961/2775/35 1962/2776/35 

g Mesh28 C104_1 Model

v 6973.94 306 7568.12
v 6936.5 306 7567.75
v 6953.36 306 7566.95
f 1963/2777/321 1964/2778/321 1965/2779/321

v 6922.17 306 7570.13
f 1964/2778/321 1963/2777/321 1966/2780/321

v 6990.07 306 7571.64
f 1966/2780/321 1963/2777/321 1967/2781/321

v 6973.94 318.873 7568.12
v 6990.07 318.873 7571.64
f 1967/2782/404 1963/2783/405 1968/2784/405 1969/2785/404 

v 6953.36 318.873 7566.95
f 1963/2786/405 1965/2787/406 1970/2788/406 1968/2789/405 

v 6936.5 318.873 7567.75
f 1965/2790/406 1964/2791/407 1971/2792/407 1970/2793/406 

v 6922.17 318.873 7570.13
f 1964/2794/407 1966/2795/408 1972/2796/408 1971/2797/407 

v 6910.36 306 7574.1
v 6910.36 318.873 7574.1
f 1966/2798/408 1973/2799/409 1974/2800/409 1972/2801/408 

f 1966/2780/321 1967/2781/321 1973/2802/321

v 7002.38 306 7577.48
f 1973/2802/321 1967/2781/321 1975/2803/321

v 7002.38 318.873 7577.48
f 1975/2804/410 1967/2805/404 1969/2806/404 1976/2807/410 

f 1969/2808/35 1974/2809/35 1976/2810/35

f 1969/2808/35 1972/2811/35 1974/2809/35

f 1968/2812/35 1972/2811/35 1969/2808/35

f 1968/2812/35 1971/2813/35 1972/2811/35

f 1971/2813/35 1968/2812/35 1970/2814/35

v 6901.08 318.873 7579.67
f 1976/2810/35 1974/2809/35 1977/2815/35

v 6901.08 306 7579.67
f 1973/2816/409 1978/2817/411 1977/2818/411 1974/2819/409 

f 1973/2802/321 1975/2803/321 1978/2820/321

v 7011.51 306 7585.59
f 1978/2820/321 1975/2803/321 1979/2821/321

v 7011.51 318.873 7585.59
f 1979/2822/412 1975/2823/410 1976/2824/410 1980/2825/412 

f 1976/2810/35 1977/2815/35 1980/2826/35

v 6967.94 318.873 7583.69
f 1980/2826/35 1977/2815/35 1981/2827/35

v 6953.36 318.873 7583.18
f 1981/2827/35 1977/2815/35 1982/2828/35

v 6938.85 318.873 7583.64
f 1977/2815/35 1983/2829/35 1982/2828/35

v 6895.24 318.873 7585.47
f 1983/2829/35 1977/2815/35 1984/2830/35

v 6895.24 306 7585.47
f 1978/2831/411 1985/2832/413 1984/2833/413 1977/2834/411 

v 6938.85 306 7583.64
f 1978/2820/321 1986/2835/321 1985/2836/321

v 6953.36 306 7583.18
f 1986/2835/321 1978/2820/321 1987/2837/321

v 6967.94 306 7583.69
f 1978/2820/321 1988/2838/321 1987/2837/321

f 1978/2820/321 1979/2821/321 1988/2838/321

v 6980.04 306 7585.22
f 1988/2838/321 1979/2821/321 1989/2839/321

v 6989.65 306 7587.77
f 1989/2839/321 1979/2821/321 1990/2840/321

v 7014.81 306 7590.52
f 1990/2840/321 1979/2821/321 1991/2841/321

v 7014.81 318.873 7590.52
f 1991/2842/414 1979/2843/412 1980/2844/412 1992/2845/414 

v 6989.65 318.873 7587.77
f 1980/2826/35 1993/2846/35 1992/2847/35

v 6980.04 318.873 7585.22
f 1980/2826/35 1994/2848/35 1993/2846/35

f 1980/2826/35 1981/2827/35 1994/2848/35

f 1988/2849/415 1989/2850/416 1994/2851/416 1981/2852/415 

f 1989/2853/416 1990/2854/417 1993/2855/417 1994/2856/416 

v 6996.78 306 7591.34
v 6996.78 318.873 7591.34
f 1990/2857/417 1995/2858/418 1996/2859/418 1993/2860/417 

f 1990/2840/321 1991/2841/321 1995/2861/321

v 7017.17 306 7596.04
f 1995/2861/321 1991/2841/321 1997/2862/321

v 7017.17 318.873 7596.04
f 1997/2863/419 1991/2864/414 1992/2865/414 1998/2866/419 

f 1992/2847/35 1996/2867/35 1998/2868/35

f 1992/2847/35 1993/2846/35 1996/2867/35

v 7000.81 318.873 7594.86
f 1998/2868/35 1996/2867/35 1999/2869/35

v 7000.81 306 7594.86
f 1995/2870/418 2000/2871/420 1999/2872/420 1996/2873/418 

f 1995/2861/321 1997/2862/321 2000/2874/321

v 7003.68 306 7598.92
f 2000/2874/321 1997/2862/321 2001/2875/321

v 7018.59 306 7602.16
f 2001/2875/321 1997/2862/321 2002/2876/321

v 7018.59 318.873 7602.16
f 2002/2877/421 1997/2878/419 1998/2879/419 2003/2880/421 

v 7003.68 318.873 7598.92
f 1998/2868/35 2004/2881/35 2003/2882/35

f 1998/2868/35 1999/2869/35 2004/2881/35

f 2000/2883/420 2001/2884/422 2004/2885/422 1999/2886/420 

v 7005.41 306 7603.54
v 7005.41 318.873 7603.54
f 2001/2887/422 2005/2888/423 2006/2889/423 2004/2890/422 

f 2001/2875/321 2002/2876/321 2005/2891/321

v 7019.06 306 7608.88
f 2005/2891/321 2002/2876/321 2007/2892/321

v 7019.06 318.873 7608.88
f 2007/2893/424 2002/2894/421 2003/2895/421 2008/2896/424 

f 2003/2882/35 2006/2897/35 2008/2898/35

f 2003/2882/35 2004/2881/35 2006/2897/35

v 7005.99 318.873 7608.7
f 2008/2898/35 2006/2897/35 2009/2899/35

v 7005.99 306 7608.7
f 2005/2900/423 2010/2901/425 2009/2902/425 2006/2903/423 

f 2005/2891/321 2007/2892/321 2010/2904/321

v 7005.33 306 7614
f 2010/2904/321 2007/2892/321 2011/2905/321

v 7018.02 306 7618.59
f 2011/2905/321 2007/2892/321 2012/2906/321

v 7018.02 318.873 7618.59
f 2012/2907/426 2007/2908/424 2008/2909/424 2013/2910/426 

v 7005.33 318.873 7614
f 2008/2898/35 2014/2911/35 2013/2912/35

f 2008/2898/35 2009/2899/35 2014/2911/35

f 2010/2913/425 2011/2914/427 2014/2915/427 2009/2916/425 

v 7003.38 306 7618.85
v 7003.38 318.873 7618.85
f 2011/2917/427 2015/2918/428 2016/2919/428 2014/2920/427 

f 2011/2905/321 2012/2906/321 2015/2921/321

v 7014.89 306 7627.04
f 2015/2921/321 2012/2906/321 2017/2922/321

v 7014.89 318.873 7627.04
f 2017/2923/429 2012/2924/426 2013/2925/426 2018/2926/429 

f 2013/2912/35 2016/2927/35 2018/2928/35

f 2013/2912/35 2014/2911/35 2016/2927/35

v 7000.12 318.873 7623.23
f 2018/2928/35 2016/2927/35 2019/2929/35

v 7000.12 306 7623.23
f 2015/2930/428 2020/2931/430 2019/2932/430 2016/2933/428 

f 2015/2921/321 2017/2922/321 2020/2934/321

v 6995.55 306 7627.17
f 2020/2934/321 2017/2922/321 2021/2935/321

v 7009.8 306 7634.16
f 2021/2935/321 2017/2922/321 2022/2936/321

v 7009.8 318.873 7634.16
f 2022/2937/431 2017/2938/429 2018/2939/429 2023/2940/431 

v 6995.55 318.873 7627.17
f 2018/2928/35 2024/2941/35 2023/2942/35

f 2018/2928/35 2019/2929/35 2024/2941/35

f 2020/2943/430 2021/2944/432 2024/2945/432 2019/2946/430 

v 6989 306 7630.41
v 6989 318.873 7630.41
f 2021/2947/432 2025/2948/433 2026/2949/433 2024/2950/432 

f 2021/2935/321 2022/2936/321 2025/2951/321

v 6979.78 306 7632.73
f 2025/2951/321 2022/2936/321 2027/2952/321

v 6967.9 306 7634.12
f 2027/2952/321 2022/2936/321 2028/2953/321

v 6953.36 306 7634.58
f 2028/2953/321 2022/2936/321 2029/2954/321

v 7002.87 306 7639.93
f 2029/2954/321 2022/2936/321 2030/2955/321

v 7002.87 318.873 7639.93
f 2030/2956/434 2022/2957/431 2023/2958/431 2031/2959/434 

v 6953.36 318.873 7634.58
f 2023/2942/35 2032/2960/35 2031/2961/35

v 6967.9 318.873 7634.12
f 2023/2942/35 2033/2962/35 2032/2960/35

v 6979.78 318.873 7632.73
f 2023/2942/35 2034/2963/35 2033/2962/35

f 2023/2942/35 2026/2964/35 2034/2963/35

f 2023/2942/35 2024/2941/35 2026/2964/35

f 2025/2965/433 2027/2966/435 2034/2967/435 2026/2968/433 

f 2027/2969/435 2028/2970/436 2033/2971/436 2034/2972/435 

f 2028/2973/436 2029/2974/437 2032/2975/437 2033/2976/436 

v 6938.88 306 7634.12
v 6938.88 318.873 7634.12
f 2029/2977/437 2035/2978/438 2036/2979/438 2032/2980/437 

v 6904.5 306 7640.36
f 2037/2981/321 2035/2982/321 2029/2954/321

v 6927.04 306 7632.73
f 2037/2981/321 2038/2983/321 2035/2982/321

v 6895.33 306 7632.26
f 2039/2984/321 2038/2983/321 2037/2981/321

v 6917.83 306 7630.41
f 2039/2984/321 2040/2985/321 2038/2983/321

v 6892.01 306 7627.32
f 2041/2986/321 2040/2985/321 2039/2984/321

v 6911.25 306 7627.17
f 2041/2986/321 2042/2987/321 2040/2985/321

v 6906.65 306 7623.25
f 2041/2986/321 2043/2988/321 2042/2987/321

v 6889.64 306 7621.78
f 2044/2989/321 2043/2988/321 2041/2986/321

v 6903.36 306 7618.89
f 2044/2989/321 2045/2990/321 2043/2988/321

v 6888.22 306 7615.64
f 2046/2991/321 2045/2990/321 2044/2989/321

v 6901.38 306 7614.1
f 2046/2991/321 2047/2992/321 2045/2990/321

v 6887.74 306 7608.88
f 2048/2993/321 2047/2992/321 2046/2991/321

v 6900.73 306 7608.88
f 2048/2993/321 2049/2994/321 2047/2992/321

v 6901.38 306 7603.66
f 2048/2993/321 2050/2995/321 2049/2994/321

v 6888.58 306 7600.08
f 2051/2996/321 2050/2995/321 2048/2993/321

v 6903.35 306 7598.87
f 2051/2996/321 2052/2997/321 2050/2995/321

v 6906.62 306 7594.51
f 2051/2996/321 2053/2998/321 2052/2997/321

v 6891.08 306 7592.28
f 2054/2999/321 2053/2998/321 2051/2996/321

v 6911.21 306 7590.59
f 2054/2999/321 2055/3000/321 2053/2998/321

v 6917.77 306 7587.35
f 2054/2999/321 2056/3001/321 2055/3000/321

f 1985/2836/321 2056/3001/321 2054/2999/321

v 6926.99 306 7585.03
f 1985/2836/321 2057/3002/321 2056/3001/321

f 1985/2836/321 1986/2835/321 2057/3002/321

v 6926.99 318.873 7585.03
f 2057/3003/439 1986/3004/440 1983/3005/440 2058/3006/439 

f 1986/3007/440 1987/3008/441 1982/3009/441 1983/3010/440 

f 1987/3011/441 1988/3012/415 1981/3013/415 1982/3014/441 

f 1983/2829/35 1984/2830/35 2058/3015/35

v 6917.77 318.873 7587.35
f 2058/3015/35 1984/2830/35 2059/3016/35

v 6891.08 318.873 7592.28
f 2059/3016/35 1984/2830/35 2060/3017/35

f 1985/3018/413 2054/3019/442 2060/3020/442 1984/3021/413 

v 6888.58 318.873 7600.08
f 2054/3022/442 2051/3023/443 2061/3024/443 2060/3025/442 

v 6887.74 318.873 7608.88
f 2051/3026/443 2048/3027/444 2062/3028/444 2061/3029/443 

v 6888.22 318.873 7615.64
f 2048/3030/444 2046/3031/445 2063/3032/445 2062/3033/444 

v 6889.64 318.873 7621.78
f 2046/3034/445 2044/3035/446 2064/3036/446 2063/3037/445 

v 6892.01 318.873 7627.32
f 2044/3038/446 2041/3039/447 2065/3040/447 2064/3041/446 

v 6895.33 318.873 7632.26
f 2041/3042/447 2039/3043/448 2066/3044/448 2065/3045/447 

v 6904.5 318.873 7640.36
f 2039/3046/448 2037/3047/449 2067/3048/449 2066/3049/448 

v 6916.82 306 7646.16
v 6916.82 318.873 7646.16
f 2037/3050/449 2068/3051/450 2069/3052/450 2067/3053/449 

v 6994.17 306 7644.47
f 2037/2981/321 2070/3054/321 2068/3055/321

f 2037/2981/321 2030/2955/321 2070/3054/321

f 2037/2981/321 2029/2954/321 2030/2955/321

v 6994.17 318.873 7644.47
f 2070/3056/451 2030/3057/434 2031/3058/434 2071/3059/451 

f 2031/2961/35 2067/3060/35 2071/3061/35

f 2032/2960/35 2067/3060/35 2031/2961/35

f 2036/3062/35 2067/3060/35 2032/2960/35

v 6927.04 318.873 7632.73
f 2072/3063/35 2067/3060/35 2036/3062/35

f 2072/3063/35 2066/3064/35 2067/3060/35

v 6917.83 318.873 7630.41
f 2073/3065/35 2066/3064/35 2072/3063/35

f 2073/3065/35 2065/3066/35 2066/3064/35

v 6911.25 318.873 7627.17
f 2074/3067/35 2065/3066/35 2073/3065/35

v 6906.65 318.873 7623.25
f 2075/3068/35 2065/3066/35 2074/3067/35

f 2075/3068/35 2064/3069/35 2065/3066/35

v 6903.36 318.873 7618.89
f 2076/3070/35 2064/3069/35 2075/3068/35

f 2076/3070/35 2063/3071/35 2064/3069/35

v 6901.38 318.873 7614.1
f 2077/3072/35 2063/3071/35 2076/3070/35

v 6900.73 318.873 7608.88
f 2078/3073/35 2063/3071/35 2077/3072/35

f 2078/3073/35 2062/3074/35 2063/3071/35

v 6901.38 318.873 7603.66
f 2079/3075/35 2062/3074/35 2078/3073/35

f 2079/3075/35 2061/3076/35 2062/3074/35

v 6903.35 318.873 7598.87
f 2080/3077/35 2061/3076/35 2079/3075/35

v 6906.62 318.873 7594.51
f 2081/3078/35 2061/3076/35 2080/3077/35

f 2081/3078/35 2060/3017/35 2061/3076/35

v 6911.21 318.873 7590.59
f 2082/3079/35 2060/3017/35 2081/3078/35

f 2059/3016/35 2060/3017/35 2082/3079/35

f 2055/3080/452 2056/3081/453 2059/3082/453 2082/3083/452 

f 2056/3084/453 2057/3085/439 2058/3086/439 2059/3087/453 

f 2053/3088/454 2055/3089/452 2082/3090/452 2081/3091/454 

f 2052/3092/455 2053/3093/454 2081/3094/454 2080/3095/455 

f 2050/3096/456 2052/3097/455 2080/3098/455 2079/3099/456 

f 2049/3100/457 2050/3101/456 2079/3102/456 2078/3103/457 

f 2047/3104/458 2049/3105/457 2078/3106/457 2077/3107/458 

f 2045/3108/459 2047/3109/458 2077/3110/458 2076/3111/459 

f 2043/3112/460 2045/3113/459 2076/3114/459 2075/3115/460 

f 2042/3116/461 2043/3117/460 2075/3118/460 2074/3119/461 

f 2040/3120/462 2042/3121/461 2074/3122/461 2073/3123/462 

f 2038/3124/463 2040/3125/462 2073/3126/462 2072/3127/463 

f 2035/3128/438 2038/3129/463 2072/3130/463 2036/3131/438 

f 2071/3061/35 2067/3060/35 2069/3132/35

v 6983.75 318.873 7647.91
f 2071/3061/35 2069/3132/35 2083/3133/35

v 6932.91 318.873 7649.65
f 2083/3133/35 2069/3132/35 2084/3134/35

v 6932.91 306 7649.65
f 2068/3135/450 2085/3136/464 2084/3137/464 2069/3138/450 

v 6983.75 306 7647.91
f 2068/3055/321 2086/3139/321 2085/3140/321

f 2068/3055/321 2070/3054/321 2086/3139/321

f 2086/3141/465 2070/3142/451 2071/3143/451 2083/3144/465 

v 6970.52 306 7650.08
v 6970.52 318.873 7650.08
f 2087/3145/466 2086/3146/465 2083/3147/465 2088/3148/466 

f 2085/3140/321 2086/3139/321 2087/3149/321

v 6953.36 306 7650.81
f 2085/3140/321 2087/3149/321 2089/3150/321

v 6953.36 318.873 7650.81
f 2089/3151/467 2087/3152/466 2088/3153/466 2090/3154/467 

f 2088/3155/35 2084/3134/35 2090/3156/35

f 2083/3133/35 2084/3134/35 2088/3155/35

f 2085/3157/464 2089/3158/467 2090/3159/467 2084/3160/464 

g Mesh29 C104_1 Model

v 6935.2 306 7750.63
vt -32.173 3.62844
v 6920.73 306 7733.26
vt -30.8451 2.5218
v 6935.2 306 7733.26
vt -30.8451 3.62844
f 2091/4747/321 2092/4748/321 2093/4749/321

v 6920.73 306 7750.63
vt -32.173 2.5218
f 2092/4748/321 2091/4747/321 2094/4750/321

vt 2.5218 0
vt 3.62844 0
v 6935.2 318.873 7750.63
vt 3.62844 0.984252
v 6920.73 318.873 7750.63
vt 2.5218 0.984252
f 2094/4751/403 2091/4752/403 2095/4753/403 2096/4754/403 

vt -32.173 0
vt -30.8451 0
v 6935.2 318.873 7733.26
vt -30.8451 0.984252
vt -32.173 0.984252
f 2091/4755/391 2093/4756/391 2097/4757/391 2095/4758/391 

v 7018.53 306 7733.26
vt 10 0
v 7018.53 318.873 7733.26
vt 10 0.984252
f 2093/4752/403 2098/4759/403 2099/4760/403 2097/4753/403 

v 6889.94 306 7733.26
vt -30.8451 0.167673
vt -30.8451 10
f 2100/4761/321 2098/4762/321 2093/4749/321

v 7018.53 306 7720.37
vt -29.8592 10
f 2100/4761/321 2101/4763/321 2098/4762/321

v 6889.94 306 7717.47
vt -29.6378 0.167673
f 2102/4764/321 2101/4763/321 2100/4761/321

v 6920.73 306 7717.47
vt -29.6378 2.5218
f 2103/4765/321 2101/4763/321 2102/4764/321

v 6935.2 306 7717.47
vt -29.6378 3.62844
f 2104/4766/321 2101/4763/321 2103/4765/321

v 6993.18 306 7717.47
vt -29.6378 8.0617
f 2105/4767/321 2101/4763/321 2104/4766/321

v 6935.2 306 7677.21
vt -26.5594 3.62844
f 2106/4768/321 2101/4763/321 2105/4767/321

v 6920.73 306 7661.69
vt -25.3722 2.5218
f 2107/4769/321 2101/4763/321 2106/4768/321

v 6935.2 306 7661.69
vt -25.3722 3.62844
f 2101/4763/321 2107/4769/321 2108/4770/321

vt -3.62844 0
vt -2.5218 0
v 6920.73 318.873 7661.69
vt -2.5218 0.984252
v 6935.2 318.873 7661.69
vt -3.62844 0.984252
f 2108/4771/397 2107/4772/397 2109/4773/397 2110/4774/397 

vt 25.3722 0
vt 29.6378 0
v 6920.73 318.873 7717.47
vt 29.6378 0.984252
vt 25.3722 0.984252
f 2107/4775/402 2103/4776/402 2111/4777/402 2109/4778/402 

f 2106/4768/321 2103/4765/321 2107/4769/321

f 2103/4765/321 2106/4768/321 2104/4766/321

vt -29.6378 0
vt -26.5594 0
v 6935.2 318.873 7677.21
vt -26.5594 0.984252
v 6935.2 318.873 7717.47
vt -29.6378 0.984252
f 2104/4779/391 2106/4780/391 2112/4781/391 2113/4782/391 

vt 18.1291 0
vn -0.570373 0 0.821386
vt 23.5264 0
v 6993.18 318.873 7717.47
vt 23.5264 0.984252
vt 18.1291 0.984252
f 2106/4783/594 2105/4784/594 2114/4785/594 2112/4786/594 

vt -8.0617 0
vt -8.0617 0.984252
f 2105/4787/397 2104/4771/397 2113/4774/397 2114/4788/397 

vt 29.6378 3.62844
v 6889.94 318.873 7733.26
vt 30.8451 0.167673
vt 29.6378 8.0617
f 2113/4789/35 2115/4790/35 2114/4791/35

vt 29.6378 2.5218
f 2111/4792/35 2115/4790/35 2113/4789/35

v 6889.94 318.873 7717.47
vt 29.6378 0.167673
f 2115/4790/35 2111/4792/35 2116/4793/35

f 2103/4772/397 2102/2754/397 2116/2755/397 2111/4773/397 

vt 30.8451 0
vt 30.8451 0.984252
f 2102/4776/402 2100/4794/402 2115/4795/402 2116/4777/402 

v 6920.73 318.873 7733.26
f 2100/2761/403 2092/4751/403 2117/4754/403 2115/2764/403 

f 2100/4761/321 2093/4749/321 2092/4748/321

vt 32.173 0
vt 32.173 0.984252
f 2092/4794/402 2094/4796/402 2096/4797/402 2117/4795/402 

vt 32.173 2.5218
vt 30.8451 3.62844
vt 30.8451 2.5218
f 2096/4798/35 2097/4799/35 2117/4800/35

vt 32.173 3.62844
f 2097/4799/35 2096/4798/35 2095/4801/35

vt 30.8451 10
f 2099/4802/35 2117/4800/35 2097/4799/35

f 2099/4802/35 2115/4790/35 2117/4800/35

v 7018.53 318.873 7720.37
vt 29.8592 10
f 2118/4803/35 2115/4790/35 2099/4802/35

f 2114/4791/35 2115/4790/35 2118/4803/35

vt 26.5594 3.62844
f 2118/4803/35 2112/4804/35 2114/4791/35

vt 25.3722 3.62844
f 2112/4804/35 2118/4803/35 2110/4805/35

vt -25.3681 0
vn 0.575771 0 -0.817611
vt -17.5752 0
vt -17.5752 0.984252
vt -25.3681 0.984252
f 2101/4806/595 2108/4807/595 2110/4808/595 2118/4809/595 

vt -29.8592 0
vt -29.8592 0.984252
f 2098/4756/391 2101/4810/391 2118/4811/391 2099/4757/391 

f 2110/4805/35 2111/4792/35 2112/4804/35

vt 25.3722 2.5218
f 2111/4792/35 2110/4805/35 2109/4812/35

f 2112/4804/35 2111/4792/35 2113/4789/35

g Mesh30 C105_1 Model

v 7644.7 306 7428.86
v 7651.32 306 7431.82
v 7658.94 306 7433.97
v 7654.64 306 7450.99
v 7644.78 306 7447.78
v 7636.16 306 7443.5
v 7628.79 306 7438.15
v 7622.66 306 7431.73
v 7617.85 306 7424.4
v 7614.41 306 7416.28
v 7612.34 306 7407.4
v 7611.66 306 7397.74
v 7612.19 306 7387.83
v 7613.77 306 7378.89
v 7616.42 306 7370.93
v 7620.12 306 7363.93
v 7624.83 306 7357.8
v 7630.48 306 7352.46
v 7637.09 306 7347.89
v 7644.64 306 7344.1
v 7661.28 306 7339
v 7679.11 306 7337.31
v 7688.83 306 7337.78
v 7697.92 306 7339.22
v 7706.36 306 7341.62
v 7714.15 306 7344.98
v 7721.18 306 7349.22
v 7727.31 306 7354.28
v 7732.54 306 7360.14
v 7736.87 306 7366.82
v 7740.27 306 7374.08
v 7742.7 306 7381.7
v 7744.15 306 7389.68
v 7744.64 306 7398.01
v 7744.02 306 7407.27
v 7742.18 306 7415.77
v 7739.11 306 7423.5
v 7734.81 306 7430.46
v 7729.4 306 7436.54
v 7722.99 306 7441.62
v 7715.59 306 7445.71
v 7707.18 306 7448.79
v 7703.23 306 7432.04
v 7715.36 306 7426.56
v 7719.99 306 7423.06
v 7723.67 306 7419.06
v 7728.47 306 7409.45
v 7730.08 306 7397.66
v 7728.3 306 7384.05
v 7726.08 306 7378.16
v 7722.97 306 7372.87
v 7714.65 306 7364.4
v 7703.89 306 7358.88
v 7691.73 306 7355.86
v 7679.2 306 7354.85
v 7663.84 306 7356.04
v 7650.56 306 7359.63
v 7639.87 306 7365.74
v 7635.68 306 7369.79
v 7632.27 306 7374.5
v 7627.73 306 7385
v 7626.22 306 7396.34
v 7626.73 306 7403.21
v 7628.28 306 7409.54
v 7630.86 306 7415.32
v 7634.46 306 7420.55
v 7639.08 306 7425.11
f 2119/2303/321 2120/2304/321 2121/2305/321 2122/2306/321 2123/2307/321 2124/2308/321 2125/2309/321 2126/2310/321 2127/2311/321 2128/2312/321 2129/2313/321 2130/2314/321 2131/2315/321 2132/2316/321 2133/2317/321 2134/2318/321 2135/2319/321 2136/2320/321 2137/2321/321 2138/2322/321 2139/2323/321 2140/2324/321 2141/2325/321 2142/2326/321 2143/2327/321 2144/2328/321 2145/2329/321 2146/2330/321 2147/2331/321 2148/2332/321 2149/2333/321 2150/2334/321 2151/2335/321 2152/2336/321 2153/2337/321 2154/2338/321 2155/2339/321 2156/2340/321 2157/2341/321 2158/2342/321 2159/2343/321 2160/2344/321 2161/2345/321 2162/2346/321 2163/2347/321 2164/2348/321 2165/2349/321 2166/2350/321 2167/2351/321 2168/2352/321 2169/2353/321 2170/2354/321 2171/2355/321 2172/2356/321 2173/2357/321 2174/2358/321 2175/2359/321 2176/2360/321 2177/2361/321 2178/2362/321 2179/2363/321 2180/2364/321 2181/2365/321 2182/2366/321 2183/2367/321 2184/2368/321 2185/2369/321 

v 7644.7 318.873 7428.86
v 7651.32 318.873 7431.82
f 2120/2370/322 2119/2371/323 2186/2372/323 2187/2373/322 

v 7639.08 318.873 7425.11
f 2119/2374/323 2185/2375/324 2188/2376/324 2186/2377/323 

v 7634.46 318.873 7420.55
f 2185/2378/324 2184/2379/325 2189/2380/325 2188/2381/324 

v 7630.86 318.873 7415.32
f 2184/2382/325 2183/2383/326 2190/2384/326 2189/2385/325 

v 7628.28 318.873 7409.54
f 2183/2386/326 2182/2387/327 2191/2388/327 2190/2389/326 

v 7626.73 318.873 7403.21
f 2182/2390/327 2181/2391/328 2192/2392/328 2191/2393/327 

v 7626.22 318.873 7396.34
f 2181/2394/328 2180/2395/329 2193/2396/329 2192/2397/328 

v 7627.73 318.873 7385
f 2180/2398/329 2179/2399/330 2194/2400/330 2193/2401/329 

v 7632.27 318.873 7374.5
f 2179/2402/330 2178/2403/331 2195/2404/331 2194/2405/330 

v 7635.68 318.873 7369.79
f 2178/2406/331 2177/2407/332 2196/2408/332 2195/2409/331 

v 7639.87 318.873 7365.74
f 2177/2410/332 2176/2411/333 2197/2412/333 2196/2413/332 

v 7650.56 318.873 7359.63
f 2176/2414/333 2175/2415/334 2198/2416/334 2197/2417/333 

v 7663.84 318.873 7356.04
f 2175/2418/334 2174/2419/335 2199/2420/335 2198/2421/334 

v 7679.2 318.873 7354.85
f 2174/2422/335 2173/2423/336 2200/2424/336 2199/2425/335 

v 7691.73 318.873 7355.86
f 2173/2426/336 2172/2427/337 2201/2428/337 2200/2429/336 

v 7703.89 318.873 7358.88
f 2172/2430/337 2171/2431/338 2202/2432/338 2201/2433/337 

v 7714.65 318.873 7364.4
f 2171/2434/338 2170/2435/339 2203/2436/339 2202/2437/338 

v 7722.97 318.873 7372.87
f 2170/2438/339 2169/2439/340 2204/2440/340 2203/2441/339 

v 7726.08 318.873 7378.16
f 2169/2442/340 2168/2443/341 2205/2444/341 2204/2445/340 

v 7728.3 318.873 7384.05
f 2168/2446/341 2167/2447/342 2206/2448/342 2205/2449/341 

v 7730.08 318.873 7397.66
f 2167/2450/342 2166/2451/343 2207/2452/343 2206/2453/342 

v 7728.47 318.873 7409.45
f 2166/2454/343 2165/2455/344 2208/2456/344 2207/2457/343 

v 7723.67 318.873 7419.06
f 2165/2458/344 2164/2459/345 2209/2460/345 2208/2461/344 

v 7719.99 318.873 7423.06
f 2164/2462/345 2163/2463/346 2210/2464/346 2209/2465/345 

v 7715.36 318.873 7426.56
f 2163/2466/346 2162/2467/347 2211/2468/347 2210/2469/346 

v 7703.23 318.873 7432.04
f 2162/2470/347 2161/2471/348 2212/2472/348 2211/2473/347 

v 7707.18 318.873 7448.79
f 2161/2474/349 2160/2475/349 2213/2476/349 2212/2477/349 

v 7715.59 318.873 7445.71
f 2160/2478/350 2159/2479/351 2214/2480/351 2213/2481/350 

v 7722.99 318.873 7441.62
f 2159/2482/351 2158/2483/352 2215/2484/352 2214/2485/351 

v 7729.4 318.873 7436.54
f 2158/2486/352 2157/2487/353 2216/2488/353 2215/2489/352 

v 7734.81 318.873 7430.46
f 2157/2490/353 2156/2491/354 2217/2492/354 2216/2493/353 

v 7739.11 318.873 7423.5
f 2156/2494/354 2155/2495/355 2218/2496/355 2217/2497/354 

v 7742.18 318.873 7415.77
f 2155/2498/355 2154/2499/356 2219/2500/356 2218/2501/355 

v 7744.02 318.873 7407.27
f 2154/2502/356 2153/2503/357 2220/2504/357 2219/2505/356 

v 7744.64 318.873 7398.01
f 2153/2506/357 2152/2507/358 2221/2508/358 2220/2509/357 

v 7744.15 318.873 7389.68
f 2152/2510/358 2151/2511/359 2222/2512/359 2221/2513/358 

v 7742.7 318.873 7381.7
f 2151/2514/359 2150/2515/360 2223/2516/360 2222/2517/359 

v 7740.27 318.873 7374.08
f 2150/2518/360 2149/2519/361 2224/2520/361 2223/2521/360 

v 7736.87 318.873 7366.82
f 2149/2522/361 2148/2523/362 2225/2524/362 2224/2525/361 

v 7732.54 318.873 7360.14
f 2148/2526/362 2147/2527/363 2226/2528/363 2225/2529/362 

v 7727.31 318.873 7354.28
f 2147/2530/363 2146/2531/364 2227/2532/364 2226/2533/363 

v 7721.18 318.873 7349.22
f 2146/2534/364 2145/2535/365 2228/2536/365 2227/2537/364 

v 7714.15 318.873 7344.98
f 2145/2538/365 2144/2539/366 2229/2540/366 2228/2541/365 

v 7706.36 318.873 7341.62
f 2144/2542/366 2143/2543/367 2230/2544/367 2229/2545/366 

v 7697.92 318.873 7339.22
f 2143/2546/367 2142/2547/368 2231/2548/368 2230/2549/367 

v 7688.83 318.873 7337.78
f 2142/2550/368 2141/2551/369 2232/2552/369 2231/2553/368 

v 7679.11 318.873 7337.31
f 2141/2554/369 2140/2555/370 2233/2556/370 2232/2557/369 

v 7661.28 318.873 7339
f 2140/2558/370 2139/2559/371 2234/2560/371 2233/2561/370 

v 7644.64 318.873 7344.1
f 2139/2562/371 2138/2563/372 2235/2564/372 2234/2565/371 

v 7637.09 318.873 7347.89
f 2138/2566/372 2137/2567/373 2236/2568/373 2235/2569/372 

v 7630.48 318.873 7352.46
f 2137/2570/373 2136/2571/374 2237/2572/374 2236/2573/373 

v 7624.83 318.873 7357.8
f 2136/2574/374 2135/2575/375 2238/2576/375 2237/2577/374 

v 7620.12 318.873 7363.93
f 2135/2578/375 2134/2579/376 2239/2580/376 2238/2581/375 

v 7616.42 318.873 7370.93
f 2134/2582/376 2133/2583/377 2240/2584/377 2239/2585/376 

v 7613.77 318.873 7378.89
f 2133/2586/377 2132/2587/378 2241/2588/378 2240/2589/377 

v 7612.19 318.873 7387.83
f 2132/2590/378 2131/2591/379 2242/2592/379 2241/2593/378 

v 7611.66 318.873 7397.74
f 2131/2594/379 2130/2595/380 2243/2596/380 2242/2597/379 

v 7612.34 318.873 7407.4
f 2130/2598/380 2129/2599/381 2244/2600/381 2243/2601/380 

v 7614.41 318.873 7416.28
f 2129/2602/381 2128/2603/382 2245/2604/382 2244/2605/381 

v 7617.85 318.873 7424.4
f 2128/2606/382 2127/2607/383 2246/2608/383 2245/2609/382 

v 7622.66 318.873 7431.73
f 2127/2610/383 2126/2611/384 2247/2612/384 2246/2613/383 

v 7628.79 318.873 7438.15
f 2126/2614/384 2125/2615/385 2248/2616/385 2247/2617/384 

v 7636.16 318.873 7443.5
f 2125/2618/385 2124/2619/386 2249/2620/386 2248/2621/385 

v 7644.78 318.873 7447.78
f 2124/2622/386 2123/2623/387 2250/2624/387 2249/2625/386 

v 7654.64 318.873 7450.99
f 2123/2626/387 2122/2627/388 2251/2628/388 2250/2629/387 

v 7658.94 318.873 7433.97
f 2122/2630/389 2121/2631/389 2252/2632/389 2251/2633/389 

f 2121/2634/390 2120/2635/322 2187/2636/322 2252/2637/390 

f 2187/2638/35 2186/2639/35 2188/2640/35 2189/2641/35 2190/2642/35 2191/2643/35 2192/2644/35 2193/2645/35 2194/2646/35 2195/2647/35 2196/2648/35 2197/2649/35 2198/2650/35 2199/2651/35 2200/2652/35 2201/2653/35 2202/2654/35 2203/2655/35 2204/2656/35 2205/2657/35 2206/2658/35 2207/2659/35 2208/2660/35 2209/2661/35 2210/2662/35 2211/2663/35 2212/2664/35 2213/2665/35 2214/2666/35 2215/2667/35 2216/2668/35 2217/2669/35 2218/2670/35 2219/2671/35 2220/2672/35 2221/2673/35 2222/2674/35 2223/2675/35 2224/2676/35 2225/2677/35 2226/2678/35 2227/2679/35 2228/2680/35 2229/2681/35 2230/2682/35 2231/2683/35 2232/2684/35 2233/2685/35 2234/2686/35 2235/2687/35 2236/2688/35 2237/2689/35 2238/2690/35 2239/2691/35 2240/2692/35 2241/2693/35 2242/2694/35 2243/2695/35 2244/2696/35 2245/2697/35 2246/2698/35 2247/2699/35 2248/2700/35 2249/2701/35 2250/2702/35 2251/2703/35 2252/2704/35 

g Mesh31 C105_1 Model

v 7742.97 306 7514.85
v 7742.97 306 7525.02
v 7613.85 306 7525.02
v 7613.85 306 7509.23
v 7714.46 306 7509.23
v 7709.02 306 7502.64
v 7703.58 306 7494.28
v 7695.43 306 7477.65
v 7710.69 306 7477.65
v 7717.58 306 7490.07
v 7725.78 306 7500.81
v 7734.5 306 7509.28
f 2253/2705/321 2254/2706/321 2255/2707/321 2256/2708/321 2257/2709/321 2258/2710/321 2259/2711/321 2260/2712/321 2261/2713/321 2262/2714/321 2263/2715/321 2264/2716/321 

v 7742.97 318.873 7514.85
v 7742.97 318.873 7525.02
f 2254/2717/391 2253/2718/391 2265/2719/391 2266/2720/391 

v 7734.5 318.873 7509.28
f 2253/2721/392 2264/2722/393 2267/2723/393 2265/2724/392 

v 7725.78 318.873 7500.81
f 2264/2725/393 2263/2726/394 2268/2727/394 2267/2728/393 

v 7717.58 318.873 7490.07
f 2263/2729/394 2262/2730/395 2269/2731/395 2268/2732/394 

v 7710.69 318.873 7477.65
f 2262/2733/395 2261/2734/396 2270/2735/396 2269/2736/395 

v 7695.43 318.873 7477.65
f 2261/2737/397 2260/2738/397 2271/2739/397 2270/2740/397 

v 7703.58 318.873 7494.28
f 2260/2741/398 2259/2742/399 2272/2743/399 2271/2744/398 

v 7709.02 318.873 7502.64
f 2259/2745/399 2258/2746/400 2273/2747/400 2272/2748/399 

v 7714.46 318.873 7509.23
f 2258/2749/400 2257/2750/401 2274/2751/401 2273/2752/400 

v 7613.85 318.873 7509.23
f 2257/2753/397 2256/2754/397 2275/2755/397 2274/2756/397 

v 7613.85 318.873 7525.02
f 2256/2757/402 2255/2758/402 2276/2759/402 2275/2760/402 

f 2255/2761/403 2254/2762/403 2266/2763/403 2276/2764/403 

f 2266/2765/35 2265/2766/35 2267/2767/35 2268/2768/35 2269/2769/35 2270/2770/35 2271/2771/35 2272/2772/35 2273/2773/35 2274/2774/35 2275/2775/35 2276/2776/35 

g Mesh32 C105_1 Model

v 7697.85 306 7566.63
v 7660.42 306 7566.25
v 7677.27 306 7565.46
f 2277/2777/321 2278/2778/321 2279/2779/321

v 7646.09 306 7568.64
f 2278/2778/321 2277/2777/321 2280/2780/321

v 7713.98 306 7570.15
f 2280/2780/321 2277/2777/321 2281/2781/321

v 7697.85 318.873 7566.63
v 7713.98 318.873 7570.15
f 2281/2782/404 2277/2783/405 2282/2784/405 2283/2785/404 

v 7677.27 318.873 7565.46
f 2277/2786/405 2279/2787/406 2284/2788/406 2282/2789/405 

v 7660.42 318.873 7566.25
f 2279/2790/406 2278/2791/407 2285/2792/407 2284/2793/406 

v 7646.09 318.873 7568.64
f 2278/2794/407 2280/2795/408 2286/2796/408 2285/2797/407 

v 7634.28 306 7572.61
v 7634.28 318.873 7572.61
f 2280/2798/408 2287/2799/409 2288/2800/409 2286/2801/408 

f 2280/2780/321 2281/2781/321 2287/2802/321

v 7726.29 306 7575.98
f 2287/2802/321 2281/2781/321 2289/2803/321

v 7726.29 318.873 7575.98
f 2289/2804/410 2281/2805/404 2283/2806/404 2290/2807/410 

f 2283/2808/35 2288/2809/35 2290/2810/35

f 2283/2808/35 2286/2811/35 2288/2809/35

f 2282/2812/35 2286/2811/35 2283/2808/35

f 2282/2812/35 2285/2813/35 2286/2811/35

f 2285/2813/35 2282/2812/35 2284/2814/35

v 7624.99 318.873 7578.18
f 2290/2810/35 2288/2809/35 2291/2815/35

v 7624.99 306 7578.18
f 2287/2816/409 2292/2817/411 2291/2818/411 2288/2819/409 

f 2287/2802/321 2289/2803/321 2292/2820/321

v 7735.43 306 7584.1
f 2292/2820/321 2289/2803/321 2293/2821/321

v 7735.43 318.873 7584.1
f 2293/2822/412 2289/2823/410 2290/2824/410 2294/2825/412 

f 2290/2810/35 2291/2815/35 2294/2826/35

v 7691.86 318.873 7582.2
f 2294/2826/35 2291/2815/35 2295/2827/35

v 7677.27 318.873 7581.69
f 2295/2827/35 2291/2815/35 2296/2828/35

v 7662.76 318.873 7582.15
f 2291/2815/35 2297/2829/35 2296/2828/35

v 7619.16 318.873 7583.98
f 2297/2829/35 2291/2815/35 2298/2830/35

v 7619.16 306 7583.98
f 2292/2831/411 2299/2832/413 2298/2833/413 2291/2834/411 

v 7662.76 306 7582.15
f 2292/2820/321 2300/2835/321 2299/2836/321

v 7677.27 306 7581.69
f 2300/2835/321 2292/2820/321 2301/2837/321

v 7691.86 306 7582.2
f 2292/2820/321 2302/2838/321 2301/2837/321

f 2292/2820/321 2293/2821/321 2302/2838/321

v 7703.96 306 7583.73
f 2302/2838/321 2293/2821/321 2303/2839/321

v 7713.57 306 7586.28
f 2303/2839/321 2293/2821/321 2304/2840/321

v 7738.73 306 7589.02
f 2304/2840/321 2293/2821/321 2305/2841/321

v 7738.73 318.873 7589.02
f 2305/2842/414 2293/2843/412 2294/2844/412 2306/2845/414 

v 7713.57 318.873 7586.28
f 2294/2826/35 2307/2846/35 2306/2847/35

v 7703.96 318.873 7583.73
f 2294/2826/35 2308/2848/35 2307/2846/35

f 2294/2826/35 2295/2827/35 2308/2848/35

f 2302/2849/415 2303/2850/416 2308/2851/416 2295/2852/415 

f 2303/2853/416 2304/2854/417 2307/2855/417 2308/2856/416 

v 7720.69 306 7589.84
v 7720.69 318.873 7589.84
f 2304/2857/417 2309/2858/418 2310/2859/418 2307/2860/417 

f 2304/2840/321 2305/2841/321 2309/2861/321

v 7741.08 306 7594.55
f 2309/2861/321 2305/2841/321 2311/2862/321

v 7741.08 318.873 7594.55
f 2311/2863/419 2305/2864/414 2306/2865/414 2312/2866/419 

f 2306/2847/35 2310/2867/35 2312/2868/35

f 2306/2847/35 2307/2846/35 2310/2867/35

v 7724.72 318.873 7593.36
f 2312/2868/35 2310/2867/35 2313/2869/35

v 7724.72 306 7593.36
f 2309/2870/418 2314/2871/420 2313/2872/420 2310/2873/418 

f 2309/2861/321 2311/2862/321 2314/2874/321

v 7727.6 306 7597.43
f 2314/2874/321 2311/2862/321 2315/2875/321

v 7742.5 306 7600.67
f 2315/2875/321 2311/2862/321 2316/2876/321

v 7742.5 318.873 7600.67
f 2316/2877/421 2311/2878/419 2312/2879/419 2317/2880/421 

v 7727.6 318.873 7597.43
f 2312/2868/35 2318/2881/35 2317/2882/35

f 2312/2868/35 2313/2869/35 2318/2881/35

f 2314/2883/420 2315/2884/422 2318/2885/422 2313/2886/420 

v 7729.32 306 7602.05
v 7729.32 318.873 7602.05
f 2315/2887/422 2319/2888/423 2320/2889/423 2318/2890/422 

f 2315/2875/321 2316/2876/321 2319/2891/321

v 7742.97 306 7607.39
f 2319/2891/321 2316/2876/321 2321/2892/321

v 7742.97 318.873 7607.39
f 2321/2893/424 2316/2894/421 2317/2895/421 2322/2896/424 

f 2317/2882/35 2320/2897/35 2322/2898/35

f 2317/2882/35 2318/2881/35 2320/2897/35

v 7729.9 318.873 7607.21
f 2322/2898/35 2320/2897/35 2323/2899/35

v 7729.9 306 7607.21
f 2319/2900/423 2324/2901/425 2323/2902/425 2320/2903/423 

f 2319/2891/321 2321/2892/321 2324/2904/321

v 7729.25 306 7612.51
f 2324/2904/321 2321/2892/321 2325/2905/321

v 7741.93 306 7617.1
f 2325/2905/321 2321/2892/321 2326/2906/321

v 7741.93 318.873 7617.1
f 2326/2907/426 2321/2908/424 2322/2909/424 2327/2910/426 

v 7729.25 318.873 7612.51
f 2322/2898/35 2328/2911/35 2327/2912/35

f 2322/2898/35 2323/2899/35 2328/2911/35

f 2324/2913/425 2325/2914/427 2328/2915/427 2323/2916/425 

v 7727.29 306 7617.35
v 7727.29 318.873 7617.35
f 2325/2917/427 2329/2918/428 2330/2919/428 2328/2920/427 

f 2325/2905/321 2326/2906/321 2329/2921/321

v 7738.8 306 7625.55
f 2329/2921/321 2326/2906/321 2331/2922/321

v 7738.8 318.873 7625.55
f 2331/2923/429 2326/2924/426 2327/2925/426 2332/2926/429 

f 2327/2912/35 2330/2927/35 2332/2928/35

f 2327/2912/35 2328/2911/35 2330/2927/35

v 7724.03 318.873 7621.74
f 2332/2928/35 2330/2927/35 2333/2929/35

v 7724.03 306 7621.74
f 2329/2930/428 2334/2931/430 2333/2932/430 2330/2933/428 

f 2329/2921/321 2331/2922/321 2334/2934/321

v 7719.46 306 7625.68
f 2334/2934/321 2331/2922/321 2335/2935/321

v 7733.72 306 7632.67
f 2335/2935/321 2331/2922/321 2336/2936/321

v 7733.72 318.873 7632.67
f 2336/2937/431 2331/2938/429 2332/2939/429 2337/2940/431 

v 7719.46 318.873 7625.68
f 2332/2928/35 2338/2941/35 2337/2942/35

f 2332/2928/35 2333/2929/35 2338/2941/35

f 2334/2943/430 2335/2944/432 2338/2945/432 2333/2946/430 

v 7712.91 306 7628.92
v 7712.91 318.873 7628.92
f 2335/2947/432 2339/2948/433 2340/2949/433 2338/2950/432 

f 2335/2935/321 2336/2936/321 2339/2951/321

v 7703.69 306 7631.24
f 2339/2951/321 2336/2936/321 2341/2952/321

v 7691.81 306 7632.63
f 2341/2952/321 2336/2936/321 2342/2953/321

v 7677.27 306 7633.09
f 2342/2953/321 2336/2936/321 2343/2954/321

v 7726.79 306 7638.44
f 2343/2954/321 2336/2936/321 2344/2955/321

v 7726.79 318.873 7638.44
f 2344/2956/434 2336/2957/431 2337/2958/431 2345/2959/434 

v 7677.27 318.873 7633.09
f 2337/2942/35 2346/2960/35 2345/2961/35

v 7691.81 318.873 7632.63
f 2337/2942/35 2347/2962/35 2346/2960/35

v 7703.69 318.873 7631.24
f 2337/2942/35 2348/2963/35 2347/2962/35

f 2337/2942/35 2340/2964/35 2348/2963/35

f 2337/2942/35 2338/2941/35 2340/2964/35

f 2339/2965/433 2341/2966/435 2348/2967/435 2340/2968/433 

f 2341/2969/435 2342/2970/436 2347/2971/436 2348/2972/435 

f 2342/2973/436 2343/2974/437 2346/2975/437 2347/2976/436 

v 7662.8 306 7632.63
v 7662.8 318.873 7632.63
f 2343/2977/437 2349/2978/438 2350/2979/438 2346/2980/437 

v 7628.41 306 7638.87
f 2351/2981/321 2349/2982/321 2343/2954/321

v 7650.95 306 7631.24
f 2351/2981/321 2352/2983/321 2349/2982/321

v 7619.24 306 7630.76
f 2353/2984/321 2352/2983/321 2351/2981/321

v 7641.74 306 7628.92
f 2353/2984/321 2354/2985/321 2352/2983/321

v 7615.92 306 7625.83
f 2355/2986/321 2354/2985/321 2353/2984/321

v 7635.16 306 7625.68
f 2355/2986/321 2356/2987/321 2354/2985/321

v 7630.56 306 7621.75
f 2355/2986/321 2357/2988/321 2356/2987/321

v 7613.55 306 7620.29
f 2358/2989/321 2357/2988/321 2355/2986/321

v 7627.27 306 7617.4
f 2358/2989/321 2359/2990/321 2357/2988/321

v 7612.13 306 7614.14
f 2360/2991/321 2359/2990/321 2358/2989/321

v 7625.3 306 7612.61
f 2360/2991/321 2361/2992/321 2359/2990/321

v 7611.66 306 7607.39
f 2362/2993/321 2361/2992/321 2360/2991/321

v 7624.64 306 7607.39
f 2362/2993/321 2363/2994/321 2361/2992/321

v 7625.29 306 7602.17
f 2362/2993/321 2364/2995/321 2363/2994/321

v 7612.49 306 7598.59
f 2365/2996/321 2364/2995/321 2362/2993/321

v 7627.26 306 7597.38
f 2365/2996/321 2366/2997/321 2364/2995/321

v 7630.53 306 7593.02
f 2365/2996/321 2367/2998/321 2366/2997/321

v 7614.99 306 7590.79
f 2368/2999/321 2367/2998/321 2365/2996/321

v 7635.12 306 7589.1
f 2368/2999/321 2369/3000/321 2367/2998/321

v 7641.69 306 7585.86
f 2368/2999/321 2370/3001/321 2369/3000/321

f 2299/2836/321 2370/3001/321 2368/2999/321

v 7650.9 306 7583.54
f 2299/2836/321 2371/3002/321 2370/3001/321

f 2299/2836/321 2300/2835/321 2371/3002/321

v 7650.9 318.873 7583.54
f 2371/3003/439 2300/3004/440 2297/3005/440 2372/3006/439 

f 2300/3007/440 2301/3008/441 2296/3009/441 2297/3010/440 

f 2301/3011/441 2302/3012/415 2295/3013/415 2296/3014/441 

f 2297/2829/35 2298/2830/35 2372/3015/35

v 7641.69 318.873 7585.86
f 2372/3015/35 2298/2830/35 2373/3016/35

v 7614.99 318.873 7590.79
f 2373/3016/35 2298/2830/35 2374/3017/35

f 2299/3018/413 2368/3019/442 2374/3020/442 2298/3021/413 

v 7612.49 318.873 7598.59
f 2368/3022/442 2365/3023/443 2375/3024/443 2374/3025/442 

v 7611.66 318.873 7607.39
f 2365/3026/443 2362/3027/444 2376/3028/444 2375/3029/443 

v 7612.13 318.873 7614.14
f 2362/3030/444 2360/3031/445 2377/3032/445 2376/3033/444 

v 7613.55 318.873 7620.29
f 2360/3034/445 2358/3035/446 2378/3036/446 2377/3037/445 

v 7615.92 318.873 7625.83
f 2358/3038/446 2355/3039/447 2379/3040/447 2378/3041/446 

v 7619.24 318.873 7630.76
f 2355/3042/447 2353/3043/448 2380/3044/448 2379/3045/447 

v 7628.41 318.873 7638.87
f 2353/3046/448 2351/3047/449 2381/3048/449 2380/3049/448 

v 7640.73 306 7644.67
v 7640.73 318.873 7644.67
f 2351/3050/449 2382/3051/450 2383/3052/450 2381/3053/449 

v 7718.08 306 7642.98
f 2351/2981/321 2384/3054/321 2382/3055/321

f 2351/2981/321 2344/2955/321 2384/3054/321

f 2351/2981/321 2343/2954/321 2344/2955/321

v 7718.08 318.873 7642.98
f 2384/3056/451 2344/3057/434 2345/3058/434 2385/3059/451 

f 2345/2961/35 2381/3060/35 2385/3061/35

f 2346/2960/35 2381/3060/35 2345/2961/35

f 2350/3062/35 2381/3060/35 2346/2960/35

v 7650.95 318.873 7631.24
f 2386/3063/35 2381/3060/35 2350/3062/35

f 2386/3063/35 2380/3064/35 2381/3060/35

v 7641.74 318.873 7628.92
f 2387/3065/35 2380/3064/35 2386/3063/35

f 2387/3065/35 2379/3066/35 2380/3064/35

v 7635.16 318.873 7625.68
f 2388/3067/35 2379/3066/35 2387/3065/35

v 7630.56 318.873 7621.75
f 2389/3068/35 2379/3066/35 2388/3067/35

f 2389/3068/35 2378/3069/35 2379/3066/35

v 7627.27 318.873 7617.4
f 2390/3070/35 2378/3069/35 2389/3068/35

f 2390/3070/35 2377/3071/35 2378/3069/35

v 7625.3 318.873 7612.61
f 2391/3072/35 2377/3071/35 2390/3070/35

v 7624.64 318.873 7607.39
f 2392/3073/35 2377/3071/35 2391/3072/35

f 2392/3073/35 2376/3074/35 2377/3071/35

v 7625.29 318.873 7602.17
f 2393/3075/35 2376/3074/35 2392/3073/35

f 2393/3075/35 2375/3076/35 2376/3074/35

v 7627.26 318.873 7597.38
f 2394/3077/35 2375/3076/35 2393/3075/35

v 7630.53 318.873 7593.02
f 2395/3078/35 2375/3076/35 2394/3077/35

f 2395/3078/35 2374/3017/35 2375/3076/35

v 7635.12 318.873 7589.1
f 2396/3079/35 2374/3017/35 2395/3078/35

f 2373/3016/35 2374/3017/35 2396/3079/35

f 2369/3080/452 2370/3081/453 2373/3082/453 2396/3083/452 

f 2370/3084/453 2371/3085/439 2372/3086/439 2373/3087/453 

f 2367/3088/454 2369/3089/452 2396/3090/452 2395/3091/454 

f 2366/3092/455 2367/3093/454 2395/3094/454 2394/3095/455 

f 2364/3096/456 2366/3097/455 2394/3098/455 2393/3099/456 

f 2363/3100/457 2364/3101/456 2393/3102/456 2392/3103/457 

f 2361/3104/458 2363/3105/457 2392/3106/457 2391/3107/458 

f 2359/3108/459 2361/3109/458 2391/3110/458 2390/3111/459 

f 2357/3112/460 2359/3113/459 2390/3114/459 2389/3115/460 

f 2356/3116/461 2357/3117/460 2389/3118/460 2388/3119/461 

f 2354/3120/462 2356/3121/461 2388/3122/461 2387/3123/462 

f 2352/3124/463 2354/3125/462 2387/3126/462 2386/3127/463 

f 2349/3128/438 2352/3129/463 2386/3130/463 2350/3131/438 

f 2385/3061/35 2381/3060/35 2383/3132/35

v 7707.66 318.873 7646.42
f 2385/3061/35 2383/3132/35 2397/3133/35

v 7656.82 318.873 7648.15
f 2397/3133/35 2383/3132/35 2398/3134/35

v 7656.82 306 7648.15
f 2382/3135/450 2399/3136/464 2398/3137/464 2383/3138/450 

v 7707.66 306 7646.42
f 2382/3055/321 2400/3139/321 2399/3140/321

f 2382/3055/321 2384/3054/321 2400/3139/321

f 2400/3141/465 2384/3142/451 2385/3143/451 2397/3144/465 

v 7694.43 306 7648.59
v 7694.43 318.873 7648.59
f 2401/3145/466 2400/3146/465 2397/3147/465 2402/3148/466 

f 2399/3140/321 2400/3139/321 2401/3149/321

v 7677.27 306 7649.32
f 2399/3140/321 2401/3149/321 2403/3150/321

v 7677.27 318.873 7649.32
f 2403/3151/467 2401/3152/466 2402/3153/466 2404/3154/467 

f 2402/3155/35 2398/3134/35 2404/3156/35

f 2397/3133/35 2398/3134/35 2402/3155/35

f 2399/3157/464 2403/3158/467 2404/3159/467 2398/3160/464 

g Mesh33 C105_1 Model

v 7632.91 306 7669.33
vt -26.0706 1.62475
v 7639.82 306 7666.75
vt -25.8738 2.15334
v 7647.53 306 7665.37
vt -25.7679 2.74313
v 7648.94 306 7681.95
vt -27.0355 2.85044
v 7638.33 306 7685.01
vt -27.2695 2.03974
v 7630.73 306 7690.5
vt -27.6895 1.45875
v 7626.16 306 7697.9
vt -28.2554 1.10915
v 7624.64 306 7706.68
vt -28.9269 0.992622
v 7625.18 306 7712.17
vt -29.3461 1.0337
v 7626.79 306 7717.21
vt -29.7317 1.15694
v 7629.47 306 7721.82
vt -30.0838 1.36234
v 7633.23 306 7725.98
vt -30.4024 1.6499
v 7637.88 306 7729.44
vt -30.6665 2.00537
v 7643.23 306 7731.9
vt -30.8551 2.41449
v 7649.29 306 7733.38
vt -30.9683 2.87726
v 7656.04 306 7733.88
vt -31.006 3.3937
v 7662.44 306 7733.4
vt -30.9698 3.88288
v 7668.12 306 7731.98
vt -30.861 4.31757
v 7673.1 306 7729.61
vt -30.6797 4.69777
v 7677.36 306 7726.29
vt -30.4259 5.02347
v 7680.77 306 7722.2
vt -30.1134 5.28462
v 7683.21 306 7717.53
vt -29.756 5.47116
v 7684.68 306 7712.27
vt -29.3538 5.58308
v 7685.16 306 7706.42
vt -28.9068 5.62039
v 7684.3 306 7699.16
vt -28.3518 5.55416
v 7681.7 306 7692.65
vt -27.8538 5.35547
v 7677.72 306 7687.17
vt -27.4346 5.05114
v 7672.71 306 7683
vt -27.116 4.66801
v 7674.64 306 7668.18
vt -25.9826 4.81556
v 7740.69 306 7680.63
vt -26.9349 9.86586
v 7740.69 306 7744.58
vt -31.8243 9.86586
v 7725.6 306 7744.58
vt -31.8243 8.71227
v 7725.6 306 7693.26
vt -27.9007 8.71227
v 7691.04 306 7686.33
vt -27.3709 6.06975
v 7697.09 306 7698.2
vt -28.278 6.53253
v 7698.61 306 7704.34
vt -28.7479 6.64822
v 7699.11 306 7710.63
vt -29.2287 6.68679
v 7698.38 306 7718.72
vt -29.8474 6.63104
v 7696.19 306 7726.16
vt -30.4158 6.46378
v 7692.55 306 7732.93
vt -30.9339 6.18503
v 7687.44 306 7739.05
vt -31.4017 5.79477
v 7681.19 306 7744.12
vt -31.7891 5.3169
v 7674.11 306 7747.74
vt -32.0657 4.77532
v 7666.19 306 7749.91
vt -32.2317 4.17002
v 7657.44 306 7750.63
vt -32.2871 3.50101
v 7649.01 306 7749.99
vt -32.2384 2.8563
v 7641.17 306 7748.09
vt -32.0926 2.25687
v 7633.93 306 7744.91
vt -31.8494 1.70272
v 7627.27 306 7740.46
vt -31.5091 1.19383
v 7620.44 306 7733.71
vt -30.993 0.671529
v 7615.56 306 7725.83
vt -30.3907 0.298457
v 7612.63 306 7716.82
vt -29.702 0.0746144
v 7611.66 306 7706.68
vt -28.9269 0
v 7612.27 306 7698.32
vt -28.287 0.0469484
v 7614.11 306 7690.75
vt -27.7088 0.187793
v 7617.18 306 7684
vt -27.1921 0.422535
v 7621.48 306 7678.04
vt -26.7371 0.751174
v 7626.79 306 7673.09
vt -26.3584 1.15736
f 2405/4813/321 2406/4814/321 2407/4815/321 2408/4816/321 2409/4817/321 2410/4818/321 2411/4819/321 2412/4820/321 2413/4821/321 2414/4822/321 2415/4823/321 2416/4824/321 2417/4825/321 2418/4826/321 2419/4827/321 2420/4828/321 2421/4829/321 2422/4830/321 2423/4831/321 2424/4832/321 2425/4833/321 2426/4834/321 2427/4835/321 2428/4836/321 2429/4837/321 2430/4838/321 2431/4839/321 2432/4840/321 2433/4841/321 2434/4842/321 2435/4843/321 2436/4844/321 2437/4845/321 2438/4846/321 2439/4847/321 2440/4848/321 2441/4849/321 2442/4850/321 2443/4851/321 2444/4852/321 2445/4853/321 2446/4854/321 2447/4855/321 2448/4856/321 2449/4857/321 2450/4858/321 2451/4859/321 2452/4860/321 2453/4861/321 2454/4862/321 2455/4863/321 2456/4864/321 2457/4865/321 2458/4866/321 2459/4867/321 2460/4868/321 2461/4869/321 2462/4870/321 

vt 7.00997 0
vn -0.263835 0 -0.964568
vt 7.57401 0
vn -0.4387 0 -0.898634
v 7632.91 318.873 7669.33
vt 7.57401 0.984252
v 7639.82 318.873 7666.75
vt 7.00997 0.984252
f 2406/4871/596 2405/4872/597 2463/4873/597 2464/4874/596 

vt 12.285 0
vt 12.8339 0
vn -0.606107 0 -0.795383
v 7626.79 318.873 7673.09
vt 12.8339 0.984252
vt 12.285 0.984252
f 2405/4875/597 2462/4876/598 2465/4877/598 2463/4878/597 

vt 17.1287 0
vt 17.6841 0
vn -0.749869 0 -0.661587
v 7621.48 318.873 7678.04
vt 17.6841 0.984252
vt 17.1287 0.984252
f 2462/4879/598 2461/4880/599 2466/4881/599 2465/4882/598 

vt 21.2351 0
vt 21.7964 0
vn -0.864828 0 -0.502068
v 7617.18 318.873 7684
vt 21.7964 0.984252
vt 21.2351 0.984252
f 2461/4883/599 2460/4884/600 2467/4885/600 2466/4886/599 

vt 24.5817 0
vt 25.1492 0
vn -0.945166 0 -0.326591
v 7614.11 318.873 7690.75
vt 25.1492 0.984252
vt 24.5817 0.984252
f 2460/4887/600 2459/4888/601 2468/4889/601 2467/4890/600 

vt 26.8773 0
vt 27.4724 0
vn -0.987845 0 -0.155444
v 7612.27 318.873 7698.32
vt 27.4724 0.984252
vt 26.8773 0.984252
f 2459/4891/601 2458/4892/602 2469/4893/602 2468/4894/601 

vt 28.2077 0
vt 28.8493 0
vn -0.999935 0 0.0113664
v 7611.66 318.873 7706.68
vt 28.8493 0.984252
vt 28.2077 0.984252
f 2458/4895/602 2457/4896/603 2470/4897/603 2469/4898/602 

vt 28.7938 0
vt 29.5724 0
vn -0.979039 0 0.203674
v 7612.63 318.873 7716.82
vt 29.5724 0.984252
vt 28.7938 0.984252
f 2457/4899/603 2456/4900/604 2471/4901/604 2470/4902/603 

vt 28.2705 0
vt 28.9947 0
vn -0.907129 0 0.420852
v 7615.56 318.873 7725.83
vt 28.9947 0.984252
vt 28.2705 0.984252
f 2456/4903/604 2455/4904/605 2472/4905/605 2471/4906/604 

vt 25.9938 0
vt 26.7024 0
vn -0.781962 0 0.623326
v 7620.44 318.873 7733.71
vt 26.7024 0.984252
vt 25.9938 0.984252
f 2455/4907/605 2454/4908/606 2473/4909/606 2472/4910/605 

vt 22.26 0
vt 22.9942 0
vn -0.632233 0 0.774778
v 7627.27 318.873 7740.46
vt 22.9942 0.984252
vt 22.26 0.984252
f 2454/4911/606 2453/4912/607 2474/4913/607 2473/4914/606 

vt 18.5102 0
vt 19.1224 0
vn -0.480725 0 0.876871
v 7633.93 318.873 7744.91
vt 19.1224 0.984252
vt 18.5102 0.984252
f 2453/4915/607 2452/4916/608 2475/4917/608 2474/4918/607 

vt 14.3552 0
vt 14.9603 0
vn -0.320331 0 0.947306
v 7641.17 318.873 7748.09
vt 14.9603 0.984252
vt 14.3552 0.984252
f 2452/4919/608 2451/4920/609 2476/4921/609 2475/4922/608 

vt 9.78134 0
vt 10.3983 0
vn -0.156354 0 0.987701
v 7649.01 318.873 7749.99
vt 10.3983 0.984252
vt 9.78134 0.984252
f 2451/4923/609 2450/4924/610 2477/4925/610 2476/4926/609 

vt 5.27284 0
vt 5.91937 0
vn 0.00361942 0 0.999993
v 7657.44 318.873 7750.63
vt 5.91937 0.984252
vt 5.27284 0.984252
f 2450/4927/610 2449/4928/611 2478/4929/611 2477/4930/610 

vt 0.827822 0
vt 1.49912 0
vn 0.174195 0 0.984711
v 7666.19 318.873 7749.91
vt 1.49912 0.984252
vt 0.827822 0.984252
f 2449/4931/611 2448/4932/612 2479/4933/612 2478/4934/611 

vt -4.5029 0
vt -3.87525 0
vn 0.361586 0 0.932339
v 7674.11 318.873 7747.74
vt -3.87525 0.984252
vt -4.5029 0.984252
f 2448/4935/612 2447/4936/613 2480/4937/613 2479/4938/612 

vt -10.3347 0
vt -9.7265 0
vn 0.545263 0 0.838265
v 7681.19 318.873 7744.12
vt -9.7265 0.984252
vt -10.3347 0.984252
f 2447/4939/613 2446/4940/614 2481/4941/614 2480/4942/613 

vt -15.8861 0
vt -15.2709 0
vn 0.70209 0 0.712088
v 7687.44 318.873 7739.05
vt -15.2709 0.984252
vt -15.8861 0.984252
f 2446/4943/614 2445/4944/615 2482/4945/615 2481/4946/614 

vt -20.4008 0
vt -19.7916 0
vn 0.828465 0 0.560041
v 7692.55 318.873 7732.93
vt -19.7916 0.984252
vt -20.4008 0.984252
f 2445/4947/615 2444/4948/616 2483/4949/616 2482/4950/615 

vt -24.3109 0
vt -23.7226 0
vn 0.924952 0 0.380084
v 7696.19 318.873 7726.16
vt -23.7226 0.984252
vt -24.3109 0.984252
f 2444/4951/616 2443/4952/617 2484/4953/617 2483/4954/616 

vt -27.3543 0
vt -26.7618 0
vn 0.982377 0 0.186913
v 7698.38 318.873 7718.72
vt -26.7618 0.984252
vt -27.3543 0.984252
f 2443/4955/617 2442/4956/618 2485/4957/618 2484/4958/617 

vt -29.1319 0
vt -28.5107 0
vn 0.999988 0 0.00491389
v 7699.11 318.873 7710.63
vt -28.5107 0.984252
vt -29.1319 0.984252
f 2442/4959/618 2441/4960/619 2486/4961/619 2485/4962/618 

vt -29.6698 0
vt -29.1874 0
vn 0.987112 0 -0.160032
v 7698.61 318.873 7704.34
vt -29.1874 0.984252
vt -29.6698 0.984252
f 2441/4963/619 2440/4964/620 2487/4965/620 2486/4966/619 

vt -29.5037 0
vt -29.0197 0
vn 0.937097 0 -0.349069
v 7697.09 318.873 7698.2
vt -29.0197 0.984252
vt -29.5037 0.984252
f 2440/4967/620 2439/4968/621 2488/4969/621 2487/4970/620 

vt -28.158 0
vt -27.1397 0
vn 0.890775 0 -0.454444
v 7691.04 318.873 7686.33
vt -27.1397 0.984252
vt -28.158 0.984252
f 2439/4971/621 2438/4972/622 2489/4973/622 2488/4974/621 

vt 11.3323 0
vn -0.196595 0 0.980485
vt 14.0274 0
v 7725.6 318.873 7693.26
vt 14.0274 0.984252
vt 11.3323 0.984252
f 2438/4975/623 2437/4976/623 2490/4977/623 2489/4978/623 

vt 27.9007 0
vt 31.8243 0
v 7725.6 318.873 7744.58
vt 31.8243 0.984252
vt 27.9007 0.984252
f 2437/4979/402 2436/4980/402 2491/4981/402 2490/4982/402 

vt 8.71227 0
vt 9.86586 0
v 7740.69 318.873 7744.58
vt 9.86586 0.984252
vt 8.71227 0.984252
f 2436/4983/403 2435/4984/403 2492/4985/403 2491/4986/403 

vt -31.8243 0
vt -26.9349 0
v 7740.69 318.873 7680.63
vt -26.9349 0.984252
vt -31.8243 0.984252
f 2435/4987/391 2434/4988/391 2493/4989/391 2492/4990/391 

vt -14.6864 0
vn 0.185313 0 -0.98268
vt -9.54705 0
v 7674.64 318.873 7668.18
vt -9.54705 0.984252
vt -14.6864 0.984252
f 2434/4991/624 2433/4992/624 2494/4993/624 2493/4994/624 

vt 25.1435 0
vn -0.991633 0 -0.129088
vt 26.2866 0
v 7672.71 318.873 7683
vt 26.2866 0.984252
vt 25.1435 0.984252
f 2433/4995/625 2432/4996/625 2495/4997/625 2494/4998/625 

vt 20.9261 0
vn -0.639357 0 0.76891
vt 21.4244 0
vn -0.729949 0 0.683502
v 7677.72 318.873 7687.17
vt 21.4244 0.984252
vt 20.9261 0.984252
f 2432/4999/626 2431/5000/627 2496/5001/627 2495/5002/626 

vt 25.1683 0
vt 25.6863 0
vn -0.875755 0 0.482756
v 7681.7 318.873 7692.65
vt 25.6863 0.984252
vt 25.1683 0.984252
f 2431/5003/627 2430/5004/628 2497/5005/628 2496/5006/627 

vt 27.8552 0
vt 28.3914 0
vn -0.969109 0 0.246633
v 7684.3 318.873 7699.16
vt 28.3914 0.984252
vt 27.8552 0.984252
f 2430/5007/628 2429/5008/629 2498/5009/629 2497/5010/628 

vt 28.8102 0
vt 29.3691 0
vn -0.999842 0 0.0177571
v 7685.16 318.873 7706.42
vt 29.3691 0.984252
vt 28.8102 0.984252
f 2429/5011/629 2428/5012/630 2499/5013/630 2498/5014/629 

vt 28.3392 0
vt 28.7879 0
vn -0.984318 0 -0.176403
v 7684.68 318.873 7712.27
vt 28.7879 0.984252
vt 28.3392 0.984252
f 2428/5015/630 2427/5016/631 2500/5017/631 2499/5018/630 

vt 26.7826 0
vt 27.2001 0
vn -0.930051 0 -0.367431
v 7683.21 318.873 7717.53
vt 27.2001 0.984252
vt 26.7826 0.984252
f 2427/5019/631 2426/5020/632 2501/5021/632 2500/5022/631 

vt 23.8467 0
vt 24.2499 0
vn -0.831716 0 -0.555201
v 7680.77 318.873 7722.2
vt 24.2499 0.984252
vt 23.8467 0.984252
f 2426/5023/632 2425/5024/633 2502/5025/633 2501/5026/632 

vt 19.7183 0
vt 20.1256 0
vn -0.694933 0 -0.719075
v 7677.36 318.873 7726.29
vt 20.1256 0.984252
vt 19.7183 0.984252
f 2425/5027/633 2424/5028/634 2503/5029/634 2502/5030/633 

vt 14.7397 0
vt 15.1527 0
vn -0.525639 0 -0.850708
v 7673.1 318.873 7729.61
vt 15.1527 0.984252
vt 14.7397 0.984252
f 2424/5031/634 2423/5032/635 2504/5033/635 2503/5034/634 

vt 8.9647 0
vt 9.38591 0
vn -0.338272 0 -0.941048
v 7668.12 318.873 7731.98
vt 9.38591 0.984252
vt 8.9647 0.984252
f 2423/5035/635 2422/5036/636 2505/5037/636 2504/5038/635 

vt 3.30326 0
vt 3.75136 0
vn -0.158919 0 -0.987292
v 7662.44 318.873 7733.4
vt 3.75136 0.984252
vt 3.30326 0.984252
f 2422/5039/636 2421/5040/637 2506/5041/637 2505/5042/636 

vt -1.58301 0
vt -1.09248 0
vn -0.000531985 0 -1
v 7656.04 318.873 7733.88
vt -1.09248 0.984252
vt -1.58301 0.984252
f 2421/5043/637 2420/5044/638 2507/5045/638 2506/5046/637 

vt -5.64371 0
vt -5.1259 0
vn 0.155753 0 -0.987796
v 7649.29 318.873 7733.38
vt -5.1259 0.984252
vt -5.64371 0.984252
f 2420/5047/638 2419/5048/639 2508/5049/639 2507/5050/638 

vt -10.1518 0
vt -9.67543 0
vn 0.329654 0 -0.944102
v 7643.23 318.873 7731.9
vt -9.67543 0.984252
vt -10.1518 0.984252
f 2419/5051/639 2418/5052/640 2509/5053/640 2508/5054/639 

vt -15.1118 0
vt -14.6613 0
vn 0.51026 0 -0.86002
v 7637.88 318.873 7729.44
vt -14.6613 0.984252
vt -15.1118 0.984252
f 2418/5055/640 2417/5056/641 2510/5057/641 2509/5058/640 

vt -19.898 0
vt -19.4552 0
vn 0.67262 0 -0.739988
v 7633.23 318.873 7725.98
vt -19.4552 0.984252
vt -19.898 0.984252
f 2417/5059/641 2416/5060/642 2511/5061/642 2510/5062/641 

vt -23.6739 0
vt -23.2447 0
vn 0.807337 0 -0.59009
v 7629.47 318.873 7721.82
vt -23.2447 0.984252
vt -23.6739 0.984252
f 2416/5063/642 2415/5064/643 2512/5065/643 2511/5066/642 

vt -26.6722 0
vt -26.2646 0
vn 0.913622 0 -0.406565
v 7626.79 318.873 7717.21
vt -26.2646 0.984252
vt -26.6722 0.984252
f 2415/5067/643 2414/5068/644 2513/5069/644 2512/5070/643 

vt -28.673 0
vt -28.2681 0
vn 0.979366 0 -0.202097
v 7625.18 318.873 7712.17
vt -28.2681 0.984252
vt -28.673 0.984252
f 2414/5071/644 2413/5072/645 2514/5073/645 2513/5074/644 

vt -29.307 0
vt -28.8858 0
vn 0.999313 0 0.0370585
v 7624.64 318.873 7706.68
vt -28.8858 0.984252
vt -29.307 0.984252
f 2413/5075/645 2412/5076/646 2515/5077/646 2514/5078/645 

vt -28.3312 0
vt -27.6497 0
vn 0.934976 0 0.354711
v 7626.16 318.873 7697.9
vt -27.6497 0.984252
vt -28.3312 0.984252
f 2412/5079/646 2411/5080/647 2516/5081/647 2515/5082/646 

vt -23.4553 0
vt -22.7901 0
vn 0.732293 0 0.68099
v 7630.73 318.873 7690.5
vt -22.7901 0.984252
vt -23.4553 0.984252
f 2411/5083/647 2410/5084/648 2517/5085/648 2516/5086/647 

vt -15.0404 0
vt -14.3235 0
vn 0.438048 0 0.898952
v 7638.33 318.873 7685.01
vt -14.3235 0.984252
vt -15.0404 0.984252
f 2410/5087/648 2409/5088/649 2518/5089/649 2517/5090/648 

vt -5.59966 0
vt -4.7559 0
vn 0.277214 0 0.960808
v 7648.94 318.873 7681.95
vt -4.7559 0.984252
vt -5.59966 0.984252
f 2409/5091/649 2408/5092/650 2519/5093/650 2518/5094/649 

vt -27.1796 0
vn 0.996436 0 -0.0843544
vt -25.9075 0
v 7647.53 318.873 7665.37
vt -25.9075 0.984252
vt -27.1796 0.984252
f 2408/5095/651 2407/5096/651 2520/5097/651 2519/5098/651 

vt 1.85161 0
vn -0.176638 0 -0.984276
vt 2.45082 0
vt 2.45082 0.984252
vt 1.85161 0.984252
f 2407/5099/652 2406/5100/596 2464/5101/596 2520/5102/652 

vt 25.8738 2.15334
vt 26.0706 1.62475
vt 26.3584 1.15736
vt 26.7371 0.751174
vt 27.1921 0.422535
vt 27.7088 0.187793
vt 28.287 0.0469484
vt 28.9269 0
vt 29.702 0.0746144
vt 30.3907 0.298457
vt 30.993 0.671529
vt 31.5091 1.19383
vt 31.8494 1.70272
vt 32.0926 2.25687
vt 32.2384 2.8563
vt 32.2871 3.50101
vt 32.2317 4.17002
vt 32.0657 4.77532
vt 31.7891 5.3169
vt 31.4017 5.79477
vt 30.9339 6.18503
vt 30.4158 6.46378
vt 29.8474 6.63104
vt 29.2287 6.68679
vt 28.7479 6.64822
vt 28.278 6.53253
vt 27.3709 6.06975
vt 27.9007 8.71227
vt 31.8243 8.71227
vt 31.8243 9.86586
vt 26.9349 9.86586
vt 25.9826 4.81556
vt 27.116 4.66801
vt 27.4346 5.05114
vt 27.8538 5.35547
vt 28.3518 5.55416
vt 28.9068 5.62039
vt 29.3538 5.58308
vt 29.756 5.47116
vt 30.1134 5.28462
vt 30.4259 5.02347
vt 30.6797 4.69777
vt 30.861 4.31757
vt 30.9698 3.88288
vt 31.006 3.3937
vt 30.9683 2.87726
vt 30.8551 2.41449
vt 30.6665 2.00537
vt 30.4024 1.6499
vt 30.0838 1.36234
vt 29.7317 1.15694
vt 29.3461 1.0337
vt 28.9269 0.992622
vt 28.2554 1.10915
vt 27.6895 1.45875
vt 27.2695 2.03974
vt 27.0355 2.85044
vt 25.7679 2.74313
f 2464/5103/35 2463/5104/35 2465/5105/35 2466/5106/35 2467/5107/35 2468/5108/35 2469/5109/35 2470/5110/35 2471/5111/35 2472/5112/35 2473/5113/35 2474/5114/35 2475/5115/35 2476/5116/35 2477/5117/35 2478/5118/35 2479/5119/35 2480/5120/35 2481/5121/35 2482/5122/35 2483/5123/35 2484/5124/35 2485/5125/35 2486/5126/35 2487/5127/35 2488/5128/35 2489/5129/35 2490/5130/35 2491/5131/35 2492/5132/35 2493/5133/35 2494/5134/35 2495/5135/35 2496/5136/35 2497/5137/35 2498/5138/35 2499/5139/35 2500/5140/35 2501/5141/35 2502/5142/35 2503/5143/35 2504/5144/35 2505/5145/35 2506/5146/35 2507/5147/35 2508/5148/35 2509/5149/35 2510/5150/35 2511/5151/35 2512/5152/35 2513/5153/35 2514/5154/35 2515/5155/35 2516/5156/35 2517/5157/35 2518/5158/35 2519/5159/35 2520/5160/35 

g Mesh34 C106_1 Model

v 8320.78 306 7429.91
v 8327.4 306 7432.87
v 8335.01 306 7435.02
v 8330.71 306 7452.04
v 8320.85 306 7448.83
v 8312.24 306 7444.55
v 8304.87 306 7439.2
v 8298.74 306 7432.79
v 8293.92 306 7425.45
v 8290.48 306 7417.34
v 8288.42 306 7408.45
v 8287.73 306 7398.8
v 8288.26 306 7388.89
v 8289.85 306 7379.95
v 8292.49 306 7371.98
v 8296.2 306 7364.98
v 8300.9 306 7358.86
v 8306.56 306 7353.51
v 8313.16 306 7348.94
v 8320.71 306 7345.16
v 8337.36 306 7340.06
v 8355.19 306 7338.36
v 8364.91 306 7338.84
v 8373.99 306 7340.28
v 8382.43 306 7342.68
v 8390.23 306 7346.03
v 8397.26 306 7350.28
v 8403.39 306 7355.33
v 8408.62 306 7361.2
v 8412.95 306 7367.87
v 8416.34 306 7375.14
v 8418.77 306 7382.75
v 8420.23 306 7390.73
v 8420.71 306 7399.06
v 8420.1 306 7408.32
v 8418.26 306 7416.82
v 8415.19 306 7424.55
v 8410.89 306 7431.51
v 8405.48 306 7437.59
v 8399.07 306 7442.68
v 8391.66 306 7446.76
v 8383.26 306 7449.85
v 8379.31 306 7433.09
v 8391.44 306 7427.61
v 8396.07 306 7424.11
v 8399.75 306 7420.11
v 8404.55 306 7410.51
v 8406.15 306 7398.71
v 8404.37 306 7385.1
v 8402.15 306 7379.21
v 8399.05 306 7373.93
v 8390.72 306 7365.45
v 8379.97 306 7359.94
v 8367.81 306 7356.91
v 8355.27 306 7355.9
v 8339.91 306 7357.1
v 8326.63 306 7360.68
v 8315.94 306 7366.79
v 8311.76 306 7370.84
v 8308.34 306 7375.55
v 8303.81 306 7386.05
v 8302.29 306 7397.39
v 8302.81 306 7404.27
v 8304.35 306 7410.59
v 8306.93 306 7416.37
v 8310.54 306 7421.6
v 8315.16 306 7426.16
f 2521/2303/321 2522/2304/321 2523/2305/321 2524/2306/321 2525/2307/321 2526/2308/321 2527/2309/321 2528/2310/321 2529/2311/321 2530/2312/321 2531/2313/321 2532/2314/321 2533/2315/321 2534/2316/321 2535/2317/321 2536/2318/321 2537/2319/321 2538/2320/321 2539/2321/321 2540/2322/321 2541/2323/321 2542/2324/321 2543/2325/321 2544/2326/321 2545/2327/321 2546/2328/321 2547/2329/321 2548/2330/321 2549/2331/321 2550/2332/321 2551/2333/321 2552/2334/321 2553/2335/321 2554/2336/321 2555/2337/321 2556/2338/321 2557/2339/321 2558/2340/321 2559/2341/321 2560/2342/321 2561/2343/321 2562/2344/321 2563/2345/321 2564/2346/321 2565/2347/321 2566/2348/321 2567/2349/321 2568/2350/321 2569/2351/321 2570/2352/321 2571/2353/321 2572/2354/321 2573/2355/321 2574/2356/321 2575/2357/321 2576/2358/321 2577/2359/321 2578/2360/321 2579/2361/321 2580/2362/321 2581/2363/321 2582/2364/321 2583/2365/321 2584/2366/321 2585/2367/321 2586/2368/321 2587/2369/321 

v 8320.78 318.873 7429.91
v 8327.4 318.873 7432.87
f 2522/2370/322 2521/2371/323 2588/2372/323 2589/2373/322 

v 8315.16 318.873 7426.16
f 2521/2374/323 2587/2375/324 2590/2376/324 2588/2377/323 

v 8310.54 318.873 7421.6
f 2587/2378/324 2586/2379/325 2591/2380/325 2590/2381/324 

v 8306.93 318.873 7416.37
f 2586/2382/325 2585/2383/326 2592/2384/326 2591/2385/325 

v 8304.35 318.873 7410.59
f 2585/2386/326 2584/2387/327 2593/2388/327 2592/2389/326 

v 8302.81 318.873 7404.27
f 2584/2390/327 2583/2391/328 2594/2392/328 2593/2393/327 

v 8302.29 318.873 7397.39
f 2583/2394/328 2582/2395/329 2595/2396/329 2594/2397/328 

v 8303.81 318.873 7386.05
f 2582/2398/329 2581/2399/330 2596/2400/330 2595/2401/329 

v 8308.34 318.873 7375.55
f 2581/2402/330 2580/2403/331 2597/2404/331 2596/2405/330 

v 8311.76 318.873 7370.84
f 2580/2406/331 2579/2407/332 2598/2408/332 2597/2409/331 

v 8315.94 318.873 7366.79
f 2579/2410/332 2578/2411/333 2599/2412/333 2598/2413/332 

v 8326.63 318.873 7360.68
f 2578/2414/333 2577/2415/334 2600/2416/334 2599/2417/333 

v 8339.91 318.873 7357.1
f 2577/2418/334 2576/2419/335 2601/2420/335 2600/2421/334 

v 8355.27 318.873 7355.9
f 2576/2422/335 2575/2423/336 2602/2424/336 2601/2425/335 

v 8367.81 318.873 7356.91
f 2575/2426/336 2574/2427/337 2603/2428/337 2602/2429/336 

v 8379.97 318.873 7359.94
f 2574/2430/337 2573/2431/338 2604/2432/338 2603/2433/337 

v 8390.72 318.873 7365.45
f 2573/2434/338 2572/2435/339 2605/2436/339 2604/2437/338 

v 8399.05 318.873 7373.93
f 2572/2438/339 2571/2439/340 2606/2440/340 2605/2441/339 

v 8402.15 318.873 7379.21
f 2571/2442/340 2570/2443/341 2607/2444/341 2606/2445/340 

v 8404.37 318.873 7385.1
f 2570/2446/341 2569/2447/342 2608/2448/342 2607/2449/341 

v 8406.15 318.873 7398.71
f 2569/2450/342 2568/2451/343 2609/2452/343 2608/2453/342 

v 8404.55 318.873 7410.51
f 2568/2454/343 2567/2455/344 2610/2456/344 2609/2457/343 

v 8399.75 318.873 7420.11
f 2567/2458/344 2566/2459/345 2611/2460/345 2610/2461/344 

v 8396.07 318.873 7424.11
f 2566/2462/345 2565/2463/346 2612/2464/346 2611/2465/345 

v 8391.44 318.873 7427.61
f 2565/2466/346 2564/2467/347 2613/2468/347 2612/2469/346 

v 8379.31 318.873 7433.09
f 2564/2470/347 2563/2471/348 2614/2472/348 2613/2473/347 

v 8383.26 318.873 7449.85
f 2563/2474/349 2562/2475/349 2615/2476/349 2614/2477/349 

v 8391.66 318.873 7446.76
f 2562/2478/350 2561/2479/351 2616/2480/351 2615/2481/350 

v 8399.07 318.873 7442.68
f 2561/2482/351 2560/2483/352 2617/2484/352 2616/2485/351 

v 8405.48 318.873 7437.59
f 2560/2486/352 2559/2487/353 2618/2488/353 2617/2489/352 

v 8410.89 318.873 7431.51
f 2559/2490/353 2558/2491/354 2619/2492/354 2618/2493/353 

v 8415.19 318.873 7424.55
f 2558/2494/354 2557/2495/355 2620/2496/355 2619/2497/354 

v 8418.26 318.873 7416.82
f 2557/2498/355 2556/2499/356 2621/2500/356 2620/2501/355 

v 8420.1 318.873 7408.32
f 2556/2502/356 2555/2503/357 2622/2504/357 2621/2505/356 

v 8420.71 318.873 7399.06
f 2555/2506/357 2554/2507/358 2623/2508/358 2622/2509/357 

v 8420.23 318.873 7390.73
f 2554/2510/358 2553/2511/359 2624/2512/359 2623/2513/358 

v 8418.77 318.873 7382.75
f 2553/2514/359 2552/2515/360 2625/2516/360 2624/2517/359 

v 8416.34 318.873 7375.14
f 2552/2518/360 2551/2519/361 2626/2520/361 2625/2521/360 

v 8412.95 318.873 7367.87
f 2551/2522/361 2550/2523/362 2627/2524/362 2626/2525/361 

v 8408.62 318.873 7361.2
f 2550/2526/362 2549/2527/363 2628/2528/363 2627/2529/362 

v 8403.39 318.873 7355.33
f 2549/2530/363 2548/2531/364 2629/2532/364 2628/2533/363 

v 8397.26 318.873 7350.28
f 2548/2534/364 2547/2535/365 2630/2536/365 2629/2537/364 

v 8390.23 318.873 7346.03
f 2547/2538/365 2546/2539/366 2631/2540/366 2630/2541/365 

v 8382.43 318.873 7342.68
f 2546/2542/366 2545/2543/367 2632/2544/367 2631/2545/366 

v 8373.99 318.873 7340.28
f 2545/2546/367 2544/2547/368 2633/2548/368 2632/2549/367 

v 8364.91 318.873 7338.84
f 2544/2550/368 2543/2551/369 2634/2552/369 2633/2553/368 

v 8355.19 318.873 7338.36
f 2543/2554/369 2542/2555/370 2635/2556/370 2634/2557/369 

v 8337.36 318.873 7340.06
f 2542/2558/370 2541/2559/371 2636/2560/371 2635/2561/370 

v 8320.71 318.873 7345.16
f 2541/2562/371 2540/2563/372 2637/2564/372 2636/2565/371 

v 8313.16 318.873 7348.94
f 2540/2566/372 2539/2567/373 2638/2568/373 2637/2569/372 

v 8306.56 318.873 7353.51
f 2539/2570/373 2538/2571/374 2639/2572/374 2638/2573/373 

v 8300.9 318.873 7358.86
f 2538/2574/374 2537/2575/375 2640/2576/375 2639/2577/374 

v 8296.2 318.873 7364.98
f 2537/2578/375 2536/2579/376 2641/2580/376 2640/2581/375 

v 8292.49 318.873 7371.98
f 2536/2582/376 2535/2583/377 2642/2584/377 2641/2585/376 

v 8289.85 318.873 7379.95
f 2535/2586/377 2534/2587/378 2643/2588/378 2642/2589/377 

v 8288.26 318.873 7388.89
f 2534/2590/378 2533/2591/379 2644/2592/379 2643/2593/378 

v 8287.73 318.873 7398.8
f 2533/2594/379 2532/2595/380 2645/2596/380 2644/2597/379 

v 8288.42 318.873 7408.45
f 2532/2598/380 2531/2599/381 2646/2600/381 2645/2601/380 

v 8290.48 318.873 7417.34
f 2531/2602/381 2530/2603/382 2647/2604/382 2646/2605/381 

v 8293.92 318.873 7425.45
f 2530/2606/382 2529/2607/383 2648/2608/383 2647/2609/382 

v 8298.74 318.873 7432.79
f 2529/2610/383 2528/2611/384 2649/2612/384 2648/2613/383 

v 8304.87 318.873 7439.2
f 2528/2614/384 2527/2615/385 2650/2616/385 2649/2617/384 

v 8312.24 318.873 7444.55
f 2527/2618/385 2526/2619/386 2651/2620/386 2650/2621/385 

v 8320.85 318.873 7448.83
f 2526/2622/386 2525/2623/387 2652/2624/387 2651/2625/386 

v 8330.71 318.873 7452.04
f 2525/2626/387 2524/2627/388 2653/2628/388 2652/2629/387 

v 8335.01 318.873 7435.02
f 2524/2630/389 2523/2631/389 2654/2632/389 2653/2633/389 

f 2523/2634/390 2522/2635/322 2589/2636/322 2654/2637/390 

f 2589/2638/35 2588/2639/35 2590/2640/35 2591/2641/35 2592/2642/35 2593/2643/35 2594/2644/35 2595/2645/35 2596/2646/35 2597/2647/35 2598/2648/35 2599/2649/35 2600/2650/35 2601/2651/35 2602/2652/35 2603/2653/35 2604/2654/35 2605/2655/35 2606/2656/35 2607/2657/35 2608/2658/35 2609/2659/35 2610/2660/35 2611/2661/35 2612/2662/35 2613/2663/35 2614/2664/35 2615/2665/35 2616/2666/35 2617/2667/35 2618/2668/35 2619/2669/35 2620/2670/35 2621/2671/35 2622/2672/35 2623/2673/35 2624/2674/35 2625/2675/35 2626/2676/35 2627/2677/35 2628/2678/35 2629/2679/35 2630/2680/35 2631/2681/35 2632/2682/35 2633/2683/35 2634/2684/35 2635/2685/35 2636/2686/35 2637/2687/35 2638/2688/35 2639/2689/35 2640/2690/35 2641/2691/35 2642/2692/35 2643/2693/35 2644/2694/35 2645/2695/35 2646/2696/35 2647/2697/35 2648/2698/35 2649/2699/35 2650/2700/35 2651/2701/35 2652/2702/35 2653/2703/35 2654/2704/35 

g Mesh35 C106_1 Model

v 8419.04 306 7515.9
v 8419.04 306 7526.07
v 8289.92 306 7526.07
v 8289.92 306 7510.28
v 8390.54 306 7510.28
v 8385.1 306 7503.69
v 8379.66 306 7495.33
v 8371.5 306 7478.71
v 8386.76 306 7478.71
v 8393.65 306 7491.12
v 8401.85 306 7501.86
v 8410.58 306 7510.33
f 2655/2705/321 2656/2706/321 2657/2707/321 2658/2708/321 2659/2709/321 2660/2710/321 2661/2711/321 2662/2712/321 2663/2713/321 2664/2714/321 2665/2715/321 2666/2716/321 

v 8419.04 318.873 7515.9
v 8419.04 318.873 7526.07
f 2656/2717/391 2655/2718/391 2667/2719/391 2668/2720/391 

v 8410.58 318.873 7510.33
f 2655/2721/392 2666/2722/393 2669/2723/393 2667/2724/392 

v 8401.85 318.873 7501.86
f 2666/2725/393 2665/2726/394 2670/2727/394 2669/2728/393 

v 8393.65 318.873 7491.12
f 2665/2729/394 2664/2730/395 2671/2731/395 2670/2732/394 

v 8386.76 318.873 7478.71
f 2664/2733/395 2663/2734/396 2672/2735/396 2671/2736/395 

v 8371.5 318.873 7478.71
f 2663/2737/397 2662/2738/397 2673/2739/397 2672/2740/397 

v 8379.66 318.873 7495.33
f 2662/2741/398 2661/2742/399 2674/2743/399 2673/2744/398 

v 8385.1 318.873 7503.69
f 2661/2745/399 2660/2746/400 2675/2747/400 2674/2748/399 

v 8390.54 318.873 7510.28
f 2660/2749/400 2659/2750/401 2676/2751/401 2675/2752/400 

v 8289.92 318.873 7510.28
f 2659/2753/397 2658/2754/397 2677/2755/397 2676/2756/397 

v 8289.92 318.873 7526.07
f 2658/2757/402 2657/2758/402 2678/2759/402 2677/2760/402 

f 2657/2761/403 2656/2762/403 2668/2763/403 2678/2764/403 

f 2668/2765/35 2667/2766/35 2669/2767/35 2670/2768/35 2671/2769/35 2672/2770/35 2673/2771/35 2674/2772/35 2675/2773/35 2676/2774/35 2677/2775/35 2678/2776/35 

g Mesh36 C106_1 Model

v 8373.92 306 7567.68
v 8336.49 306 7567.31
v 8353.34 306 7566.51
f 2679/2777/321 2680/2778/321 2681/2779/321

v 8322.16 306 7569.69
f 2680/2778/321 2679/2777/321 2682/2780/321

v 8390.05 306 7571.2
f 2682/2780/321 2679/2777/321 2683/2781/321

v 8373.92 318.873 7567.68
v 8390.05 318.873 7571.2
f 2683/2782/404 2679/2783/405 2684/2784/405 2685/2785/404 

v 8353.34 318.873 7566.51
f 2679/2786/405 2681/2787/406 2686/2788/406 2684/2789/405 

v 8336.49 318.873 7567.31
f 2681/2790/406 2680/2791/407 2687/2792/407 2686/2793/406 

v 8322.16 318.873 7569.69
f 2680/2794/407 2682/2795/408 2688/2796/408 2687/2797/407 

v 8310.35 306 7573.67
v 8310.35 318.873 7573.67
f 2682/2798/408 2689/2799/409 2690/2800/409 2688/2801/408 

f 2682/2780/321 2683/2781/321 2689/2802/321

v 8402.37 306 7577.04
f 2689/2802/321 2683/2781/321 2691/2803/321

v 8402.37 318.873 7577.04
f 2691/2804/410 2683/2805/404 2685/2806/404 2692/2807/410 

f 2685/2808/35 2690/2809/35 2692/2810/35

f 2685/2808/35 2688/2811/35 2690/2809/35

f 2684/2812/35 2688/2811/35 2685/2808/35

f 2684/2812/35 2687/2813/35 2688/2811/35

f 2687/2813/35 2684/2812/35 2686/2814/35

v 8301.06 318.873 7579.23
f 2692/2810/35 2690/2809/35 2693/2815/35

v 8301.06 306 7579.23
f 2689/2816/409 2694/2817/411 2693/2818/411 2690/2819/409 

f 2689/2802/321 2691/2803/321 2694/2820/321

v 8411.5 306 7585.15
f 2694/2820/321 2691/2803/321 2695/2821/321

v 8411.5 318.873 7585.15
f 2695/2822/412 2691/2823/410 2692/2824/410 2696/2825/412 

f 2692/2810/35 2693/2815/35 2696/2826/35

v 8367.93 318.873 7583.25
f 2696/2826/35 2693/2815/35 2697/2827/35

v 8353.34 318.873 7582.74
f 2697/2827/35 2693/2815/35 2698/2828/35

v 8338.84 318.873 7583.2
f 2693/2815/35 2699/2829/35 2698/2828/35

v 8295.23 318.873 7585.04
f 2699/2829/35 2693/2815/35 2700/2830/35

v 8295.23 306 7585.04
f 2694/2831/411 2701/2832/413 2700/2833/413 2693/2834/411 

v 8338.84 306 7583.2
f 2694/2820/321 2702/2835/321 2701/2836/321

v 8353.34 306 7582.74
f 2702/2835/321 2694/2820/321 2703/2837/321

v 8367.93 306 7583.25
f 2694/2820/321 2704/2838/321 2703/2837/321

f 2694/2820/321 2695/2821/321 2704/2838/321

v 8380.03 306 7584.78
f 2704/2838/321 2695/2821/321 2705/2839/321

v 8389.64 306 7587.33
f 2705/2839/321 2695/2821/321 2706/2840/321

v 8414.8 306 7590.08
f 2706/2840/321 2695/2821/321 2707/2841/321

v 8414.8 318.873 7590.08
f 2707/2842/414 2695/2843/412 2696/2844/412 2708/2845/414 

v 8389.64 318.873 7587.33
f 2696/2826/35 2709/2846/35 2708/2847/35

v 8380.03 318.873 7584.78
f 2696/2826/35 2710/2848/35 2709/2846/35

f 2696/2826/35 2697/2827/35 2710/2848/35

f 2704/2849/415 2705/2850/416 2710/2851/416 2697/2852/415 

f 2705/2853/416 2706/2854/417 2709/2855/417 2710/2856/416 

v 8396.76 306 7590.9
v 8396.76 318.873 7590.9
f 2706/2857/417 2711/2858/418 2712/2859/418 2709/2860/417 

f 2706/2840/321 2707/2841/321 2711/2861/321

v 8417.16 306 7595.6
f 2711/2861/321 2707/2841/321 2713/2862/321

v 8417.16 318.873 7595.6
f 2713/2863/419 2707/2864/414 2708/2865/414 2714/2866/419 

f 2708/2847/35 2712/2867/35 2714/2868/35

f 2708/2847/35 2709/2846/35 2712/2867/35

v 8400.79 318.873 7594.42
f 2714/2868/35 2712/2867/35 2715/2869/35

v 8400.79 306 7594.42
f 2711/2870/418 2716/2871/420 2715/2872/420 2712/2873/418 

f 2711/2861/321 2713/2862/321 2716/2874/321

v 8403.67 306 7598.48
f 2716/2874/321 2713/2862/321 2717/2875/321

v 8418.57 306 7601.72
f 2717/2875/321 2713/2862/321 2718/2876/321

v 8418.57 318.873 7601.72
f 2718/2877/421 2713/2878/419 2714/2879/419 2719/2880/421 

v 8403.67 318.873 7598.48
f 2714/2868/35 2720/2881/35 2719/2882/35

f 2714/2868/35 2715/2869/35 2720/2881/35

f 2716/2883/420 2717/2884/422 2720/2885/422 2715/2886/420 

v 8405.4 306 7603.1
v 8405.4 318.873 7603.1
f 2717/2887/422 2721/2888/423 2722/2889/423 2720/2890/422 

f 2717/2875/321 2718/2876/321 2721/2891/321

v 8419.04 306 7608.44
f 2721/2891/321 2718/2876/321 2723/2892/321

v 8419.04 318.873 7608.44
f 2723/2893/424 2718/2894/421 2719/2895/421 2724/2896/424 

f 2719/2882/35 2722/2897/35 2724/2898/35

f 2719/2882/35 2720/2881/35 2722/2897/35

v 8405.97 318.873 7608.27
f 2724/2898/35 2722/2897/35 2725/2899/35

v 8405.97 306 7608.27
f 2721/2900/423 2726/2901/425 2725/2902/425 2722/2903/423 

f 2721/2891/321 2723/2892/321 2726/2904/321

v 8405.32 306 7613.56
f 2726/2904/321 2723/2892/321 2727/2905/321

v 8418 306 7618.16
f 2727/2905/321 2723/2892/321 2728/2906/321

v 8418 318.873 7618.16
f 2728/2907/426 2723/2908/424 2724/2909/424 2729/2910/426 

v 8405.32 318.873 7613.56
f 2724/2898/35 2730/2911/35 2729/2912/35

f 2724/2898/35 2725/2899/35 2730/2911/35

f 2726/2913/425 2727/2914/427 2730/2915/427 2725/2916/425 

v 8403.37 306 7618.41
v 8403.37 318.873 7618.41
f 2727/2917/427 2731/2918/428 2732/2919/428 2730/2920/427 

f 2727/2905/321 2728/2906/321 2731/2921/321

v 8414.88 306 7626.6
f 2731/2921/321 2728/2906/321 2733/2922/321

v 8414.88 318.873 7626.6
f 2733/2923/429 2728/2924/426 2729/2925/426 2734/2926/429 

f 2729/2912/35 2732/2927/35 2734/2928/35

f 2729/2912/35 2730/2911/35 2732/2927/35

v 8400.1 318.873 7622.8
f 2734/2928/35 2732/2927/35 2735/2929/35

v 8400.1 306 7622.8
f 2731/2930/428 2736/2931/430 2735/2932/430 2732/2933/428 

f 2731/2921/321 2733/2922/321 2736/2934/321

v 8395.54 306 7626.73
f 2736/2934/321 2733/2922/321 2737/2935/321

v 8409.79 306 7633.73
f 2737/2935/321 2733/2922/321 2738/2936/321

v 8409.79 318.873 7633.73
f 2738/2937/431 2733/2938/429 2734/2939/429 2739/2940/431 

v 8395.54 318.873 7626.73
f 2734/2928/35 2740/2941/35 2739/2942/35

f 2734/2928/35 2735/2929/35 2740/2941/35

f 2736/2943/430 2737/2944/432 2740/2945/432 2735/2946/430 

v 8388.98 306 7629.97
v 8388.98 318.873 7629.97
f 2737/2947/432 2741/2948/433 2742/2949/433 2740/2950/432 

f 2737/2935/321 2738/2936/321 2741/2951/321

v 8379.77 306 7632.29
f 2741/2951/321 2738/2936/321 2743/2952/321

v 8367.89 306 7633.68
f 2743/2952/321 2738/2936/321 2744/2953/321

v 8353.34 306 7634.14
f 2744/2953/321 2738/2936/321 2745/2954/321

v 8402.86 306 7639.49
f 2745/2954/321 2738/2936/321 2746/2955/321

v 8402.86 318.873 7639.49
f 2746/2956/434 2738/2957/431 2739/2958/431 2747/2959/434 

v 8353.34 318.873 7634.14
f 2739/2942/35 2748/2960/35 2747/2961/35

v 8367.89 318.873 7633.68
f 2739/2942/35 2749/2962/35 2748/2960/35

v 8379.77 318.873 7632.29
f 2739/2942/35 2750/2963/35 2749/2962/35

f 2739/2942/35 2742/2964/35 2750/2963/35

f 2739/2942/35 2740/2941/35 2742/2964/35

f 2741/2965/433 2743/2966/435 2750/2967/435 2742/2968/433 

f 2743/2969/435 2744/2970/436 2749/2971/436 2750/2972/435 

f 2744/2973/436 2745/2974/437 2748/2975/437 2749/2976/436 

v 8338.87 306 7633.68
v 8338.87 318.873 7633.68
f 2745/2977/437 2751/2978/438 2752/2979/438 2748/2980/437 

v 8304.49 306 7639.92
f 2753/2981/321 2751/2982/321 2745/2954/321

v 8327.03 306 7632.29
f 2753/2981/321 2754/2983/321 2751/2982/321

v 8295.32 306 7631.82
f 2755/2984/321 2754/2983/321 2753/2981/321

v 8317.82 306 7629.97
f 2755/2984/321 2756/2985/321 2754/2983/321

v 8292 306 7626.89
f 2757/2986/321 2756/2985/321 2755/2984/321

v 8311.24 306 7626.73
f 2757/2986/321 2758/2987/321 2756/2985/321

v 8306.63 306 7622.81
f 2757/2986/321 2759/2988/321 2758/2987/321

v 8289.63 306 7621.35
f 2760/2989/321 2759/2988/321 2757/2986/321

v 8303.35 306 7618.45
f 2760/2989/321 2761/2990/321 2759/2988/321

v 8288.21 306 7615.2
f 2762/2991/321 2761/2990/321 2760/2989/321

v 8301.37 306 7613.66
f 2762/2991/321 2763/2992/321 2761/2990/321

v 8287.73 306 7608.44
f 2764/2993/321 2763/2992/321 2762/2991/321

v 8300.71 306 7608.44
f 2764/2993/321 2765/2994/321 2763/2992/321

v 8301.37 306 7603.22
f 2764/2993/321 2766/2995/321 2765/2994/321

v 8288.56 306 7599.64
f 2767/2996/321 2766/2995/321 2764/2993/321

v 8303.33 306 7598.43
f 2767/2996/321 2768/2997/321 2766/2995/321

v 8306.61 306 7594.07
f 2767/2996/321 2769/2998/321 2768/2997/321

v 8291.06 306 7591.84
f 2770/2999/321 2769/2998/321 2767/2996/321

v 8311.2 306 7590.15
f 2770/2999/321 2771/3000/321 2769/2998/321

v 8317.76 306 7586.91
f 2770/2999/321 2772/3001/321 2771/3000/321

f 2701/2836/321 2772/3001/321 2770/2999/321

v 8326.97 306 7584.59
f 2701/2836/321 2773/3002/321 2772/3001/321

f 2701/2836/321 2702/2835/321 2773/3002/321

v 8326.97 318.873 7584.59
f 2773/3003/439 2702/3004/440 2699/3005/440 2774/3006/439 

f 2702/3007/440 2703/3008/441 2698/3009/441 2699/3010/440 

f 2703/3011/441 2704/3012/415 2697/3013/415 2698/3014/441 

f 2699/2829/35 2700/2830/35 2774/3015/35

v 8317.76 318.873 7586.91
f 2774/3015/35 2700/2830/35 2775/3016/35

v 8291.06 318.873 7591.84
f 2775/3016/35 2700/2830/35 2776/3017/35

f 2701/3018/413 2770/3019/442 2776/3020/442 2700/3021/413 

v 8288.56 318.873 7599.64
f 2770/3022/442 2767/3023/443 2777/3024/443 2776/3025/442 

v 8287.73 318.873 7608.44
f 2767/3026/443 2764/3027/444 2778/3028/444 2777/3029/443 

v 8288.21 318.873 7615.2
f 2764/3030/444 2762/3031/445 2779/3032/445 2778/3033/444 

v 8289.63 318.873 7621.35
f 2762/3034/445 2760/3035/446 2780/3036/446 2779/3037/445 

v 8292 318.873 7626.89
f 2760/3038/446 2757/3039/447 2781/3040/447 2780/3041/446 

v 8295.32 318.873 7631.82
f 2757/3042/447 2755/3043/448 2782/3044/448 2781/3045/447 

v 8304.49 318.873 7639.92
f 2755/3046/448 2753/3047/449 2783/3048/449 2782/3049/448 

v 8316.81 306 7645.72
v 8316.81 318.873 7645.72
f 2753/3050/449 2784/3051/450 2785/3052/450 2783/3053/449 

v 8394.15 306 7644.03
f 2753/2981/321 2786/3054/321 2784/3055/321

f 2753/2981/321 2746/2955/321 2786/3054/321

f 2753/2981/321 2745/2954/321 2746/2955/321

v 8394.15 318.873 7644.03
f 2786/3056/451 2746/3057/434 2747/3058/434 2787/3059/451 

f 2747/2961/35 2783/3060/35 2787/3061/35

f 2748/2960/35 2783/3060/35 2747/2961/35

f 2752/3062/35 2783/3060/35 2748/2960/35

v 8327.03 318.873 7632.29
f 2788/3063/35 2783/3060/35 2752/3062/35

f 2788/3063/35 2782/3064/35 2783/3060/35

v 8317.82 318.873 7629.97
f 2789/3065/35 2782/3064/35 2788/3063/35

f 2789/3065/35 2781/3066/35 2782/3064/35

v 8311.24 318.873 7626.73
f 2790/3067/35 2781/3066/35 2789/3065/35

v 8306.63 318.873 7622.81
f 2791/3068/35 2781/3066/35 2790/3067/35

f 2791/3068/35 2780/3069/35 2781/3066/35

v 8303.35 318.873 7618.45
f 2792/3070/35 2780/3069/35 2791/3068/35

f 2792/3070/35 2779/3071/35 2780/3069/35

v 8301.37 318.873 7613.66
f 2793/3072/35 2779/3071/35 2792/3070/35

v 8300.71 318.873 7608.44
f 2794/3073/35 2779/3071/35 2793/3072/35

f 2794/3073/35 2778/3074/35 2779/3071/35

v 8301.37 318.873 7603.22
f 2795/3075/35 2778/3074/35 2794/3073/35

f 2795/3075/35 2777/3076/35 2778/3074/35

v 8303.33 318.873 7598.43
f 2796/3077/35 2777/3076/35 2795/3075/35

v 8306.61 318.873 7594.07
f 2797/3078/35 2777/3076/35 2796/3077/35

f 2797/3078/35 2776/3017/35 2777/3076/35

v 8311.2 318.873 7590.15
f 2798/3079/35 2776/3017/35 2797/3078/35

f 2775/3016/35 2776/3017/35 2798/3079/35

f 2771/3080/452 2772/3081/453 2775/3082/453 2798/3083/452 

f 2772/3084/453 2773/3085/439 2774/3086/439 2775/3087/453 

f 2769/3088/454 2771/3089/452 2798/3090/452 2797/3091/454 

f 2768/3092/455 2769/3093/454 2797/3094/454 2796/3095/455 

f 2766/3096/456 2768/3097/455 2796/3098/455 2795/3099/456 

f 2765/3100/457 2766/3101/456 2795/3102/456 2794/3103/457 

f 2763/3104/458 2765/3105/457 2794/3106/457 2793/3107/458 

f 2761/3108/459 2763/3109/458 2793/3110/458 2792/3111/459 

f 2759/3112/460 2761/3113/459 2792/3114/459 2791/3115/460 

f 2758/3116/461 2759/3117/460 2791/3118/460 2790/3119/461 

f 2756/3120/462 2758/3121/461 2790/3122/461 2789/3123/462 

f 2754/3124/463 2756/3125/462 2789/3126/462 2788/3127/463 

f 2751/3128/438 2754/3129/463 2788/3130/463 2752/3131/438 

f 2787/3061/35 2783/3060/35 2785/3132/35

v 8383.74 318.873 7647.47
f 2787/3061/35 2785/3132/35 2799/3133/35

v 8332.89 318.873 7649.21
f 2799/3133/35 2785/3132/35 2800/3134/35

v 8332.89 306 7649.21
f 2784/3135/450 2801/3136/464 2800/3137/464 2785/3138/450 

v 8383.74 306 7647.47
f 2784/3055/321 2802/3139/321 2801/3140/321

f 2784/3055/321 2786/3054/321 2802/3139/321

f 2802/3141/465 2786/3142/451 2787/3143/451 2799/3144/465 

v 8370.5 306 7649.65
v 8370.5 318.873 7649.65
f 2803/3145/466 2802/3146/465 2799/3147/465 2804/3148/466 

f 2801/3140/321 2802/3139/321 2803/3149/321

v 8353.34 306 7650.37
f 2801/3140/321 2803/3149/321 2805/3150/321

v 8353.34 318.873 7650.37
f 2805/3151/467 2803/3152/466 2804/3153/466 2806/3154/467 

f 2804/3155/35 2800/3134/35 2806/3156/35

f 2799/3133/35 2800/3134/35 2804/3155/35

f 2801/3157/464 2805/3158/467 2806/3159/467 2800/3160/464 

g Mesh37 C106_1 Model

v 8404.31 306 7679.49
vt -26.7673 8.91348
v 8373.32 306 7682.63
vt -27.007 6.54427
v 8356.24 306 7681.42
vt -26.9148 5.2381
f 2807/5161/321 2808/5162/321 2809/5163/321

v 8410.76 306 7686.02
vt -27.2665 9.40644
f 2808/5162/321 2807/5161/321 2810/5164/321

vt -26.0112 0
vn 0.788294 0 -0.615298
vt -25.3096 0
vn 0.623283 0 -0.781996
v 8404.31 318.873 7679.49
vt -25.3096 0.984252
v 8410.76 318.873 7686.02
vt -26.0112 0.984252
f 2810/5165/653 2807/5166/654 2811/5167/654 2812/5168/653 

vt -21.6647 0
v 8394.57 306 7673.47
vt -20.7893 0
vn 0.431002 0 -0.902351
v 8394.57 318.873 7673.47
vt -20.7893 0.984252
vt -21.6647 0.984252
f 2807/5169/654 2813/5170/655 2814/5171/655 2811/5172/654 

v 8302.25 306 7678.18
vt -26.6667 1.10999
vt -26.3066 8.16901
f 2815/5173/321 2813/5174/321 2807/5161/321

v 8310.68 306 7672.73
vt -26.25 1.7549
f 2816/5175/321 2813/5174/321 2815/5173/321

v 8382.29 306 7669.16
vt -25.9775 7.23005
f 2816/5175/321 2817/5176/321 2813/5174/321

v 8321.47 306 7668.83
vt -25.9524 2.57964
f 2818/5177/321 2817/5176/321 2816/5175/321

v 8367.47 306 7666.58
vt -25.7801 6.09658
f 2818/5177/321 2819/5178/321 2817/5176/321

v 8334.61 306 7666.5
vt -25.7738 3.58421
f 2820/5179/321 2819/5178/321 2818/5177/321

v 8350.1 306 7665.72
vt -25.7143 4.76861
f 2819/5178/321 2820/5179/321 2821/5180/321

vt -3.47192 0
vn -0.000348388 0 -1
vt -2.28602 0
vn -0.112827 0 -0.993615
v 8334.61 318.873 7666.5
vt -2.28602 0.984252
v 8350.1 318.873 7665.72
vt -3.47192 0.984252
f 2821/5181/656 2820/5182/657 2822/5183/657 2823/5184/656 

vt 0.981926 0
vt 2.00224 0
vn -0.258164 0 -0.966101
v 8321.47 318.873 7668.83
vt 2.00224 0.984252
vt 0.981926 0.984252
f 2820/5185/657 2818/5186/658 2824/5187/658 2822/5188/657 

vt 6.38276 0
vt 7.25956 0
vn -0.44392 0 -0.896066
v 8310.68 318.873 7672.73
vt 7.25956 0.984252
vt 6.38276 0.984252
f 2818/5189/658 2816/5190/659 2825/5191/659 2824/5192/658 

vt 12.7712 0
vt 13.539 0
vn -0.638254 0 -0.769826
v 8302.25 318.873 7678.18
vt 13.539 0.984252
vt 12.7712 0.984252
f 2816/5193/659 2815/5194/660 2826/5195/660 2825/5196/659 

vt 18.5651 0
v 8295.9 306 7684.86
vt 19.27 0
vn -0.796533 0 -0.604596
v 8295.9 318.873 7684.86
vt 19.27 0.984252
vt 18.5651 0.984252
f 2815/5197/660 2827/5198/661 2828/5199/661 2826/5200/660 

vt -27.1776 0.624371
f 2815/5173/321 2809/5163/321 2827/5201/321

f 2815/5173/321 2807/5161/321 2809/5163/321

v 8331.59 306 7683.88
vt -27.1026 3.35345
f 2827/5201/321 2809/5163/321 2829/5202/321

v 8337.52 306 7684.34
vt -27.1382 3.8068
f 2809/5163/321 2830/5203/321 2829/5202/321

v 8363.8 306 7687.76
vt -27.3994 5.81657
f 2830/5203/321 2809/5163/321 2831/5204/321

vt -22.0534 0
vn 0.736978 0 -0.675917
vt -21.2988 0
vn 0.642149 0 -0.76658
v 8356.24 318.873 7681.42
vt -21.2988 0.984252
v 8363.8 318.873 7687.76
vt -22.0534 0.984252
f 2831/5205/662 2809/5206/663 2832/5207/663 2833/5208/662 

vt 7.12065 0
vn -0.070428 0 0.997517
vt 8.43007 0
vn -0.160897 0 0.986971
v 8373.32 318.873 7682.63
vt 8.43007 0.984252
vt 7.12065 0.984252
f 2809/5209/664 2808/5210/665 2834/5211/665 2832/5212/664 

vt 13.089 0
v 8385.98 306 7685.9
vt 14.0882 0
vn -0.370173 0 0.928963
v 8385.98 318.873 7685.9
vt 14.0882 0.984252
vt 13.089 0.984252
f 2808/5213/665 2835/5214/666 2836/5215/666 2834/5216/665 

vt -27.2569 7.51174
f 2808/5162/321 2810/5164/321 2835/5217/321

v 8395.16 306 7690.98
vt -27.6459 8.21429
f 2835/5217/321 2810/5164/321 2837/5218/321

v 8415.36 306 7693.59
vt -27.8454 9.75855
f 2837/5218/321 2810/5164/321 2838/5219/321

vt -28.8614 0
vn 0.909609 0 -0.415466
vt -28.1838 0
vt -28.1838 0.984252
v 8415.36 318.873 7693.59
vt -28.8614 0.984252
f 2838/5220/667 2810/5221/653 2812/5222/653 2839/5223/667 

vt 27.2665 9.40644
v 8395.16 318.873 7690.98
vt 27.6459 8.21429
vt 27.8454 9.75855
f 2812/5224/35 2840/5225/35 2839/5226/35

vt 27.2569 7.51174
f 2812/5224/35 2836/5227/35 2840/5225/35

vt 27.007 6.54427
f 2812/5224/35 2834/5228/35 2836/5227/35

vt 26.7673 8.91348
f 2811/5229/35 2834/5228/35 2812/5224/35

vt 26.9148 5.2381
f 2834/5228/35 2811/5229/35 2832/5230/35

vt 26.6667 1.10999
f 2811/5229/35 2826/5231/35 2832/5230/35

vt 26.3066 8.16901
f 2814/5232/35 2826/5231/35 2811/5229/35

vt 26.25 1.7549
f 2814/5232/35 2825/5233/35 2826/5231/35

v 8382.29 318.873 7669.16
vt 25.9775 7.23005
f 2841/5234/35 2825/5233/35 2814/5232/35

vt 25.9524 2.57964
f 2841/5234/35 2824/5235/35 2825/5233/35

v 8367.47 318.873 7666.58
vt 25.7801 6.09658
f 2842/5236/35 2824/5235/35 2841/5234/35

vt 25.7738 3.58421
f 2842/5236/35 2822/5237/35 2824/5235/35

vt 25.7143 4.76861
f 2822/5237/35 2842/5236/35 2823/5238/35

vt -7.36515 0
vn 0.110759 0 -0.993847
vt -6.03556 0
vt -6.03556 0.984252
vt -7.36515 0.984252
f 2819/5239/668 2821/5240/656 2823/5241/656 2842/5242/668 

vt -11.5806 0
vn 0.252017 0 -0.967723
vt -10.4301 0
vt -10.4301 0.984252
vt -11.5806 0.984252
f 2817/5243/669 2819/5244/668 2842/5245/668 2841/5246/669 

vt -16.4096 0
vt -15.4146 0
vt -15.4146 0.984252
vt -16.4096 0.984252
f 2813/5247/655 2817/5248/669 2841/5249/669 2814/5250/655 

vt 27.1776 0.624371
f 2832/5230/35 2826/5231/35 2828/5251/35

v 8331.59 318.873 7683.88
vt 27.1026 3.35345
f 2832/5230/35 2828/5251/35 2843/5252/35

v 8323.61 318.873 7684.74
vt 27.1688 2.74313
f 2843/5252/35 2828/5251/35 2844/5253/35

v 8315.98 318.873 7687.34
vt 27.3675 2.15962
f 2844/5253/35 2828/5251/35 2845/5254/35

v 8291.36 318.873 7692.45
vt 27.7582 0.277498
f 2845/5254/35 2828/5251/35 2846/5255/35

vt 23.0104 0
v 8291.36 306 7692.45
vt 23.6867 0
vn -0.911375 0 -0.411577
vt 23.6867 0.984252
vt 23.0104 0.984252
f 2827/5256/661 2847/5257/670 2846/5258/670 2828/5259/661 

v 8315.98 306 7687.34
vt -27.3675 2.15962
vt -27.7582 0.277498
f 2827/5201/321 2848/5260/321 2847/5261/321

v 8323.61 306 7684.74
vt -27.1688 2.74313
f 2827/5201/321 2849/5262/321 2848/5260/321

f 2827/5201/321 2829/5202/321 2849/5262/321

vt -0.203945 0
vn 0.216422 0 0.9763
vt 0.409967 0
vn 0.0148296 0 0.99989
vt 0.409967 0.984252
vt -0.203945 0.984252
f 2849/5263/671 2829/5264/672 2843/5265/672 2844/5266/671 

vt 5.46671 0
vt 5.92146 0
vn -0.166654 0 0.986015
v 8337.52 318.873 7684.34
vt 5.92146 0.984252
vt 5.46671 0.984252
f 2829/5267/672 2830/5268/673 2850/5269/673 2843/5270/672 

v 8342.85 306 7685.74
vt 10.987 0
vn -0.349377 0 0.936982
v 8342.85 318.873 7685.74
vt 10.987 0.984252
f 2830/3238/673 2851/5271/674 2852/5272/674 2850/3239/673 

vt -27.2451 4.21445
f 2830/5203/321 2831/5204/321 2851/5273/321

v 8347.58 306 7688.07
vt -27.4233 4.57642
f 2851/5273/321 2831/5204/321 2853/5274/321

v 8369.13 306 7695.37
vt -27.9812 6.22401
f 2853/5274/321 2831/5204/321 2854/5275/321

vt -26.4902 0
vn 0.884946 0 -0.465693
vt -25.7799 0
vt -25.7799 0.984252
v 8369.13 318.873 7695.37
vt -26.4902 0.984252
f 2854/5276/675 2831/5277/662 2833/5278/662 2855/5279/675 

vt 27.3994 5.81657
v 8347.58 318.873 7688.07
vt 27.4233 4.57642
vt 27.9812 6.22401
f 2833/5280/35 2856/5281/35 2855/5282/35

vt 27.2451 4.21445
f 2833/5280/35 2852/5283/35 2856/5281/35

vt 27.1382 3.8068
f 2833/5280/35 2850/5284/35 2852/5283/35

f 2832/5230/35 2850/5284/35 2833/5280/35

f 2850/5284/35 2832/5230/35 2843/5252/35

vt 15.8126 0
vt 16.216 0
vn -0.533356 0 0.845891
vt 16.216 0.984252
vt 15.8126 0.984252
f 2851/5285/674 2853/5286/676 2856/5287/676 2852/5288/674 

vt 20.5746 0
v 8351.72 306 7691.33
vt 20.9774 0
vn -0.69311 0 0.720832
v 8351.72 318.873 7691.33
vt 20.9774 0.984252
vt 20.5746 0.984252
f 2853/5289/676 2857/5290/677 2858/5291/677 2856/5292/676 

vt -27.6727 4.89269
f 2853/5274/321 2854/5275/321 2857/5293/321

v 8355.08 306 7695.26
vt -27.9733 5.14944
f 2857/5293/321 2854/5275/321 2859/5294/321

v 8357.48 306 7699.6
vt -28.3048 5.33283
f 2859/5294/321 2854/5275/321 2860/5295/321

v 8372.29 306 7703.81
vt -28.6268 6.46546
f 2860/5295/321 2854/5275/321 2861/5296/321

vt -29.0776 0
vn 0.971757 0 -0.235985
vt -28.3884 0
vt -28.3884 0.984252
v 8372.29 318.873 7703.81
vt -29.0776 0.984252
f 2861/5297/678 2854/5298/675 2855/5299/675 2862/5300/678 

v 8357.48 318.873 7699.6
vt 28.3048 5.33283
vt 28.6268 6.46546
f 2855/5282/35 2863/5301/35 2862/5302/35

v 8355.08 318.873 7695.26
vt 27.9733 5.14944
f 2855/5282/35 2864/5303/35 2863/5301/35

vt 27.6727 4.89269
f 2855/5282/35 2858/5304/35 2864/5303/35

f 2855/5282/35 2856/5281/35 2858/5304/35

vt 24.2186 0
vt 24.6139 0
vn -0.821883 0 0.569657
vt 24.6139 0.984252
vt 24.2186 0.984252
f 2857/5305/677 2859/5306/679 2864/5307/679 2858/5308/677 

vt 26.9708 0
vt 27.3498 0
vn -0.921089 0 0.389351
vt 27.3498 0.984252
vt 26.9708 0.984252
f 2859/5309/679 2860/5310/680 2863/5311/680 2864/5312/679 

vt 28.6337 0
v 8358.92 306 7704.34
vt 29.0126 0
vn -0.981284 0 0.192565
v 8358.92 318.873 7704.34
vt 29.0126 0.984252
vt 28.6337 0.984252
f 2860/5313/680 2865/5314/681 2866/5315/681 2863/5316/680 

vt -28.6674 5.44287
f 2860/5295/321 2861/5296/321 2865/5317/321

v 8373.34 306 7712.65
vt -29.3025 6.54594
f 2865/5317/321 2861/5296/321 2867/5318/321

vt -29.871 0
vn 0.999932 0 -0.0116363
vt -29.1905 0
vt -29.1905 0.984252
v 8373.34 318.873 7712.65
vt -29.871 0.984252
f 2867/5319/682 2861/5320/678 2862/5321/678 2868/5322/682 

vt 28.6674 5.44287
vt 29.3025 6.54594
f 2862/5302/35 2866/5323/35 2868/5324/35

f 2862/5302/35 2863/5301/35 2866/5323/35

v 8359.4 318.873 7709.49
vt 29.061 5.47954
f 2868/5324/35 2866/5323/35 2869/5325/35

vt 29.0488 0
v 8359.4 306 7709.49
vt 29.4441 0
vn -1 0 0.000147109
vt 29.4441 0.984252
vt 29.0488 0.984252
f 2865/5326/681 2870/5327/683 2869/5328/683 2866/5329/681 

vt -29.061 5.47954
f 2865/5317/321 2867/5318/321 2870/5330/321

v 8358.92 306 7714.66
vt -29.4559 5.44287
f 2870/5330/321 2867/5318/321 2871/5331/321

v 8372.62 306 7720.25
vt -29.8837 6.4904
f 2871/5331/321 2867/5318/321 2872/5332/321

vt -29.1307 0
vn 0.980414 0 0.196949
vt -28.5469 0
vt -28.5469 0.984252
v 8372.62 318.873 7720.25
vt -29.1307 0.984252
f 2872/5333/684 2867/5334/682 2868/5335/682 2873/5336/684 

v 8358.92 318.873 7714.66
vt 29.4559 5.44287
vt 29.8837 6.4904
f 2868/5324/35 2874/5337/35 2873/5338/35

f 2868/5324/35 2869/5325/35 2874/5337/35

vt 28.4297 0
vt 28.8262 0
vn -0.981094 0 -0.193532
vt 28.8262 0.984252
vt 28.4297 0.984252
f 2870/5339/683 2871/5340/685 2874/5341/685 2869/5342/683 

vt 26.5748 0
v 8357.48 306 7719.36
vt 26.9509 0
vn -0.918832 0 -0.39465
v 8357.48 318.873 7719.36
vt 26.9509 0.984252
vt 26.5748 0.984252
f 2871/5343/685 2875/5344/686 2876/5345/686 2874/5346/685 

vt -29.8156 5.33283
f 2871/5331/321 2872/5332/321 2875/5347/321

v 8355.08 306 7723.6
vt -30.14 5.14944
f 2875/5347/321 2872/5332/321 2877/5348/321

v 8370.44 306 7727.27
vt -30.42 6.32378
f 2877/5348/321 2872/5332/321 2878/5349/321

vt -27.1743 0
vn 0.91801 0 0.396557
vt -26.6126 0
vt -26.6126 0.984252
v 8370.44 318.873 7727.27
vt -27.1743 0.984252
f 2878/5350/687 2872/5351/684 2873/5352/684 2879/5353/687 

v 8355.08 318.873 7723.6
vt 30.14 5.14944
vt 30.42 6.32378
f 2873/5338/35 2880/5354/35 2879/5355/35

vt 29.8156 5.33283
f 2873/5338/35 2876/5356/35 2880/5354/35

f 2873/5338/35 2874/5337/35 2876/5356/35

vt 23.3318 0
vt 23.7045 0
vn -0.813751 0 -0.581214
vt 23.7045 0.984252
vt 23.3318 0.984252
f 2875/5357/686 2877/5358/688 2880/5359/688 2876/5360/686 

vt 19.1219 0
v 8351.72 306 7727.39
vt 19.5087 0
vn -0.675385 0 -0.737466
v 8351.72 318.873 7727.39
vt 19.5087 0.984252
vt 19.1219 0.984252
f 2877/5361/688 2881/5362/689 2882/5363/689 2880/5364/688 

vt -30.4292 4.89269
f 2877/5348/321 2878/5349/321 2881/5365/321

v 8366.81 306 7733.69
vt -30.9115 6.04607
f 2881/5365/321 2878/5349/321 2883/5366/321

vt -23.9383 0
vn 0.816607 0 0.577194
vt -23.3738 0
vt -23.3738 0.984252
v 8366.81 318.873 7733.69
vt -23.9383 0.984252
f 2883/5367/690 2878/5368/687 2879/5369/687 2884/5370/690 

vt 30.4292 4.89269
vt 30.9115 6.04607
f 2879/5355/35 2882/5371/35 2884/5372/35

f 2879/5355/35 2880/5354/35 2882/5371/35

v 8347.53 318.873 7730.49
vt 30.6669 4.57223
f 2884/5372/35 2882/5371/35 2885/5373/35

vt 14.197 0
v 8347.53 306 7730.49
vt 14.596 0
vn -0.507135 0 -0.861866
vt 14.596 0.984252
vt 14.197 0.984252
f 2881/5374/689 2886/5375/691 2885/5376/691 2882/5377/689 

vt -30.6669 4.57223
f 2881/5365/321 2883/5366/321 2886/5378/321

v 8342.63 306 7732.71
vt -30.8367 4.19769
f 2886/5378/321 2883/5366/321 2887/5379/321

v 8337.03 306 7734.05
vt -30.9385 3.76907
f 2887/5379/321 2883/5366/321 2888/5380/321

v 8361.72 306 7739.53
vt -31.3581 5.65728
f 2888/5380/321 2883/5366/321 2889/5381/321

vt -19.9379 0
vn 0.68747 0 0.726213
vt -19.3457 0
vt -19.3457 0.984252
v 8361.72 318.873 7739.53
vt -19.9379 0.984252
f 2889/5382/692 2883/5383/690 2884/5384/690 2890/5385/692 

v 8337.03 318.873 7734.05
vt 30.9385 3.76907
vt 31.3581 5.65728
f 2884/5372/35 2891/5386/35 2890/5387/35

v 8342.63 318.873 7732.71
vt 30.8367 4.19769
f 2884/5372/35 2892/5388/35 2891/5386/35

f 2884/5372/35 2885/5373/35 2892/5388/35

vt 8.49622 0
vt 8.90744 0
vn -0.323521 0 -0.946221
vt 8.90744 0.984252
vt 8.49622 0.984252
f 2886/5389/691 2887/5390/693 2892/5391/693 2885/5392/691 

vt 3.04591 0
vt 3.48646 0
vn -0.151194 0 -0.988504
vt 3.48646 0.984252
vt 3.04591 0.984252
f 2887/5393/693 2888/5394/694 2891/5395/694 2892/5396/693 

vt -1.58884 0
v 8330.71 306 7734.49
vt -1.10495 0
vn -0.000943266 0 -1
v 8330.71 318.873 7734.49
vt -1.10495 0.984252
vt -1.58884 0.984252
f 2888/5397/694 2893/5398/695 2894/5399/695 2891/5400/694 

vt -30.9725 3.28638
f 2888/5380/321 2889/5381/321 2893/5401/321

v 8300 306 7739.22
vt -31.3338 0.938129
f 2893/5401/321 2889/5381/321 2895/5402/321

v 8309.18 306 7745.41
vt -31.8075 1.63984
f 2895/5402/321 2889/5381/321 2896/5403/321

v 8355.49 306 7744.39
vt -31.7293 5.18046
f 2896/5403/321 2889/5381/321 2897/5404/321

vt -15.4027 0
vn 0.529732 0 0.848165
vt -14.7985 0
vt -14.7985 0.984252
v 8355.49 318.873 7744.39
vt -15.4027 0.984252
f 2897/5405/696 2889/5406/692 2890/5407/692 2898/5408/696 

v 8309.18 318.873 7745.41
vt 31.8075 1.63984
vt 31.7293 5.18046
f 2890/5387/35 2899/5409/35 2898/5410/35

v 8300 318.873 7739.22
vt 31.3338 0.938129
f 2890/5387/35 2900/5411/35 2899/5409/35

vt 30.9725 3.28638
f 2890/5387/35 2894/5412/35 2900/5411/35

f 2890/5387/35 2891/5386/35 2894/5412/35

v 8324.15 318.873 7734.04
vt 30.9381 2.78421
f 2901/5413/35 2900/5411/35 2894/5412/35

v 8318.3 318.873 7732.69
vt 30.835 2.33736
f 2902/5414/35 2900/5411/35 2901/5413/35

v 8293.26 318.873 7731.07
vt 30.7109 0.422535
f 2902/5414/35 2903/5415/35 2900/5411/35

v 8313.18 318.873 7730.44
vt 30.6631 1.94584
f 2904/5416/35 2903/5415/35 2902/5414/35

v 8308.78 318.873 7727.3
vt 30.4225 1.60966
f 2905/5417/35 2903/5415/35 2904/5416/35

v 8305.25 318.873 7723.53
vt 30.1341 1.3397
f 2906/5418/35 2903/5415/35 2905/5417/35

v 8289.11 318.873 7721.33
vt 29.9665 0.105634
f 2906/5418/35 2907/5419/35 2903/5415/35

v 8302.73 318.873 7719.4
vt 29.8189 1.14688
f 2908/5420/35 2907/5419/35 2906/5418/35

v 8301.22 318.873 7714.93
vt 29.4769 1.03119
f 2909/5421/35 2907/5419/35 2908/5420/35

v 8287.73 318.873 7710.37
vt 29.1281 0
f 2909/5421/35 2910/5422/35 2907/5419/35

v 8300.71 318.873 7710.11
vt 29.108 0.992622
f 2911/5423/35 2910/5422/35 2909/5421/35

v 8301.69 318.873 7703.42
vt 28.5966 1.06724
f 2912/5424/35 2910/5422/35 2911/5423/35

v 8288.64 318.873 7700.96
vt 28.4084 0.0693746
f 2912/5424/35 2913/5425/35 2910/5422/35

v 8304.62 318.873 7697.04
vt 28.1087 1.29108
f 2914/5426/35 2913/5425/35 2912/5424/35

f 2914/5426/35 2846/5255/35 2913/5425/35

v 8309.41 318.873 7691.5
vt 27.6853 1.65744
f 2915/5427/35 2846/5255/35 2914/5426/35

f 2845/5254/35 2846/5255/35 2915/5427/35

v 8309.41 306 7691.5
vt -13.4022 0
vn 0.652437 0 0.757843
vt -12.808 0
vn 0.431511 0 0.902108
vt -12.808 0.984252
vt -13.4022 0.984252
f 2916/5428/697 2848/5429/698 2845/5430/698 2915/5431/697 

vt -27.6853 1.65744
f 2847/5261/321 2848/5260/321 2916/5432/321

v 8304.62 306 7697.04
vt -28.1087 1.29108
f 2847/5261/321 2916/5432/321 2917/5433/321

vt -20.4105 0
vn 0.840968 0 0.541085
vt -19.8506 0
vt -19.8506 0.984252
vt -20.4105 0.984252
f 2917/5434/699 2916/5435/697 2915/5436/697 2914/5437/699 

v 8301.69 306 7703.42
vt -25.5469 0
vn 0.958956 0 0.283554
vt -25.0101 0
vt -25.0101 0.984252
vt -25.5469 0.984252
f 2918/5438/700 2917/5439/699 2914/5440/699 2912/5441/700 

v 8288.64 306 7700.96
vt -28.4084 0.0693746
vt -28.5966 1.06724
f 2919/5442/321 2917/5433/321 2918/5443/321

f 2847/5261/321 2917/5433/321 2919/5442/321

vt 26.3521 0
vt 27.0348 0
vn -0.979476 0 -0.20156
vt 27.0348 0.984252
vt 26.3521 0.984252
f 2847/5444/670 2919/5445/701 2913/5446/701 2846/5447/670 

vt 28.2707 0
v 8287.73 306 7710.37
vt 28.9937 0
vn -0.999893 0 0.0146231
vt 28.9937 0.984252
vt 28.2707 0.984252
f 2919/5448/701 2920/5449/702 2910/5450/702 2913/5451/701 

vt -29.1281 0
f 2919/5442/321 2918/5443/321 2920/5452/321

v 8300.71 306 7710.11
vt -29.108 0.992622
f 2920/5452/321 2918/5443/321 2921/5453/321

vt -28.6597 0
vn 0.999793 0 0.0203548
vt -28.1429 0
vt -28.1429 0.984252
vt -28.6597 0.984252
f 2921/5454/703 2918/5455/700 2912/5456/700 2911/5457/703 

v 8301.22 306 7714.93
vt -29.4243 0
vn 0.976942 0 -0.213505
vt -29.0534 0
vt -29.0534 0.984252
vt -29.4243 0.984252
f 2922/5458/704 2921/5459/703 2911/5460/703 2909/5461/704 

vt -29.4769 1.03119
f 2920/5452/321 2921/5453/321 2922/5462/321

v 8289.11 306 7721.33
vt -29.9665 0.105634
f 2920/5452/321 2922/5462/321 2923/5463/321

v 8302.73 306 7719.4
vt -29.8189 1.14688
f 2923/5463/321 2922/5462/321 2924/5464/321

vt -28.6144 0
vn 0.905785 0 -0.423738
vt -28.2533 0
vt -28.2533 0.984252
vt -28.6144 0.984252
f 2924/5465/705 2922/5466/704 2909/5467/704 2908/5468/705 

v 8305.25 306 7723.53
vt -26.4052 0
vn 0.795673 0 -0.605726
vt -26.0357 0
vt -26.0357 0.984252
vt -26.4052 0.984252
f 2925/5469/706 2924/5470/705 2908/5471/705 2906/5472/706 

vt -30.1341 1.3397
f 2923/5463/321 2924/5464/321 2925/5473/321

v 8293.26 306 7731.07
vt -30.7109 0.422535
f 2923/5463/321 2925/5473/321 2926/5474/321

v 8308.78 306 7727.3
vt -30.4225 1.60966
f 2926/5474/321 2925/5473/321 2927/5475/321

vt -23.3105 0
vn 0.659239 0 -0.751934
vt -22.9154 0
vt -22.9154 0.984252
vt -23.3105 0.984252
f 2927/5476/707 2925/5477/706 2906/5478/706 2905/5479/707 

v 8313.18 306 7730.44
vt -19.4284 0
vn 0.494639 0 -0.869099
vt -19.015 0
vt -19.015 0.984252
vt -19.4284 0.984252
f 2928/5480/708 2927/5481/707 2905/5482/707 2904/5483/708 

vt -30.6631 1.94584
f 2926/5474/321 2927/5475/321 2928/5484/321

v 8318.3 306 7732.69
vt -30.835 2.33736
f 2926/5474/321 2928/5484/321 2929/5485/321

vt -14.5344 0
vn 0.314777 0 -0.949166
vt -14.1068 0
vt -14.1068 0.984252
vt -14.5344 0.984252
f 2929/5486/709 2928/5487/708 2904/5488/708 2902/5489/709 

v 8324.15 306 7734.04
vt -9.66964 0
vn 0.147035 0 -0.989131
vt -9.21105 0
vt -9.21105 0.984252
vt -9.66964 0.984252
f 2930/5490/710 2929/5491/709 2902/5492/709 2901/5493/710 

vt -30.9381 2.78421
f 2895/5402/321 2929/5485/321 2930/5494/321

f 2926/5474/321 2929/5485/321 2895/5402/321

vt 23.9273 0
vn -0.854125 0 0.520069
vt 24.7359 0
vn -0.671754 0 0.740775
vt 24.7359 0.984252
vt 23.9273 0.984252
f 2926/5495/711 2895/5496/712 2900/5497/712 2903/5498/711 

vt 18.3085 0
vt 19.1551 0
vn -0.453257 0 0.89138
vt 19.1551 0.984252
vt 18.3085 0.984252
f 2895/5499/712 2896/5500/713 2899/5501/713 2900/5502/712 

vt 12.3609 0
v 8320 306 7749.33
vt 13.2409 0
vn -0.227168 0 0.973856
v 8320 318.873 7749.33
vt 13.2409 0.984252
vt 12.3609 0.984252
f 2896/5503/713 2931/5504/714 2932/5505/714 2899/5506/713 

v 8348.4 306 7747.86
vt -31.9945 4.63867
vt -32.1068 2.4673
f 2896/5403/321 2933/5507/321 2931/5508/321

f 2896/5403/321 2897/5404/321 2933/5507/321

vt -9.89673 0
vn 0.348296 0 0.937384
vt -9.29355 0
vt -9.29355 0.984252
v 8348.4 318.873 7747.86
vt -9.89673 0.984252
f 2933/5509/715 2897/5510/696 2898/5511/696 2934/5512/715 

vt 31.9945 4.63867
f 2898/5410/35 2899/5409/35 2934/5513/35

vt 32.1068 2.4673
f 2934/5513/35 2899/5409/35 2932/5514/35

v 8340.46 318.873 7749.94
vt 32.1535 4.0319
f 2934/5513/35 2932/5514/35 2935/5515/35

v 8331.68 318.873 7750.63
vt 32.2066 3.36016
f 2935/5515/35 2932/5514/35 2936/5516/35

vt 6.01738 0
v 8331.68 306 7750.63
vt 6.91579 0
vn -0.0162491 0 0.999868
vt 6.91579 0.984252
vt 6.01738 0.984252
f 2931/5517/714 2937/5518/716 2936/5519/716 2932/5520/714 

v 8340.46 306 7749.94
vt -32.1535 4.0319
vt -32.2066 3.36016
f 2931/5508/321 2938/5521/321 2937/5522/321

f 2931/5508/321 2933/5507/321 2938/5521/321

vt -4.25421 0
vn 0.166807 0 0.98599
vt -3.62694 0
vt -3.62694 0.984252
vt -4.25421 0.984252
f 2938/5523/717 2933/5524/715 2934/5525/715 2935/5526/717 

vt 0.815265 0
vt 1.48909 0
vt 1.48909 0.984252
vt 0.815265 0.984252
f 2937/5527/716 2938/5528/717 2935/5529/717 2936/5530/716 

vt 27.6137 0
vn -0.965382 0 0.260839
vt 28.4228 0
vt 28.4228 0.984252
vt 27.6137 0.984252
f 2923/5531/718 2926/5532/711 2903/5533/711 2907/5534/718 

vt 28.8996 0
vt 29.7446 0
vt 29.7446 0.984252
vt 28.8996 0.984252
f 2920/5535/702 2923/5536/718 2907/5537/718 2910/5538/702 

f 2895/5402/321 2930/5494/321 2893/5401/321

vt -5.39375 0
vt -4.8904 0
vt -4.8904 0.984252
vt -5.39375 0.984252
f 2893/5539/695 2930/5540/710 2901/5541/710 2894/5542/695 

vt -6.77734 0
vt -6.16094 0
vt -6.16094 0.984252
vt -6.77734 0.984252
f 2848/5543/698 2849/5544/671 2844/5545/671 2845/5546/698 

vt 19.7749 0
vn -0.600973 0 0.79927
vt 19.7749 0.984252
f 2835/5547/666 2837/3038/719 2840/3041/719 2836/5548/666 

vt 25.3344 0
v 8401.85 306 7697.65
vt 26.0564 0
vn -0.80785 0 0.589388
v 8401.85 318.873 7697.65
vt 26.0564 0.984252
vt 25.3344 0.984252
f 2837/5549/719 2939/5550/720 2940/5551/720 2840/5552/719 

vt -28.1556 8.72569
f 2837/5218/321 2838/5219/321 2939/5553/321

v 8418.12 306 7702.21
vt -28.5039 9.96982
f 2939/5553/321 2838/5219/321 2941/5554/321

vt -30.187 0
vn 0.979511 0 -0.20139
vt -29.4954 0
vt -29.4954 0.984252
v 8418.12 318.873 7702.21
vt -30.187 0.984252
f 2941/5555/721 2838/5556/667 2839/5557/667 2942/5558/721 

vt 28.1556 8.72569
vt 28.5039 9.96982
f 2839/5226/35 2940/5559/35 2942/5560/35

f 2839/5226/35 2840/5225/35 2940/5559/35

v 8405.01 318.873 7703.81
vt 28.6268 8.96714
f 2942/5560/35 2940/5559/35 2943/5561/35

vt 29.0365 0
v 8405.01 306 7703.81
vt 29.5659 0
vn -0.952167 0 0.305577
vt 29.5659 0.984252
vt 29.0365 0.984252
f 2939/5562/720 2944/5563/722 2943/5564/722 2940/5565/720 

vt -28.6268 8.96714
f 2939/5553/321 2941/5554/321 2944/5566/321

v 8419.04 306 7711.86
vt -29.2421 10.0402
f 2944/5566/321 2941/5554/321 2945/5567/321

vt -30.0635 0
vn 0.99994 0 -0.010921
vt -29.3219 0
vt -29.3219 0.984252
v 8419.04 318.873 7711.86
vt -30.0635 0.984252
f 2945/5568/723 2941/5569/721 2942/5570/721 2946/5571/723 

vt 29.2421 10.0402
f 2942/5560/35 2943/5561/35 2946/5572/35

v 8406.06 318.873 7710.89
vt 29.1683 9.04762
f 2946/5572/35 2943/5561/35 2947/5573/35

vt 29.6339 0
v 8406.06 306 7710.89
vt 30.1814 0
vn -0.999742 0 -0.0227339
vt 30.1814 0.984252
vt 29.6339 0.984252
f 2944/5574/722 2948/5575/724 2947/5576/724 2943/5577/722 

vt -29.1683 9.04762
f 2944/5566/321 2945/5567/321 2948/5578/321

v 8404.37 306 7719.53
vt -29.829 8.91851
f 2948/5578/321 2945/5567/321 2949/5579/321

v 8418.51 306 7719.1
vt -29.7961 9.99958
f 2949/5579/321 2945/5567/321 2950/5580/321

vt -28.9841 0
vn 0.987869 0 0.155293
vt -28.4287 0
vt -28.4287 0.984252
v 8418.51 318.873 7719.1
vt -28.9841 0.984252
f 2950/5581/725 2945/5582/723 2946/5583/723 2951/5584/725 

v 8404.37 318.873 7719.53
vt 29.829 8.91851
vt 29.7961 9.99958
f 2946/5572/35 2952/5585/35 2951/5586/35

f 2946/5572/35 2947/5573/35 2952/5585/35

vt 26.8914 0
vt 27.5646 0
vn -0.919208 0 -0.393773
vt 27.5646 0.984252
vt 26.8914 0.984252
f 2948/5587/724 2949/5588/726 2952/5589/726 2947/5590/724 

vt 19.1819 0
v 8399.31 306 7726.68
vt 19.8519 0
vn -0.686093 0 -0.727514
v 8399.31 318.873 7726.68
vt 19.8519 0.984252
vt 19.1819 0.984252
f 2949/5591/726 2953/5592/727 2954/5593/727 2952/5594/726 

v 8416.92 306 7725.66
vt -30.2976 9.8776
vt -30.3756 8.53119
f 2949/5579/321 2955/5595/321 2953/5596/321

f 2949/5579/321 2950/5580/321 2955/5595/321

vt -27.1052 0
vn 0.945454 0 0.325756
vt -26.589 0
vt -26.589 0.984252
v 8416.92 318.873 7725.66
vt -27.1052 0.984252
f 2955/5597/728 2950/5598/725 2951/5599/725 2956/5600/728 

vt 30.2976 9.8776
f 2951/5586/35 2952/5585/35 2956/5601/35

vt 30.3756 8.53119
f 2956/5601/35 2952/5585/35 2954/5602/35

v 8414.26 318.873 7731.54
vt 30.7468 9.6743
f 2956/5601/35 2954/5602/35 2957/5603/35

v 8393.83 318.873 7730.1
vt 30.6372 8.11201
f 2957/5603/35 2954/5602/35 2958/5604/35

vt 8.84281 0
v 8393.83 306 7730.1
vt 9.33691 0
vn -0.419053 0 -0.907962
vt 9.33691 0.984252
vt 8.84281 0.984252
f 2953/5605/727 2959/5606/729 2958/5607/729 2954/5608/727 

v 8414.26 306 7731.54
vt -30.7468 9.6743
vt -30.6372 8.11201
f 2953/5596/321 2960/5609/321 2959/5610/321

f 2953/5596/321 2955/5595/321 2960/5609/321

vt -24.0216 0
vn 0.86599 0 0.500061
vt -23.5286 0
vt -23.5286 0.984252
vt -24.0216 0.984252
f 2960/5611/730 2955/5612/728 2956/5613/728 2957/5614/730 

v 8410.54 306 7736.73
vt -19.8322 0
vn 0.751541 0 0.659686
vt -19.3439 0
vt -19.3439 0.984252
v 8410.54 318.873 7736.73
vt -19.8322 0.984252
f 2961/5615/731 2960/5616/730 2957/5617/730 2962/5618/731 

v 8385.8 306 7732.65
vt -30.8317 7.49832
vt -31.1435 9.38967
f 2963/5619/321 2960/5609/321 2961/5620/321

f 2959/5610/321 2960/5609/321 2963/5619/321

vt 1.52345 0
vt 2.16721 0
vn -0.302128 0 -0.953267
v 8385.8 318.873 7732.65
vt 2.16721 0.984252
vt 1.52345 0.984252
f 2959/5621/729 2963/5622/732 2964/5623/732 2958/5624/729 

vt 31.3225 0
vn -0.996955 0 0.0779742
v 8387.03 306 7748.35
vt 32.5267 0
v 8387.03 318.873 7748.35
vt 32.5267 0.984252
vt 31.3225 0.984252
f 2963/5625/733 2965/5626/733 2966/5627/733 2964/5628/733 

vt -32.0322 7.59222
f 2963/5619/321 2961/5620/321 2965/5629/321

v 8405.88 306 7741.09
vt -31.477 9.03337
f 2965/5629/321 2961/5620/321 2967/5630/321

vt -14.9131 0
vn 0.608008 0 0.793931
vt -14.4251 0
vt -14.4251 0.984252
v 8405.88 318.873 7741.09
vt -14.9131 0.984252
f 2967/5631/734 2961/5632/731 2962/5633/731 2968/5634/734 

vt 31.1435 9.38967
vt 32.0322 7.59222
vt 31.477 9.03337
f 2962/5635/35 2966/5636/35 2968/5637/35

vt 30.8317 7.49832
f 2962/5635/35 2964/5638/35 2966/5636/35

f 2957/5603/35 2964/5638/35 2962/5635/35

f 2957/5603/35 2958/5604/35 2964/5638/35

v 8400.4 318.873 7744.48
vt 31.7363 8.61502
f 2968/5637/35 2966/5636/35 2969/5639/35

v 8394.12 318.873 7746.9
vt 31.9213 8.13464
f 2969/5639/35 2966/5636/35 2970/5640/35

vt 1.02352 0
vn 0.200264 0 0.979742
v 8394.12 306 7746.9
vt 1.57715 0
vn 0.280849 0 0.959752
vt 1.57715 0.984252
vt 1.02352 0.984252
f 2965/5641/735 2971/5642/736 2970/5643/736 2966/5644/735 

v 8400.4 306 7744.48
vt -31.7363 8.61502
vt -31.9213 8.13464
f 2965/5629/321 2972/5645/321 2971/5646/321

f 2965/5629/321 2967/5630/321 2972/5645/321

vt -9.39523 0
vn 0.445084 0 0.895489
vt -8.90306 0
vt -8.90306 0.984252
vt -9.39523 0.984252
f 2972/5647/737 2967/5648/734 2968/5649/734 2969/5650/737 

vt -3.88482 0
vt -3.37002 0
vt -3.37002 0.984252
vt -3.88482 0.984252
f 2971/5651/736 2972/5652/737 2969/5653/737 2970/5654/736 

g Mesh38 C107_1 Model

v 8817.18 306 7429.83
v 8823.79 306 7432.78
v 8831.41 306 7434.94
v 8827.11 306 7451.95
v 8817.25 306 7448.74
v 8808.64 306 7444.46
v 8801.26 306 7439.12
v 8795.14 306 7432.7
v 8790.32 306 7425.36
v 8786.88 306 7417.25
v 8784.82 306 7408.36
v 8784.13 306 7398.71
v 8784.66 306 7388.8
v 8786.25 306 7379.86
v 8788.89 306 7371.89
v 8792.59 306 7364.89
v 8797.3 306 7358.77
v 8802.96 306 7353.42
v 8809.56 306 7348.86
v 8817.11 306 7345.07
v 8833.76 306 7339.97
v 8851.58 306 7338.27
v 8861.31 306 7338.75
v 8870.39 306 7340.19
v 8878.83 306 7342.59
v 8886.63 306 7345.95
v 8893.66 306 7350.19
v 8899.79 306 7355.24
v 8905.02 306 7361.11
v 8909.35 306 7367.79
v 8912.74 306 7375.05
v 8915.17 306 7382.67
v 8916.62 306 7390.64
v 8917.11 306 7398.97
v 8916.5 306 7408.24
v 8914.65 306 7416.73
v 8911.58 306 7424.46
v 8907.29 306 7431.43
v 8901.87 306 7437.51
v 8895.47 306 7442.59
v 8888.06 306 7446.67
v 8879.65 306 7449.76
v 8875.71 306 7433.01
v 8887.83 306 7427.52
v 8892.47 306 7424.03
v 8896.14 306 7420.02
v 8900.95 306 7410.42
v 8902.55 306 7398.62
v 8900.77 306 7385.01
v 8898.55 306 7379.12
v 8895.44 306 7373.84
v 8887.12 306 7365.36
v 8876.36 306 7359.85
v 8864.2 306 7356.82
v 8851.67 306 7355.81
v 8836.31 306 7357.01
v 8823.03 306 7360.59
v 8812.34 306 7366.7
v 8808.16 306 7370.75
v 8804.74 306 7375.46
v 8800.2 306 7385.97
v 8798.69 306 7397.3
v 8799.21 306 7404.18
v 8800.75 306 7410.51
v 8803.33 306 7416.28
v 8806.94 306 7421.51
v 8811.56 306 7426.07
f 2973/2303/321 2974/2304/321 2975/2305/321 2976/2306/321 2977/2307/321 2978/2308/321 2979/2309/321 2980/2310/321 2981/2311/321 2982/2312/321 2983/2313/321 2984/2314/321 2985/2315/321 2986/2316/321 2987/2317/321 2988/2318/321 2989/2319/321 2990/2320/321 2991/2321/321 2992/2322/321 2993/2323/321 2994/2324/321 2995/2325/321 2996/2326/321 2997/2327/321 2998/2328/321 2999/2329/321 3000/2330/321 3001/2331/321 3002/2332/321 3003/2333/321 3004/2334/321 3005/2335/321 3006/2336/321 3007/2337/321 3008/2338/321 3009/2339/321 3010/2340/321 3011/2341/321 3012/2342/321 3013/2343/321 3014/2344/321 3015/2345/321 3016/2346/321 3017/2347/321 3018/2348/321 3019/2349/321 3020/2350/321 3021/2351/321 3022/2352/321 3023/2353/321 3024/2354/321 3025/2355/321 3026/2356/321 3027/2357/321 3028/2358/321 3029/2359/321 3030/2360/321 3031/2361/321 3032/2362/321 3033/2363/321 3034/2364/321 3035/2365/321 3036/2366/321 3037/2367/321 3038/2368/321 3039/2369/321 

v 8817.18 318.873 7429.83
v 8823.79 318.873 7432.78
f 2974/2370/322 2973/2371/323 3040/2372/323 3041/2373/322 

v 8811.56 318.873 7426.07
f 2973/2374/323 3039/2375/324 3042/2376/324 3040/2377/323 

v 8806.94 318.873 7421.51
f 3039/2378/324 3038/2379/325 3043/2380/325 3042/2381/324 

v 8803.33 318.873 7416.28
f 3038/2382/325 3037/2383/326 3044/2384/326 3043/2385/325 

v 8800.75 318.873 7410.51
f 3037/2386/326 3036/2387/327 3045/2388/327 3044/2389/326 

v 8799.21 318.873 7404.18
f 3036/2390/327 3035/2391/328 3046/2392/328 3045/2393/327 

v 8798.69 318.873 7397.3
f 3035/2394/328 3034/2395/329 3047/2396/329 3046/2397/328 

v 8800.2 318.873 7385.97
f 3034/2398/329 3033/2399/330 3048/2400/330 3047/2401/329 

v 8804.74 318.873 7375.46
f 3033/2402/330 3032/2403/331 3049/2404/331 3048/2405/330 

v 8808.16 318.873 7370.75
f 3032/2406/331 3031/2407/332 3050/2408/332 3049/2409/331 

v 8812.34 318.873 7366.7
f 3031/2410/332 3030/2411/333 3051/2412/333 3050/2413/332 

v 8823.03 318.873 7360.59
f 3030/2414/333 3029/2415/334 3052/2416/334 3051/2417/333 

v 8836.31 318.873 7357.01
f 3029/2418/334 3028/2419/335 3053/2420/335 3052/2421/334 

v 8851.67 318.873 7355.81
f 3028/2422/335 3027/2423/336 3054/2424/336 3053/2425/335 

v 8864.2 318.873 7356.82
f 3027/2426/336 3026/2427/337 3055/2428/337 3054/2429/336 

v 8876.36 318.873 7359.85
f 3026/2430/337 3025/2431/338 3056/2432/338 3055/2433/337 

v 8887.12 318.873 7365.36
f 3025/2434/338 3024/2435/339 3057/2436/339 3056/2437/338 

v 8895.44 318.873 7373.84
f 3024/2438/339 3023/2439/340 3058/2440/340 3057/2441/339 

v 8898.55 318.873 7379.12
f 3023/2442/340 3022/2443/341 3059/2444/341 3058/2445/340 

v 8900.77 318.873 7385.01
f 3022/2446/341 3021/2447/342 3060/2448/342 3059/2449/341 

v 8902.55 318.873 7398.62
f 3021/2450/342 3020/2451/343 3061/2452/343 3060/2453/342 

v 8900.95 318.873 7410.42
f 3020/2454/343 3019/2455/344 3062/2456/344 3061/2457/343 

v 8896.14 318.873 7420.02
f 3019/2458/344 3018/2459/345 3063/2460/345 3062/2461/344 

v 8892.47 318.873 7424.03
f 3018/2462/345 3017/2463/346 3064/2464/346 3063/2465/345 

v 8887.83 318.873 7427.52
f 3017/2466/346 3016/2467/347 3065/2468/347 3064/2469/346 

v 8875.71 318.873 7433.01
f 3016/2470/347 3015/2471/348 3066/2472/348 3065/2473/347 

v 8879.65 318.873 7449.76
f 3015/2474/349 3014/2475/349 3067/2476/349 3066/2477/349 

v 8888.06 318.873 7446.67
f 3014/2478/350 3013/2479/351 3068/2480/351 3067/2481/350 

v 8895.47 318.873 7442.59
f 3013/2482/351 3012/2483/352 3069/2484/352 3068/2485/351 

v 8901.87 318.873 7437.51
f 3012/2486/352 3011/2487/353 3070/2488/353 3069/2489/352 

v 8907.29 318.873 7431.43
f 3011/2490/353 3010/2491/354 3071/2492/354 3070/2493/353 

v 8911.58 318.873 7424.46
f 3010/2494/354 3009/2495/355 3072/2496/355 3071/2497/354 

v 8914.65 318.873 7416.73
f 3009/2498/355 3008/2499/356 3073/2500/356 3072/2501/355 

v 8916.5 318.873 7408.24
f 3008/2502/356 3007/2503/357 3074/2504/357 3073/2505/356 

v 8917.11 318.873 7398.97
f 3007/2506/357 3006/2507/358 3075/2508/358 3074/2509/357 

v 8916.62 318.873 7390.64
f 3006/2510/358 3005/2511/359 3076/2512/359 3075/2513/358 

v 8915.17 318.873 7382.67
f 3005/2514/359 3004/2515/360 3077/2516/360 3076/2517/359 

v 8912.74 318.873 7375.05
f 3004/2518/360 3003/2519/361 3078/2520/361 3077/2521/360 

v 8909.35 318.873 7367.79
f 3003/2522/361 3002/2523/362 3079/2524/362 3078/2525/361 

v 8905.02 318.873 7361.11
f 3002/2526/362 3001/2527/363 3080/2528/363 3079/2529/362 

v 8899.79 318.873 7355.24
f 3001/2530/363 3000/2531/364 3081/2532/364 3080/2533/363 

v 8893.66 318.873 7350.19
f 3000/2534/364 2999/2535/365 3082/2536/365 3081/2537/364 

v 8886.63 318.873 7345.95
f 2999/2538/365 2998/2539/366 3083/2540/366 3082/2541/365 

v 8878.83 318.873 7342.59
f 2998/2542/366 2997/2543/367 3084/2544/367 3083/2545/366 

v 8870.39 318.873 7340.19
f 2997/2546/367 2996/2547/368 3085/2548/368 3084/2549/367 

v 8861.31 318.873 7338.75
f 2996/2550/368 2995/2551/369 3086/2552/369 3085/2553/368 

v 8851.58 318.873 7338.27
f 2995/2554/369 2994/2555/370 3087/2556/370 3086/2557/369 

v 8833.76 318.873 7339.97
f 2994/2558/370 2993/2559/371 3088/2560/371 3087/2561/370 

v 8817.11 318.873 7345.07
f 2993/2562/371 2992/2563/372 3089/2564/372 3088/2565/371 

v 8809.56 318.873 7348.86
f 2992/2566/372 2991/2567/373 3090/2568/373 3089/2569/372 

v 8802.96 318.873 7353.42
f 2991/2570/373 2990/2571/374 3091/2572/374 3090/2573/373 

v 8797.3 318.873 7358.77
f 2990/2574/374 2989/2575/375 3092/2576/375 3091/2577/374 

v 8792.59 318.873 7364.89
f 2989/2578/375 2988/2579/376 3093/2580/376 3092/2581/375 

v 8788.89 318.873 7371.89
f 2988/2582/376 2987/2583/377 3094/2584/377 3093/2585/376 

v 8786.25 318.873 7379.86
f 2987/2586/377 2986/2587/378 3095/2588/378 3094/2589/377 

v 8784.66 318.873 7388.8
f 2986/2590/378 2985/2591/379 3096/2592/379 3095/2593/378 

v 8784.13 318.873 7398.71
f 2985/2594/379 2984/2595/380 3097/2596/380 3096/2597/379 

v 8784.82 318.873 7408.36
f 2984/2598/380 2983/2599/381 3098/2600/381 3097/2601/380 

v 8786.88 318.873 7417.25
f 2983/2602/381 2982/2603/382 3099/2604/382 3098/2605/381 

v 8790.32 318.873 7425.36
f 2982/2606/382 2981/2607/383 3100/2608/383 3099/2609/382 

v 8795.14 318.873 7432.7
f 2981/2610/383 2980/2611/384 3101/2612/384 3100/2613/383 

v 8801.26 318.873 7439.12
f 2980/2614/384 2979/2615/385 3102/2616/385 3101/2617/384 

v 8808.64 318.873 7444.46
f 2979/2618/385 2978/2619/386 3103/2620/386 3102/2621/385 

v 8817.25 318.873 7448.74
f 2978/2622/386 2977/2623/387 3104/2624/387 3103/2625/386 

v 8827.11 318.873 7451.95
f 2977/2626/387 2976/2627/388 3105/2628/388 3104/2629/387 

v 8831.41 318.873 7434.94
f 2976/2630/389 2975/2631/389 3106/2632/389 3105/2633/389 

f 2975/2634/390 2974/2635/322 3041/2636/322 3106/2637/390 

f 3041/2638/35 3040/2639/35 3042/2640/35 3043/2641/35 3044/2642/35 3045/2643/35 3046/2644/35 3047/2645/35 3048/2646/35 3049/2647/35 3050/2648/35 3051/2649/35 3052/2650/35 3053/2651/35 3054/2652/35 3055/2653/35 3056/2654/35 3057/2655/35 3058/2656/35 3059/2657/35 3060/2658/35 3061/2659/35 3062/2660/35 3063/2661/35 3064/2662/35 3065/2663/35 3066/2664/35 3067/2665/35 3068/2666/35 3069/2667/35 3070/2668/35 3071/2669/35 3072/2670/35 3073/2671/35 3074/2672/35 3075/2673/35 3076/2674/35 3077/2675/35 3078/2676/35 3079/2677/35 3080/2678/35 3081/2679/35 3082/2680/35 3083/2681/35 3084/2682/35 3085/2683/35 3086/2684/35 3087/2685/35 3088/2686/35 3089/2687/35 3090/2688/35 3091/2689/35 3092/2690/35 3093/2691/35 3094/2692/35 3095/2693/35 3096/2694/35 3097/2695/35 3098/2696/35 3099/2697/35 3100/2698/35 3101/2699/35 3102/2700/35 3103/2701/35 3104/2702/35 3105/2703/35 3106/2704/35 

g Mesh39 C107_1 Model

v 8915.44 306 7515.81
v 8915.44 306 7525.99
v 8786.32 306 7525.99
v 8786.32 306 7510.2
v 8886.93 306 7510.2
v 8881.5 306 7503.61
v 8876.06 306 7495.24
v 8867.9 306 7478.62
v 8883.16 306 7478.62
v 8890.05 306 7491.03
v 8898.25 306 7501.78
v 8906.98 306 7510.24
f 3107/2705/321 3108/2706/321 3109/2707/321 3110/2708/321 3111/2709/321 3112/2710/321 3113/2711/321 3114/2712/321 3115/2713/321 3116/2714/321 3117/2715/321 3118/2716/321 

v 8915.44 318.873 7515.81
v 8915.44 318.873 7525.99
f 3108/2717/391 3107/2718/391 3119/2719/391 3120/2720/391 

v 8906.98 318.873 7510.24
f 3107/2721/392 3118/2722/393 3121/2723/393 3119/2724/392 

v 8898.25 318.873 7501.78
f 3118/2725/393 3117/2726/394 3122/2727/394 3121/2728/393 

v 8890.05 318.873 7491.03
f 3117/2729/394 3116/2730/395 3123/2731/395 3122/2732/394 

v 8883.16 318.873 7478.62
f 3116/2733/395 3115/2734/396 3124/2735/396 3123/2736/395 

v 8867.9 318.873 7478.62
f 3115/2737/397 3114/2738/397 3125/2739/397 3124/2740/397 

v 8876.06 318.873 7495.24
f 3114/2741/398 3113/2742/399 3126/2743/399 3125/2744/398 

v 8881.5 318.873 7503.61
f 3113/2745/399 3112/2746/400 3127/2747/400 3126/2748/399 

v 8886.93 318.873 7510.2
f 3112/2749/400 3111/2750/401 3128/2751/401 3127/2752/400 

v 8786.32 318.873 7510.2
f 3111/2753/397 3110/2754/397 3129/2755/397 3128/2756/397 

v 8786.32 318.873 7525.99
f 3110/2757/402 3109/2758/402 3130/2759/402 3129/2760/402 

f 3109/2761/403 3108/2762/403 3120/2763/403 3130/2764/403 

f 3120/2765/35 3119/2766/35 3121/2767/35 3122/2768/35 3123/2769/35 3124/2770/35 3125/2771/35 3126/2772/35 3127/2773/35 3128/2774/35 3129/2775/35 3130/2776/35 

g Mesh40 C107_1 Model

v 8870.32 306 7567.6
v 8832.89 306 7567.22
v 8849.74 306 7566.42
f 3131/2777/321 3132/2778/321 3133/2779/321

v 8818.56 306 7569.6
f 3132/2778/321 3131/2777/321 3134/2780/321

v 8886.45 306 7571.12
f 3134/2780/321 3131/2777/321 3135/2781/321

v 8870.32 318.873 7567.6
v 8886.45 318.873 7571.12
f 3135/2782/404 3131/2783/405 3136/2784/405 3137/2785/404 

v 8849.74 318.873 7566.42
f 3131/2786/405 3133/2787/406 3138/2788/406 3136/2789/405 

v 8832.89 318.873 7567.22
f 3133/2790/406 3132/2791/407 3139/2792/407 3138/2793/406 

v 8818.56 318.873 7569.6
f 3132/2794/407 3134/2795/408 3140/2796/408 3139/2797/407 

v 8806.75 306 7573.58
v 8806.75 318.873 7573.58
f 3134/2798/408 3141/2799/409 3142/2800/409 3140/2801/408 

f 3134/2780/321 3135/2781/321 3141/2802/321

v 8898.77 306 7576.95
f 3141/2802/321 3135/2781/321 3143/2803/321

v 8898.77 318.873 7576.95
f 3143/2804/410 3135/2805/404 3137/2806/404 3144/2807/410 

f 3137/2808/35 3142/2809/35 3144/2810/35

f 3137/2808/35 3140/2811/35 3142/2809/35

f 3136/2812/35 3140/2811/35 3137/2808/35

f 3136/2812/35 3139/2813/35 3140/2811/35

f 3139/2813/35 3136/2812/35 3138/2814/35

v 8797.46 318.873 7579.14
f 3144/2810/35 3142/2809/35 3145/2815/35

v 8797.46 306 7579.14
f 3141/2816/409 3146/2817/411 3145/2818/411 3142/2819/409 

f 3141/2802/321 3143/2803/321 3146/2820/321

v 8907.9 306 7585.06
f 3146/2820/321 3143/2803/321 3147/2821/321

v 8907.9 318.873 7585.06
f 3147/2822/412 3143/2823/410 3144/2824/410 3148/2825/412 

f 3144/2810/35 3145/2815/35 3148/2826/35

v 8864.33 318.873 7583.16
f 3148/2826/35 3145/2815/35 3149/2827/35

v 8849.74 318.873 7582.65
f 3149/2827/35 3145/2815/35 3150/2828/35

v 8835.23 318.873 7583.11
f 3145/2815/35 3151/2829/35 3150/2828/35

v 8791.63 318.873 7584.95
f 3151/2829/35 3145/2815/35 3152/2830/35

v 8791.63 306 7584.95
f 3146/2831/411 3153/2832/413 3152/2833/413 3145/2834/411 

v 8835.23 306 7583.11
f 3146/2820/321 3154/2835/321 3153/2836/321

v 8849.74 306 7582.65
f 3154/2835/321 3146/2820/321 3155/2837/321

v 8864.33 306 7583.16
f 3146/2820/321 3156/2838/321 3155/2837/321

f 3146/2820/321 3147/2821/321 3156/2838/321

v 8876.43 306 7584.69
f 3156/2838/321 3147/2821/321 3157/2839/321

v 8886.04 306 7587.24
f 3157/2839/321 3147/2821/321 3158/2840/321

v 8911.2 306 7589.99
f 3158/2840/321 3147/2821/321 3159/2841/321

v 8911.2 318.873 7589.99
f 3159/2842/414 3147/2843/412 3148/2844/412 3160/2845/414 

v 8886.04 318.873 7587.24
f 3148/2826/35 3161/2846/35 3160/2847/35

v 8876.43 318.873 7584.69
f 3148/2826/35 3162/2848/35 3161/2846/35

f 3148/2826/35 3149/2827/35 3162/2848/35

f 3156/2849/415 3157/2850/416 3162/2851/416 3149/2852/415 

f 3157/2853/416 3158/2854/417 3161/2855/417 3162/2856/416 

v 8893.16 306 7590.81
v 8893.16 318.873 7590.81
f 3158/2857/417 3163/2858/418 3164/2859/418 3161/2860/417 

f 3158/2840/321 3159/2841/321 3163/2861/321

v 8913.56 306 7595.51
f 3163/2861/321 3159/2841/321 3165/2862/321

v 8913.56 318.873 7595.51
f 3165/2863/419 3159/2864/414 3160/2865/414 3166/2866/419 

f 3160/2847/35 3164/2867/35 3166/2868/35

f 3160/2847/35 3161/2846/35 3164/2867/35

v 8897.19 318.873 7594.33
f 3166/2868/35 3164/2867/35 3167/2869/35

v 8897.19 306 7594.33
f 3163/2870/418 3168/2871/420 3167/2872/420 3164/2873/418 

f 3163/2861/321 3165/2862/321 3168/2874/321

v 8900.07 306 7598.4
f 3168/2874/321 3165/2862/321 3169/2875/321

v 8914.97 306 7601.63
f 3169/2875/321 3165/2862/321 3170/2876/321

v 8914.97 318.873 7601.63
f 3170/2877/421 3165/2878/419 3166/2879/419 3171/2880/421 

v 8900.07 318.873 7598.4
f 3166/2868/35 3172/2881/35 3171/2882/35

f 3166/2868/35 3167/2869/35 3172/2881/35

f 3168/2883/420 3169/2884/422 3172/2885/422 3167/2886/420 

v 8901.8 306 7603.01
v 8901.8 318.873 7603.01
f 3169/2887/422 3173/2888/423 3174/2889/423 3172/2890/422 

f 3169/2875/321 3170/2876/321 3173/2891/321

v 8915.44 306 7608.35
f 3173/2891/321 3170/2876/321 3175/2892/321

v 8915.44 318.873 7608.35
f 3175/2893/424 3170/2894/421 3171/2895/421 3176/2896/424 

f 3171/2882/35 3174/2897/35 3176/2898/35

f 3171/2882/35 3172/2881/35 3174/2897/35

v 8902.37 318.873 7608.18
f 3176/2898/35 3174/2897/35 3177/2899/35

v 8902.37 306 7608.18
f 3173/2900/423 3178/2901/425 3177/2902/425 3174/2903/423 

f 3173/2891/321 3175/2892/321 3178/2904/321

v 8901.72 306 7613.48
f 3178/2904/321 3175/2892/321 3179/2905/321

v 8914.4 306 7618.07
f 3179/2905/321 3175/2892/321 3180/2906/321

v 8914.4 318.873 7618.07
f 3180/2907/426 3175/2908/424 3176/2909/424 3181/2910/426 

v 8901.72 318.873 7613.48
f 3176/2898/35 3182/2911/35 3181/2912/35

f 3176/2898/35 3177/2899/35 3182/2911/35

f 3178/2913/425 3179/2914/427 3182/2915/427 3177/2916/425 

v 8899.76 306 7618.32
v 8899.76 318.873 7618.32
f 3179/2917/427 3183/2918/428 3184/2919/428 3182/2920/427 

f 3179/2905/321 3180/2906/321 3183/2921/321

v 8911.28 306 7626.51
f 3183/2921/321 3180/2906/321 3185/2922/321

v 8911.28 318.873 7626.51
f 3185/2923/429 3180/2924/426 3181/2925/426 3186/2926/429 

f 3181/2912/35 3184/2927/35 3186/2928/35

f 3181/2912/35 3182/2911/35 3184/2927/35

v 8896.5 318.873 7622.71
f 3186/2928/35 3184/2927/35 3187/2929/35

v 8896.5 306 7622.71
f 3183/2930/428 3188/2931/430 3187/2932/430 3184/2933/428 

f 3183/2921/321 3185/2922/321 3188/2934/321

v 8891.93 306 7626.64
f 3188/2934/321 3185/2922/321 3189/2935/321

v 8906.19 306 7633.64
f 3189/2935/321 3185/2922/321 3190/2936/321

v 8906.19 318.873 7633.64
f 3190/2937/431 3185/2938/429 3186/2939/429 3191/2940/431 

v 8891.93 318.873 7626.64
f 3186/2928/35 3192/2941/35 3191/2942/35

f 3186/2928/35 3187/2929/35 3192/2941/35

f 3188/2943/430 3189/2944/432 3192/2945/432 3187/2946/430 

v 8885.38 306 7629.88
v 8885.38 318.873 7629.88
f 3189/2947/432 3193/2948/433 3194/2949/433 3192/2950/432 

f 3189/2935/321 3190/2936/321 3193/2951/321

v 8876.17 306 7632.2
f 3193/2951/321 3190/2936/321 3195/2952/321

v 8864.29 306 7633.59
f 3195/2952/321 3190/2936/321 3196/2953/321

v 8849.74 306 7634.05
f 3196/2953/321 3190/2936/321 3197/2954/321

v 8899.26 306 7639.4
f 3197/2954/321 3190/2936/321 3198/2955/321

v 8899.26 318.873 7639.4
f 3198/2956/434 3190/2957/431 3191/2958/431 3199/2959/434 

v 8849.74 318.873 7634.05
f 3191/2942/35 3200/2960/35 3199/2961/35

v 8864.29 318.873 7633.59
f 3191/2942/35 3201/2962/35 3200/2960/35

v 8876.17 318.873 7632.2
f 3191/2942/35 3202/2963/35 3201/2962/35

f 3191/2942/35 3194/2964/35 3202/2963/35

f 3191/2942/35 3192/2941/35 3194/2964/35

f 3193/2965/433 3195/2966/435 3202/2967/435 3194/2968/433 

f 3195/2969/435 3196/2970/436 3201/2971/436 3202/2972/435 

f 3196/2973/436 3197/2974/437 3200/2975/437 3201/2976/436 

v 8835.27 306 7633.59
v 8835.27 318.873 7633.59
f 3197/2977/437 3203/2978/438 3204/2979/438 3200/2980/437 

v 8800.88 306 7639.83
f 3205/2981/321 3203/2982/321 3197/2954/321

v 8823.43 306 7632.2
f 3205/2981/321 3206/2983/321 3203/2982/321

v 8791.72 306 7631.73
f 3207/2984/321 3206/2983/321 3205/2981/321

v 8814.22 306 7629.88
f 3207/2984/321 3208/2985/321 3206/2983/321

v 8788.4 306 7626.8
f 3209/2986/321 3208/2985/321 3207/2984/321

v 8807.64 306 7626.64
f 3209/2986/321 3210/2987/321 3208/2985/321

v 8803.03 306 7622.72
f 3209/2986/321 3211/2988/321 3210/2987/321

v 8786.03 306 7621.26
f 3212/2989/321 3211/2988/321 3209/2986/321

v 8799.74 306 7618.36
f 3212/2989/321 3213/2990/321 3211/2988/321

v 8784.6 306 7615.11
f 3214/2991/321 3213/2990/321 3212/2989/321

v 8797.77 306 7613.57
f 3214/2991/321 3215/2992/321 3213/2990/321

v 8784.13 306 7608.35
f 3216/2993/321 3215/2992/321 3214/2991/321

v 8797.11 306 7608.35
f 3216/2993/321 3217/2994/321 3215/2992/321

v 8797.77 306 7603.13
f 3216/2993/321 3218/2995/321 3217/2994/321

v 8784.96 306 7599.55
f 3219/2996/321 3218/2995/321 3216/2993/321

v 8799.73 306 7598.34
f 3219/2996/321 3220/2997/321 3218/2995/321

v 8803.01 306 7593.99
f 3219/2996/321 3221/2998/321 3220/2997/321

v 8787.46 306 7591.75
f 3222/2999/321 3221/2998/321 3219/2996/321

v 8807.59 306 7590.06
f 3222/2999/321 3223/3000/321 3221/2998/321

v 8814.16 306 7586.82
f 3222/2999/321 3224/3001/321 3223/3000/321

f 3153/2836/321 3224/3001/321 3222/2999/321

v 8823.37 306 7584.5
f 3153/2836/321 3225/3002/321 3224/3001/321

f 3153/2836/321 3154/2835/321 3225/3002/321

v 8823.37 318.873 7584.5
f 3225/3003/439 3154/3004/440 3151/3005/440 3226/3006/439 

f 3154/3007/440 3155/3008/441 3150/3009/441 3151/3010/440 

f 3155/3011/441 3156/3012/415 3149/3013/415 3150/3014/441 

f 3151/2829/35 3152/2830/35 3226/3015/35

v 8814.16 318.873 7586.82
f 3226/3015/35 3152/2830/35 3227/3016/35

v 8787.46 318.873 7591.75
f 3227/3016/35 3152/2830/35 3228/3017/35

f 3153/3018/413 3222/3019/442 3228/3020/442 3152/3021/413 

v 8784.96 318.873 7599.55
f 3222/3022/442 3219/3023/443 3229/3024/443 3228/3025/442 

v 8784.13 318.873 7608.35
f 3219/3026/443 3216/3027/444 3230/3028/444 3229/3029/443 

v 8784.6 318.873 7615.11
f 3216/3030/444 3214/3031/445 3231/3032/445 3230/3033/444 

v 8786.03 318.873 7621.26
f 3214/3034/445 3212/3035/446 3232/3036/446 3231/3037/445 

v 8788.4 318.873 7626.8
f 3212/3038/446 3209/3039/447 3233/3040/447 3232/3041/446 

v 8791.72 318.873 7631.73
f 3209/3042/447 3207/3043/448 3234/3044/448 3233/3045/447 

v 8800.88 318.873 7639.83
f 3207/3046/448 3205/3047/449 3235/3048/449 3234/3049/448 

v 8813.21 306 7645.63
v 8813.21 318.873 7645.63
f 3205/3050/449 3236/3051/450 3237/3052/450 3235/3053/449 

v 8890.55 306 7643.94
f 3205/2981/321 3238/3054/321 3236/3055/321

f 3205/2981/321 3198/2955/321 3238/3054/321

f 3205/2981/321 3197/2954/321 3198/2955/321

v 8890.55 318.873 7643.94
f 3238/3056/451 3198/3057/434 3199/3058/434 3239/3059/451 

f 3199/2961/35 3235/3060/35 3239/3061/35

f 3200/2960/35 3235/3060/35 3199/2961/35

f 3204/3062/35 3235/3060/35 3200/2960/35

v 8823.43 318.873 7632.2
f 3240/3063/35 3235/3060/35 3204/3062/35

f 3240/3063/35 3234/3064/35 3235/3060/35

v 8814.22 318.873 7629.88
f 3241/3065/35 3234/3064/35 3240/3063/35

f 3241/3065/35 3233/3066/35 3234/3064/35

v 8807.64 318.873 7626.64
f 3242/3067/35 3233/3066/35 3241/3065/35

v 8803.03 318.873 7622.72
f 3243/3068/35 3233/3066/35 3242/3067/35

f 3243/3068/35 3232/3069/35 3233/3066/35

v 8799.74 318.873 7618.36
f 3244/3070/35 3232/3069/35 3243/3068/35

f 3244/3070/35 3231/3071/35 3232/3069/35

v 8797.77 318.873 7613.57
f 3245/3072/35 3231/3071/35 3244/3070/35

v 8797.11 318.873 7608.35
f 3246/3073/35 3231/3071/35 3245/3072/35

f 3246/3073/35 3230/3074/35 3231/3071/35

v 8797.77 318.873 7603.13
f 3247/3075/35 3230/3074/35 3246/3073/35

f 3247/3075/35 3229/3076/35 3230/3074/35

v 8799.73 318.873 7598.34
f 3248/3077/35 3229/3076/35 3247/3075/35

v 8803.01 318.873 7593.99
f 3249/3078/35 3229/3076/35 3248/3077/35

f 3249/3078/35 3228/3017/35 3229/3076/35

v 8807.59 318.873 7590.06
f 3250/3079/35 3228/3017/35 3249/3078/35

f 3227/3016/35 3228/3017/35 3250/3079/35

f 3223/3080/452 3224/3081/453 3227/3082/453 3250/3083/452 

f 3224/3084/453 3225/3085/439 3226/3086/439 3227/3087/453 

f 3221/3088/454 3223/3089/452 3250/3090/452 3249/3091/454 

f 3220/3092/455 3221/3093/454 3249/3094/454 3248/3095/455 

f 3218/3096/456 3220/3097/455 3248/3098/455 3247/3099/456 

f 3217/3100/457 3218/3101/456 3247/3102/456 3246/3103/457 

f 3215/3104/458 3217/3105/457 3246/3106/457 3245/3107/458 

f 3213/3108/459 3215/3109/458 3245/3110/458 3244/3111/459 

f 3211/3112/460 3213/3113/459 3244/3114/459 3243/3115/460 

f 3210/3116/461 3211/3117/460 3243/3118/460 3242/3119/461 

f 3208/3120/462 3210/3121/461 3242/3122/461 3241/3123/462 

f 3206/3124/463 3208/3125/462 3241/3126/462 3240/3127/463 

f 3203/3128/438 3206/3129/463 3240/3130/463 3204/3131/438 

f 3239/3061/35 3235/3060/35 3237/3132/35

v 8880.14 318.873 7647.39
f 3239/3061/35 3237/3132/35 3251/3133/35

v 8829.29 318.873 7649.12
f 3251/3133/35 3237/3132/35 3252/3134/35

v 8829.29 306 7649.12
f 3236/3135/450 3253/3136/464 3252/3137/464 3237/3138/450 

v 8880.14 306 7647.39
f 3236/3055/321 3254/3139/321 3253/3140/321

f 3236/3055/321 3238/3054/321 3254/3139/321

f 3254/3141/465 3238/3142/451 3239/3143/451 3251/3144/465 

v 8866.9 306 7649.56
v 8866.9 318.873 7649.56
f 3255/3145/466 3254/3146/465 3251/3147/465 3256/3148/466 

f 3253/3140/321 3254/3139/321 3255/3149/321

v 8849.74 306 7650.28
f 3253/3140/321 3255/3149/321 3257/3150/321

v 8849.74 318.873 7650.28
f 3257/3151/467 3255/3152/466 3256/3153/466 3258/3154/467 

f 3256/3155/35 3252/3134/35 3258/3156/35

f 3251/3133/35 3252/3134/35 3256/3155/35

f 3253/3157/464 3257/3158/467 3258/3159/467 3252/3160/464 

g Mesh41 C107_1 Model

v 8882.82 306 7718.69
vt -29.7711 7.54611
v 8898.07 306 7730.37
vt -30.664 8.71227
v 8898.07 306 7667.39
vt -25.8484 8.71227
v 8913.25 306 7667.39
vt -25.8484 9.87257
v 8913.25 306 7750.63
vt -32.2133 9.87257
v 8900.97 306 7750.63
vt -32.2133 8.9336
v 8885.75 306 7738.41
vt -31.2785 7.76995
v 8866.23 306 7726.29
vt -30.3521 6.27767
v 8844.26 306 7715.6
vt -29.5347 4.59759
v 8821.67 306 7707.65
vt -28.9269 2.87056
v 8804.77 306 7703.77
vt -28.6301 1.5778
v 8786.32 306 7701.6
vt -28.4641 0.167673
v 8786.32 306 7685.37
vt -27.2233 0.167673
v 8803.08 306 7686.99
vt -27.3474 1.44869
v 8822.99 306 7691.33
vt -27.6794 2.97116
v 8844.1 306 7698.27
vt -28.2101 4.58501
v 8864.43 306 7707.69
vt -28.9302 6.14017
f 3259/5655/321 3260/5656/321 3261/5657/321 3262/5658/321 3263/5659/321 3264/5660/321 3265/5661/321 3266/5662/321 3267/5663/321 3268/5664/321 3269/5665/321 3270/5666/321 3271/5667/321 3272/5668/321 3273/5669/321 3274/5670/321 3275/5671/321 

vt -25.5587 0
vn 0.607916 0 -0.794001
vt -24.09 0
vn 0.561522 0 -0.827462
v 8882.82 318.873 7718.69
vt -24.09 0.984252
v 8898.07 318.873 7730.37
vt -25.5587 0.984252
f 3260/5672/738 3259/5673/739 3276/5674/739 3277/5675/738 

vt -21.7574 0
vt -20.1192 0
vn 0.467397 0 -0.884048
v 8864.43 318.873 7707.69
vt -20.1192 0.984252
vt -21.7574 0.984252
f 3259/5676/739 3275/5677/740 3278/5678/740 3276/5679/739 

vt -17.7284 0
vt -16.0146 0
vn 0.366908 0 -0.930257
v 8844.1 318.873 7698.27
vt -16.0146 0.984252
vt -17.7284 0.984252
f 3275/5680/740 3274/5681/741 3279/5682/741 3278/5683/740 

vt -13.1677 0
vt -11.4689 0
vn 0.263064 0 -0.964778
v 8822.99 318.873 7691.33
vt -11.4689 0.984252
vt -13.1677 0.984252
f 3274/5684/741 3273/5685/742 3280/5686/742 3279/5687/741 

vt -8.80018 0
vt -7.24194 0
vn 0.155002 0 -0.987914
v 8803.08 318.873 7686.99
vt -7.24194 0.984252
vt -8.80018 0.984252
f 3273/5688/742 3272/5689/743 3281/5690/743 3280/5691/742 

vt -4.07844 0
vt -2.79142 0
vn 0.0964075 0 -0.995342
v 8786.32 318.873 7685.37
vt -2.79142 0.984252
vt -4.07844 0.984252
f 3272/5692/743 3271/5693/744 3282/5694/744 3281/5695/743 

vt 27.2233 0
vt 28.4641 0
v 8786.32 318.873 7701.6
vt 28.4641 0.984252
vt 27.2233 0.984252
f 3271/5696/402 3270/5697/402 3283/5698/402 3282/5699/402 

vt 3.49426 0
vn -0.11691 0 0.993143
vt 4.91412 0
vn -0.170581 0 0.985344
v 8804.77 318.873 7703.77
vt 4.91412 0.984252
vt 3.49426 0.984252
f 3270/5700/745 3269/5701/746 3284/5702/746 3283/5703/745 

vt 7.94383 0
vt 9.27021 0
vn -0.278309 0 0.960492
v 8821.67 318.873 7707.65
vt 9.27021 0.984252
vt 7.94383 0.984252
f 3269/5704/746 3268/5705/747 3285/5706/747 3284/5707/746 

vt 12.311 0
vt 14.1418 0
vn -0.385369 0 0.922763
v 8844.26 318.873 7715.6
vt 14.1418 0.984252
vt 12.311 0.984252
f 3268/5708/747 3267/5709/748 3286/5710/748 3285/5711/747 

vt 17.0555 0
vt 18.9239 0
vn -0.483096 0 0.875567
v 8866.23 318.873 7726.29
vt 18.9239 0.984252
vt 17.0555 0.984252
f 3267/5712/748 3266/5713/749 3287/5714/749 3286/5715/748 

vt 21.3419 0
vt 23.0984 0
vn -0.577906 0 0.816103
v 8885.75 318.873 7738.41
vt 23.0984 0.984252
vt 21.3419 0.984252
f 3266/5716/749 3265/5717/750 3288/5718/750 3287/5719/749 

vt 25.6463 0
vt 27.1389 0
vn -0.626269 0 0.779607
v 8900.97 318.873 7750.63
vt 27.1389 0.984252
vt 25.6463 0.984252
f 3265/5720/750 3264/5721/751 3289/5722/751 3288/5723/750 

vt 8.9336 0
vt 9.87257 0
v 8913.25 318.873 7750.63
vt 9.87257 0.984252
vt 8.9336 0.984252
f 3264/5724/403 3263/5725/403 3290/5726/403 3289/5727/403 

vt -32.2133 0
vt -25.8484 0
v 8913.25 318.873 7667.39
vt -25.8484 0.984252
vt -32.2133 0.984252
f 3263/5728/391 3262/5729/391 3291/5730/391 3290/5731/391 

vt -9.87257 0
vt -8.71227 0
v 8898.07 318.873 7667.39
vt -8.71227 0.984252
vt -9.87257 0.984252
f 3262/5732/397 3261/5733/397 3292/5734/397 3291/5735/397 

vt 25.8484 0
vt 30.664 0
vt 30.664 0.984252
vt 25.8484 0.984252
f 3261/5736/402 3260/5737/402 3277/5738/402 3292/5739/402 

vt 30.664 8.71227
vt 29.7711 7.54611
vt 28.9302 6.14017
vt 28.2101 4.58501
vt 27.6794 2.97116
vt 27.3474 1.44869
vt 27.2233 0.167673
vt 28.4641 0.167673
vt 28.6301 1.5778
vt 28.9269 2.87056
vt 29.5347 4.59759
vt 30.3521 6.27767
vt 31.2785 7.76995
vt 32.2133 8.9336
vt 32.2133 9.87257
vt 25.8484 9.87257
vt 25.8484 8.71227
f 3277/5740/35 3276/5741/35 3278/5742/35 3279/5743/35 3280/5744/35 3281/5745/35 3282/5746/35 3283/5747/35 3284/5748/35 3285/5749/35 3286/5750/35 3287/5751/35 3288/5752/35 3289/5753/35 3290/5754/35 3291/5755/35 3292/5756/35 

g Mesh42 C101_2_1 Model

v 4771.62 306 7592.42
v 4734.19 306 7592.04
v 4751.04 306 7591.25
f 3293/2777/321 3294/2778/321 3295/2779/321

v 4719.86 306 7594.43
f 3294/2778/321 3293/2777/321 3296/2780/321

v 4787.75 306 7595.94
f 3296/2780/321 3293/2777/321 3297/2781/321

v 4771.62 318.873 7592.42
v 4787.75 318.873 7595.94
f 3297/2782/404 3293/2783/405 3298/2784/405 3299/2785/404 

v 4751.04 318.873 7591.25
f 3293/2786/405 3295/2787/406 3300/2788/406 3298/2789/405 

v 4734.19 318.873 7592.04
f 3295/2790/406 3294/2791/407 3301/2792/407 3300/2793/406 

v 4719.86 318.873 7594.43
f 3294/2794/407 3296/2795/408 3302/2796/408 3301/2797/407 

v 4708.05 306 7598.4
v 4708.05 318.873 7598.4
f 3296/2798/408 3303/2799/409 3304/2800/409 3302/2801/408 

f 3296/2780/321 3297/2781/321 3303/2802/321

v 4800.07 306 7601.77
f 3303/2802/321 3297/2781/321 3305/2803/321

v 4800.07 318.873 7601.77
f 3305/2804/410 3297/2805/404 3299/2806/404 3306/2807/410 

f 3299/2808/35 3304/2809/35 3306/2810/35

f 3299/2808/35 3302/2811/35 3304/2809/35

f 3298/2812/35 3302/2811/35 3299/2808/35

f 3298/2812/35 3301/2813/35 3302/2811/35

f 3301/2813/35 3298/2812/35 3300/2814/35

v 4698.76 318.873 7603.97
f 3306/2810/35 3304/2809/35 3307/2815/35

v 4698.76 306 7603.97
f 3303/2816/409 3308/2817/411 3307/2818/411 3304/2819/409 

f 3303/2802/321 3305/2803/321 3308/2820/321

v 4809.2 306 7609.89
f 3308/2820/321 3305/2803/321 3309/2821/321

v 4809.2 318.873 7609.89
f 3309/2822/412 3305/2823/410 3306/2824/410 3310/2825/412 

f 3306/2810/35 3307/2815/35 3310/2826/35

v 4765.63 318.873 7607.99
f 3310/2826/35 3307/2815/35 3311/2827/35

v 4751.04 318.873 7607.48
f 3311/2827/35 3307/2815/35 3312/2828/35

v 4736.53 318.873 7607.94
f 3307/2815/35 3313/2829/35 3312/2828/35

v 4692.93 318.873 7609.77
f 3313/2829/35 3307/2815/35 3314/2830/35

v 4692.93 306 7609.77
f 3308/2831/411 3315/2832/413 3314/2833/413 3307/2834/411 

v 4736.53 306 7607.94
f 3308/2820/321 3316/2835/321 3315/2836/321

v 4751.04 306 7607.48
f 3316/2835/321 3308/2820/321 3317/2837/321

v 4765.63 306 7607.99
f 3308/2820/321 3318/2838/321 3317/2837/321

f 3308/2820/321 3309/2821/321 3318/2838/321

v 4777.73 306 7609.52
f 3318/2838/321 3309/2821/321 3319/2839/321

v 4787.34 306 7612.06
f 3319/2839/321 3309/2821/321 3320/2840/321

v 4812.5 306 7614.81
f 3320/2840/321 3309/2821/321 3321/2841/321

v 4812.5 318.873 7614.81
f 3321/2842/414 3309/2843/412 3310/2844/412 3322/2845/414 

v 4787.34 318.873 7612.06
f 3310/2826/35 3323/2846/35 3322/2847/35

v 4777.73 318.873 7609.52
f 3310/2826/35 3324/2848/35 3323/2846/35

f 3310/2826/35 3311/2827/35 3324/2848/35

f 3318/2849/415 3319/2850/416 3324/2851/416 3311/2852/415 

f 3319/2853/416 3320/2854/417 3323/2855/417 3324/2856/416 

v 4794.46 306 7615.63
v 4794.46 318.873 7615.63
f 3320/2857/417 3325/2858/418 3326/2859/418 3323/2860/417 

f 3320/2840/321 3321/2841/321 3325/2861/321

v 4814.86 306 7620.34
f 3325/2861/321 3321/2841/321 3327/2862/321

v 4814.86 318.873 7620.34
f 3327/2863/419 3321/2864/414 3322/2865/414 3328/2866/419 

f 3322/2847/35 3326/2867/35 3328/2868/35

f 3322/2847/35 3323/2846/35 3326/2867/35

v 4798.49 318.873 7619.15
f 3328/2868/35 3326/2867/35 3329/2869/35

v 4798.49 306 7619.15
f 3325/2870/418 3330/2871/420 3329/2872/420 3326/2873/418 

f 3325/2861/321 3327/2862/321 3330/2874/321

v 4801.37 306 7623.22
f 3330/2874/321 3327/2862/321 3331/2875/321

v 4816.27 306 7626.46
f 3331/2875/321 3327/2862/321 3332/2876/321

v 4816.27 318.873 7626.46
f 3332/2877/421 3327/2878/419 3328/2879/419 3333/2880/421 

v 4801.37 318.873 7623.22
f 3328/2868/35 3334/2881/35 3333/2882/35

f 3328/2868/35 3329/2869/35 3334/2881/35

f 3330/2883/420 3331/2884/422 3334/2885/422 3329/2886/420 

v 4803.1 306 7627.84
v 4803.1 318.873 7627.84
f 3331/2887/422 3335/2888/423 3336/2889/423 3334/2890/422 

f 3331/2875/321 3332/2876/321 3335/2891/321

v 4816.74 306 7633.18
f 3335/2891/321 3332/2876/321 3337/2892/321

v 4816.74 318.873 7633.18
f 3337/2893/424 3332/2894/421 3333/2895/421 3338/2896/424 

f 3333/2882/35 3336/2897/35 3338/2898/35

f 3333/2882/35 3334/2881/35 3336/2897/35

v 4803.67 318.873 7633
f 3338/2898/35 3336/2897/35 3339/2899/35

v 4803.67 306 7633
f 3335/2900/423 3340/2901/425 3339/2902/425 3336/2903/423 

f 3335/2891/321 3337/2892/321 3340/2904/321

v 4803.02 306 7638.3
f 3340/2904/321 3337/2892/321 3341/2905/321

v 4815.7 306 7642.89
f 3341/2905/321 3337/2892/321 3342/2906/321

v 4815.7 318.873 7642.89
f 3342/2907/426 3337/2908/424 3338/2909/424 3343/2910/426 

v 4803.02 318.873 7638.3
f 3338/2898/35 3344/2911/35 3343/2912/35

f 3338/2898/35 3339/2899/35 3344/2911/35

f 3340/2913/425 3341/2914/427 3344/2915/427 3339/2916/425 

v 4801.06 306 7643.14
v 4801.06 318.873 7643.14
f 3341/2917/427 3345/2918/428 3346/2919/428 3344/2920/427 

f 3341/2905/321 3342/2906/321 3345/2921/321

v 4812.58 306 7651.33
f 3345/2921/321 3342/2906/321 3347/2922/321

v 4812.58 318.873 7651.33
f 3347/2923/429 3342/2924/426 3343/2925/426 3348/2926/429 

f 3343/2912/35 3346/2927/35 3348/2928/35

f 3343/2912/35 3344/2911/35 3346/2927/35

v 4797.8 318.873 7647.53
f 3348/2928/35 3346/2927/35 3349/2929/35

v 4797.8 306 7647.53
f 3345/2930/428 3350/2931/430 3349/2932/430 3346/2933/428 

f 3345/2921/321 3347/2922/321 3350/2934/321

v 4793.24 306 7651.47
f 3350/2934/321 3347/2922/321 3351/2935/321

v 4807.49 306 7658.46
f 3351/2935/321 3347/2922/321 3352/2936/321

v 4807.49 318.873 7658.46
f 3352/2937/431 3347/2938/429 3348/2939/429 3353/2940/431 

v 4793.24 318.873 7651.47
f 3348/2928/35 3354/2941/35 3353/2942/35

f 3348/2928/35 3349/2929/35 3354/2941/35

f 3350/2943/430 3351/2944/432 3354/2945/432 3349/2946/430 

v 4786.68 306 7654.71
v 4786.68 318.873 7654.71
f 3351/2947/432 3355/2948/433 3356/2949/433 3354/2950/432 

f 3351/2935/321 3352/2936/321 3355/2951/321

v 4777.47 306 7657.03
f 3355/2951/321 3352/2936/321 3357/2952/321

v 4765.59 306 7658.41
f 3357/2952/321 3352/2936/321 3358/2953/321

v 4751.04 306 7658.88
f 3358/2953/321 3352/2936/321 3359/2954/321

v 4800.56 306 7664.23
f 3359/2954/321 3352/2936/321 3360/2955/321

v 4800.56 318.873 7664.23
f 3360/2956/434 3352/2957/431 3353/2958/431 3361/2959/434 

v 4751.04 318.873 7658.88
f 3353/2942/35 3362/2960/35 3361/2961/35

v 4765.59 318.873 7658.41
f 3353/2942/35 3363/2962/35 3362/2960/35

v 4777.47 318.873 7657.03
f 3353/2942/35 3364/2963/35 3363/2962/35

f 3353/2942/35 3356/2964/35 3364/2963/35

f 3353/2942/35 3354/2941/35 3356/2964/35

f 3355/2965/433 3357/2966/435 3364/2967/435 3356/2968/433 

f 3357/2969/435 3358/2970/436 3363/2971/436 3364/2972/435 

f 3358/2973/436 3359/2974/437 3362/2975/437 3363/2976/436 

v 4736.57 306 7658.41
v 4736.57 318.873 7658.41
f 3359/2977/437 3365/2978/438 3366/2979/438 3362/2980/437 

v 4702.18 306 7664.66
f 3367/2981/321 3365/2982/321 3359/2954/321

v 4724.73 306 7657.03
f 3367/2981/321 3368/2983/321 3365/2982/321

v 4693.02 306 7656.55
f 3369/2984/321 3368/2983/321 3367/2981/321

v 4715.52 306 7654.71
f 3369/2984/321 3370/2985/321 3368/2983/321

v 4689.7 306 7651.62
f 3371/2986/321 3370/2985/321 3369/2984/321

v 4708.94 306 7651.47
f 3371/2986/321 3372/2987/321 3370/2985/321

v 4704.33 306 7647.54
f 3371/2986/321 3373/2988/321 3372/2987/321

v 4687.33 306 7646.08
f 3374/2989/321 3373/2988/321 3371/2986/321

v 4701.04 306 7643.19
f 3374/2989/321 3375/2990/321 3373/2988/321

v 4685.9 306 7639.93
f 3376/2991/321 3375/2990/321 3374/2989/321

v 4699.07 306 7638.4
f 3376/2991/321 3377/2992/321 3375/2990/321

v 4685.43 306 7633.18
f 3378/2993/321 3377/2992/321 3376/2991/321

v 4698.41 306 7633.18
f 3378/2993/321 3379/2994/321 3377/2992/321

v 4699.07 306 7627.95
f 3378/2993/321 3380/2995/321 3379/2994/321

v 4686.26 306 7624.38
f 3381/2996/321 3380/2995/321 3378/2993/321

v 4701.03 306 7623.17
f 3381/2996/321 3382/2997/321 3380/2995/321

v 4704.31 306 7618.81
f 3381/2996/321 3383/2998/321 3382/2997/321

v 4688.76 306 7616.58
f 3384/2999/321 3383/2998/321 3381/2996/321

v 4708.89 306 7614.89
f 3384/2999/321 3385/3000/321 3383/2998/321

v 4715.46 306 7611.64
f 3384/2999/321 3386/3001/321 3385/3000/321

f 3315/2836/321 3386/3001/321 3384/2999/321

v 4724.67 306 7609.33
f 3315/2836/321 3387/3002/321 3386/3001/321

f 3315/2836/321 3316/2835/321 3387/3002/321

v 4724.67 318.873 7609.33
f 3387/3003/439 3316/3004/440 3313/3005/440 3388/3006/439 

f 3316/3007/440 3317/3008/441 3312/3009/441 3313/3010/440 

f 3317/3011/441 3318/3012/415 3311/3013/415 3312/3014/441 

f 3313/2829/35 3314/2830/35 3388/3015/35

v 4715.46 318.873 7611.64
f 3388/3015/35 3314/2830/35 3389/3016/35

v 4688.76 318.873 7616.58
f 3389/3016/35 3314/2830/35 3390/3017/35

f 3315/3018/413 3384/3019/442 3390/3020/442 3314/3021/413 

v 4686.26 318.873 7624.38
f 3384/3022/442 3381/3023/443 3391/3024/443 3390/3025/442 

v 4685.43 318.873 7633.18
f 3381/3026/443 3378/3027/444 3392/3028/444 3391/3029/443 

v 4685.9 318.873 7639.93
f 3378/3030/444 3376/3031/445 3393/3032/445 3392/3033/444 

v 4687.33 318.873 7646.08
f 3376/3034/445 3374/3035/446 3394/3036/446 3393/3037/445 

v 4689.7 318.873 7651.62
f 3374/3038/446 3371/3039/447 3395/3040/447 3394/3041/446 

v 4693.02 318.873 7656.55
f 3371/3042/447 3369/3043/448 3396/3044/448 3395/3045/447 

v 4702.18 318.873 7664.66
f 3369/3046/448 3367/3047/449 3397/3048/449 3396/3049/448 

v 4714.51 306 7670.46
v 4714.51 318.873 7670.46
f 3367/3050/449 3398/3051/450 3399/3052/450 3397/3053/449 

v 4791.85 306 7668.77
f 3367/2981/321 3400/3054/321 3398/3055/321

f 3367/2981/321 3360/2955/321 3400/3054/321

f 3367/2981/321 3359/2954/321 3360/2955/321

v 4791.85 318.873 7668.77
f 3400/3056/451 3360/3057/434 3361/3058/434 3401/3059/451 

f 3361/2961/35 3397/3060/35 3401/3061/35

f 3362/2960/35 3397/3060/35 3361/2961/35

f 3366/3062/35 3397/3060/35 3362/2960/35

v 4724.73 318.873 7657.03
f 3402/3063/35 3397/3060/35 3366/3062/35

f 3402/3063/35 3396/3064/35 3397/3060/35

v 4715.52 318.873 7654.71
f 3403/3065/35 3396/3064/35 3402/3063/35

f 3403/3065/35 3395/3066/35 3396/3064/35

v 4708.94 318.873 7651.47
f 3404/3067/35 3395/3066/35 3403/3065/35

v 4704.33 318.873 7647.54
f 3405/3068/35 3395/3066/35 3404/3067/35

f 3405/3068/35 3394/3069/35 3395/3066/35

v 4701.04 318.873 7643.19
f 3406/3070/35 3394/3069/35 3405/3068/35

f 3406/3070/35 3393/3071/35 3394/3069/35

v 4699.07 318.873 7638.4
f 3407/3072/35 3393/3071/35 3406/3070/35

v 4698.41 318.873 7633.18
f 3408/3073/35 3393/3071/35 3407/3072/35

vt 21.3347 1.13687e-13
f 3408/3073/35 3392/5757/35 3393/3071/35

v 4699.07 318.873 7627.95
f 3409/3075/35 3392/5757/35 3408/3073/35

f 3409/3075/35 3391/3076/35 3392/5757/35

v 4701.03 318.873 7623.17
f 3410/3077/35 3391/3076/35 3409/3075/35

v 4704.31 318.873 7618.81
f 3411/3078/35 3391/3076/35 3410/3077/35

f 3411/3078/35 3390/3017/35 3391/3076/35

v 4708.89 318.873 7614.89
f 3412/3079/35 3390/3017/35 3411/3078/35

f 3389/3016/35 3390/3017/35 3412/3079/35

f 3385/3080/452 3386/3081/453 3389/3082/453 3412/3083/452 

f 3386/3084/453 3387/3085/439 3388/3086/439 3389/3087/453 

f 3383/3088/454 3385/3089/452 3412/3090/452 3411/3091/454 

f 3382/3092/455 3383/3093/454 3411/3094/454 3410/3095/455 

f 3380/3096/456 3382/3097/455 3410/3098/455 3409/3099/456 

f 3379/3100/457 3380/3101/456 3409/3102/456 3408/3103/457 

f 3377/3104/458 3379/3105/457 3408/3106/457 3407/3107/458 

f 3375/3108/459 3377/3109/458 3407/3110/458 3406/3111/459 

f 3373/3112/460 3375/3113/459 3406/3114/459 3405/3115/460 

f 3372/3116/461 3373/3117/460 3405/3118/460 3404/3119/461 

f 3370/3120/462 3372/3121/461 3404/3122/461 3403/3123/462 

f 3368/3124/463 3370/3125/462 3403/3126/462 3402/3127/463 

f 3365/3128/438 3368/3129/463 3402/3130/463 3366/3131/438 

f 3401/3061/35 3397/3060/35 3399/3132/35

v 4781.44 318.873 7672.21
f 3401/3061/35 3399/3132/35 3413/3133/35

v 4730.59 318.873 7673.94
f 3413/3133/35 3399/3132/35 3414/3134/35

v 4730.59 306 7673.94
f 3398/3135/450 3415/3136/464 3414/3137/464 3399/3138/450 

v 4781.44 306 7672.21
f 3398/3055/321 3416/3139/321 3415/3140/321

f 3398/3055/321 3400/3054/321 3416/3139/321

f 3416/3141/465 3400/3142/451 3401/3143/451 3413/3144/465 

v 4768.2 306 7674.38
v 4768.2 318.873 7674.38
f 3417/3145/466 3416/3146/465 3413/3147/465 3418/3148/466 

f 3415/3140/321 3416/3139/321 3417/3149/321

v 4751.04 306 7675.11
f 3415/3140/321 3417/3149/321 3419/3150/321

v 4751.04 318.873 7675.11
f 3419/3151/467 3417/3152/466 3418/3153/466 3420/3154/467 

f 3418/3155/35 3414/3134/35 3420/3156/35

f 3413/3133/35 3414/3134/35 3418/3155/35

f 3415/3157/464 3419/3158/467 3420/3159/467 3414/3160/464 

g Mesh43 C101_2_1 Model

v 4816.74 306 7740.46
vt -29.5372 10.0402
v 4816.74 306 7750.63
vt -30.3152 10.0402
v 4687.62 306 7750.63
vt -30.3152 0.167673
v 4687.62 306 7734.84
vt -29.108 0.167673
v 4788.24 306 7734.84
vt -29.108 7.8605
v 4782.8 306 7728.25
vt -28.6041 7.44467
v 4777.36 306 7719.89
vt -27.9645 7.02884
v 4769.2 306 7703.26
vt -26.6935 6.4051
v 4784.46 306 7703.26
vt -26.6935 7.5721
v 4791.35 306 7715.68
vt -27.6425 8.09859
v 4799.55 306 7726.42
vt -28.4641 8.72569
v 4808.28 306 7734.89
vt -29.1113 9.39302
f 3421/5758/321 3422/5759/321 3423/5760/321 3424/5761/321 3425/5762/321 3426/5763/321 3427/5764/321 3428/5765/321 3429/5766/321 3430/5767/321 3431/5768/321 3432/5769/321 

vt -30.3152 0
vt -29.5372 0
v 4816.74 318.873 7740.46
vt -29.5372 0.984252
v 4816.74 318.873 7750.63
vt -30.3152 0.984252
f 3422/5770/391 3421/5771/391 3433/5772/391 3434/5773/391 

vt -24.6238 0
vt -23.849 0
v 4808.28 318.873 7734.89
vt -23.849 0.984252
vt -24.6238 0.984252
f 3421/5774/392 3432/5775/393 3435/5776/393 3433/5777/392 

vt -27.0101 0
vt -26.0805 0
v 4799.55 318.873 7726.42
vt -26.0805 0.984252
vt -27.0101 0.984252
f 3432/5778/393 3431/5779/394 3436/5780/394 3435/5781/393 

vt -27.9205 0
vt -26.887 0
v 4791.35 318.873 7715.68
vt -26.887 0.984252
vt -27.9205 0.984252
f 3431/5782/394 3430/5783/395 3437/5784/395 3436/5785/394 

vt -28.1007 0
vt -27.0155 0
v 4784.46 318.873 7703.26
vt -27.0155 0.984252
vt -28.1007 0.984252
f 3430/5786/395 3429/5787/396 3438/5788/396 3437/5789/395 

v 4769.2 318.873 7703.26
f 3429/2737/397 3428/2738/397 3439/2739/397 3438/2740/397 

vt 26.7851 0
vt 28.2009 0
v 4777.36 318.873 7719.89
vt 28.2009 0.984252
vt 26.7851 0.984252
f 3428/5790/398 3427/5791/399 3440/5792/399 3439/5793/398 

vt 27.2768 0
vt 28.0398 0
v 4782.8 318.873 7728.25
vt 28.0398 0.984252
vt 27.2768 0.984252
f 3427/5794/399 3426/5795/400 3441/5796/400 3440/5797/399 

vt 26.8 0
vt 27.4532 0
v 4788.24 318.873 7734.84
vt 27.4532 0.984252
vt 26.8 0.984252
f 3426/5798/400 3425/5799/401 3442/5800/401 3441/5801/400 

v 4687.62 318.873 7734.84
f 3425/2753/397 3424/2754/397 3443/2755/397 3442/2756/397 

vt 29.108 0
vt 30.3152 0
v 4687.62 318.873 7750.63
vt 30.3152 0.984252
vt 29.108 0.984252
f 3424/5802/402 3423/5803/402 3444/5804/402 3443/5805/402 

f 3423/2761/403 3422/2762/403 3434/2763/403 3444/2764/403 

vt 30.3152 10.0402
vt 29.5372 10.0402
vt 29.1113 9.39302
vt 28.4641 8.72569
vt 27.6425 8.09859
vt 26.6935 7.5721
vt 26.6935 6.4051
vt 27.9645 7.02884
vt 28.6041 7.44467
vt 29.108 7.8605
vt 29.108 0.167673
vt 30.3152 0.167673
f 3434/5806/35 3433/5807/35 3435/5808/35 3436/5809/35 3437/5810/35 3438/5811/35 3439/5812/35 3440/5813/35 3441/5814/35 3442/5815/35 3443/5816/35 3444/5817/35 

g Mesh44 C101_2_1 Model

v 4816.74 306 7550.81
v 4816.74 306 7540.63
v 4816.74 318.873 7540.63
v 4816.74 318.873 7550.81
f 3445/2717/391 3446/2718/391 3447/2719/391 3448/2720/391 

v 4687.62 306 7550.81
v 4687.62 306 7535.02
v 4788.24 306 7535.02
v 4782.8 306 7528.43
v 4777.36 306 7520.06
v 4769.2 306 7503.44
v 4784.46 306 7503.44
v 4791.35 306 7515.85
v 4799.55 306 7526.6
v 4808.28 306 7535.06
f 3446/2705/321 3445/2706/321 3449/2707/321 3450/2708/321 3451/2709/321 3452/2710/321 3453/2711/321 3454/2712/321 3455/2713/321 3456/2714/321 3457/2715/321 3458/2716/321 

v 4687.62 318.873 7550.81
f 3449/2761/403 3445/2762/403 3448/2763/403 3459/2764/403 

v 4808.28 318.873 7535.06
v 4799.55 318.873 7526.6
v 4791.35 318.873 7515.85
v 4784.46 318.873 7503.44
v 4769.2 318.873 7503.44
v 4777.36 318.873 7520.06
v 4782.8 318.873 7528.43
v 4788.24 318.873 7535.02
v 4687.62 318.873 7535.02
f 3448/2765/35 3447/2766/35 3460/2767/35 3461/2768/35 3462/2769/35 3463/2770/35 3464/2771/35 3465/2772/35 3466/2773/35 3467/2774/35 3468/2775/35 3459/2776/35 

f 3446/2721/392 3458/2722/393 3460/2723/393 3447/2724/392 

f 3458/2725/393 3457/2726/394 3461/2727/394 3460/2728/393 

f 3457/2729/394 3456/2730/395 3462/2731/395 3461/2732/394 

f 3456/2733/395 3455/2734/396 3463/2735/396 3462/2736/395 

f 3455/2737/397 3454/2738/397 3464/2739/397 3463/2740/397 

f 3454/2741/398 3453/2742/399 3465/2743/399 3464/2744/398 

f 3453/2745/399 3452/2746/400 3466/2747/400 3465/2748/399 

f 3452/2749/400 3451/2750/401 3467/2751/401 3466/2752/400 

f 3451/2753/397 3450/2754/397 3468/2755/397 3467/2756/397 

f 3450/2757/402 3449/2758/402 3459/2759/402 3468/2760/402 

g Mesh45 C101_2_1 Model

v 4725.09 306 7457.6
v 4718.48 306 7454.65
v 4718.48 318.873 7454.65
v 4725.09 318.873 7457.6
f 3469/2370/322 3470/2371/323 3471/2372/323 3472/2373/322 

v 4732.71 306 7459.76
v 4728.41 306 7476.78
v 4718.55 306 7473.57
v 4709.94 306 7469.29
v 4702.57 306 7463.94
v 4696.44 306 7457.52
v 4691.62 306 7450.18
v 4688.18 306 7442.07
v 4686.12 306 7433.19
v 4685.43 306 7423.53
v 4685.96 306 7413.62
v 4687.55 306 7404.68
v 4690.19 306 7396.71
v 4693.89 306 7389.72
v 4698.6 306 7383.59
v 4704.26 306 7378.25
v 4710.86 306 7373.68
v 4718.41 306 7369.89
v 4735.06 306 7364.79
v 4752.88 306 7363.09
v 4762.61 306 7363.57
v 4771.69 306 7365.01
v 4780.13 306 7367.41
v 4787.93 306 7370.77
v 4794.96 306 7375.01
v 4801.09 306 7380.07
v 4806.32 306 7385.93
v 4810.65 306 7392.61
v 4814.04 306 7399.87
v 4816.47 306 7407.49
v 4817.92 306 7415.46
v 4818.41 306 7423.79
v 4817.8 306 7433.06
v 4815.95 306 7441.56
v 4812.88 306 7449.29
v 4808.59 306 7456.25
v 4803.17 306 7462.33
v 4796.77 306 7467.41
v 4789.36 306 7471.5
v 4780.95 306 7474.58
v 4777.01 306 7457.83
v 4789.13 306 7452.35
v 4793.77 306 7448.85
v 4797.45 306 7444.85
v 4802.25 306 7435.24
v 4803.85 306 7423.44
v 4802.07 306 7409.84
v 4799.85 306 7403.95
v 4796.74 306 7398.66
v 4788.42 306 7390.19
v 4777.67 306 7384.67
v 4765.51 306 7381.65
v 4752.97 306 7380.64
v 4737.61 306 7381.83
v 4724.33 306 7385.42
v 4713.64 306 7391.53
v 4709.46 306 7395.57
v 4706.04 306 7400.29
v 4701.5 306 7410.79
v 4699.99 306 7422.13
v 4700.51 306 7429
v 4702.05 306 7435.33
v 4704.63 306 7441.11
v 4708.24 306 7446.34
v 4712.86 306 7450.89
f 3470/2303/321 3469/2304/321 3473/2305/321 3474/2306/321 3475/2307/321 3476/2308/321 3477/2309/321 3478/2310/321 3479/2311/321 3480/2312/321 3481/2313/321 3482/2314/321 3483/2315/321 3484/2316/321 3485/2317/321 3486/2318/321 3487/2319/321 3488/2320/321 3489/2321/321 3490/2322/321 3491/2323/321 3492/2324/321 3493/2325/321 3494/2326/321 3495/2327/321 3496/2328/321 3497/2329/321 3498/2330/321 3499/2331/321 3500/2332/321 3501/2333/321 3502/2334/321 3503/2335/321 3504/2336/321 3505/2337/321 3506/2338/321 3507/2339/321 3508/2340/321 3509/2341/321 3510/2342/321 3511/2343/321 3512/2344/321 3513/2345/321 3514/2346/321 3515/2347/321 3516/2348/321 3517/2349/321 3518/2350/321 3519/2351/321 3520/2352/321 3521/2353/321 3522/2354/321 3523/2355/321 3524/2356/321 3525/2357/321 3526/2358/321 3527/2359/321 3528/2360/321 3529/2361/321 3530/2362/321 3531/2363/321 3532/2364/321 3533/2365/321 3534/2366/321 3535/2367/321 3536/2368/321 3537/2369/321 

v 4732.71 318.873 7459.76
f 3473/2634/390 3469/2635/322 3472/2636/322 3538/2637/390 

v 4712.86 318.873 7450.89
v 4708.24 318.873 7446.34
v 4704.63 318.873 7441.11
v 4702.05 318.873 7435.33
v 4700.51 318.873 7429
v 4699.99 318.873 7422.13
v 4701.5 318.873 7410.79
v 4706.04 318.873 7400.29
v 4709.46 318.873 7395.57
v 4713.64 318.873 7391.53
v 4724.33 318.873 7385.42
v 4737.61 318.873 7381.83
v 4752.97 318.873 7380.64
v 4765.51 318.873 7381.65
v 4777.67 318.873 7384.67
v 4788.42 318.873 7390.19
v 4796.74 318.873 7398.66
v 4799.85 318.873 7403.95
v 4802.07 318.873 7409.84
v 4803.85 318.873 7423.44
v 4802.25 318.873 7435.24
v 4797.45 318.873 7444.85
v 4793.77 318.873 7448.85
v 4789.13 318.873 7452.35
v 4777.01 318.873 7457.83
v 4780.95 318.873 7474.58
v 4789.36 318.873 7471.5
v 4796.77 318.873 7467.41
v 4803.17 318.873 7462.33
v 4808.59 318.873 7456.25
v 4812.88 318.873 7449.29
v 4815.95 318.873 7441.56
v 4817.8 318.873 7433.06
v 4818.41 318.873 7423.79
v 4817.92 318.873 7415.46
v 4816.47 318.873 7407.49
v 4814.04 318.873 7399.87
v 4810.65 318.873 7392.61
v 4806.32 318.873 7385.93
v 4801.09 318.873 7380.07
v 4794.96 318.873 7375.01
v 4787.93 318.873 7370.77
v 4780.13 318.873 7367.41
v 4771.69 318.873 7365.01
v 4762.61 318.873 7363.57
v 4752.88 318.873 7363.09
v 4735.06 318.873 7364.79
v 4718.41 318.873 7369.89
v 4710.86 318.873 7373.68
v 4704.26 318.873 7378.25
v 4698.6 318.873 7383.59
v 4693.89 318.873 7389.72
v 4690.19 318.873 7396.71
v 4687.55 318.873 7404.68
v 4685.96 318.873 7413.62
v 4685.43 318.873 7423.53
vt 5.30516 1.13687e-13
v 4686.12 318.873 7433.19
v 4688.18 318.873 7442.07
v 4691.62 318.873 7450.18
v 4696.44 318.873 7457.52
v 4702.57 318.873 7463.94
v 4709.94 318.873 7469.29
v 4718.55 318.873 7473.57
v 4728.41 318.873 7476.78
f 3472/2638/35 3471/2639/35 3539/2640/35 3540/2641/35 3541/2642/35 3542/2643/35 3543/2644/35 3544/2645/35 3545/2646/35 3546/2647/35 3547/2648/35 3548/2649/35 3549/2650/35 3550/2651/35 3551/2652/35 3552/2653/35 3553/2654/35 3554/2655/35 3555/2656/35 3556/2657/35 3557/2658/35 3558/2659/35 3559/2660/35 3560/2661/35 3561/2662/35 3562/2663/35 3563/2664/35 3564/2665/35 3565/2666/35 3566/2667/35 3567/2668/35 3568/2669/35 3569/2670/35 3570/2671/35 3571/2672/35 3572/2673/35 3573/2674/35 3574/2675/35 3575/2676/35 3576/2677/35 3577/2678/35 3578/2679/35 3579/2680/35 3580/2681/35 3581/2682/35 3582/2683/35 3583/2684/35 3584/2685/35 3585/2686/35 3586/2687/35 3587/2688/35 3588/2689/35 3589/2690/35 3590/2691/35 3591/2692/35 3592/2693/35 3593/2694/35 3594/5818/35 3595/2696/35 3596/2697/35 3597/2698/35 3598/2699/35 3599/2700/35 3600/2701/35 3601/2702/35 3602/2703/35 3538/2704/35 

f 3470/2374/323 3537/2375/324 3539/2376/324 3471/2377/323 

f 3537/2378/324 3536/2379/325 3540/2380/325 3539/2381/324 

f 3536/2382/325 3535/2383/326 3541/2384/326 3540/2385/325 

f 3535/2386/326 3534/2387/327 3542/2388/327 3541/2389/326 

f 3534/2390/327 3533/2391/328 3543/2392/328 3542/2393/327 

f 3533/2394/328 3532/2395/329 3544/2396/329 3543/2397/328 

f 3532/2398/329 3531/2399/330 3545/2400/330 3544/2401/329 

f 3531/2402/330 3530/2403/331 3546/2404/331 3545/2405/330 

f 3530/2406/331 3529/2407/332 3547/2408/332 3546/2409/331 

f 3529/2410/332 3528/2411/333 3548/2412/333 3547/2413/332 

f 3528/2414/333 3527/2415/334 3549/2416/334 3548/2417/333 

f 3527/2418/334 3526/2419/335 3550/2420/335 3549/2421/334 

f 3526/2422/335 3525/2423/336 3551/2424/336 3550/2425/335 

f 3525/2426/336 3524/2427/337 3552/2428/337 3551/2429/336 

f 3524/2430/337 3523/2431/338 3553/2432/338 3552/2433/337 

f 3523/2434/338 3522/2435/339 3554/2436/339 3553/2437/338 

f 3522/2438/339 3521/2439/340 3555/2440/340 3554/2441/339 

f 3521/2442/340 3520/2443/341 3556/2444/341 3555/2445/340 

f 3520/2446/341 3519/2447/342 3557/2448/342 3556/2449/341 

f 3519/2450/342 3518/2451/343 3558/2452/343 3557/2453/342 

f 3518/2454/343 3517/2455/344 3559/2456/344 3558/2457/343 

f 3517/2458/344 3516/2459/345 3560/2460/345 3559/2461/344 

f 3516/2462/345 3515/2463/346 3561/2464/346 3560/2465/345 

f 3515/2466/346 3514/2467/347 3562/2468/347 3561/2469/346 

f 3514/2470/347 3513/2471/348 3563/2472/348 3562/2473/347 

f 3513/2474/349 3512/2475/349 3564/2476/349 3563/2477/349 

f 3512/2478/350 3511/2479/351 3565/2480/351 3564/2481/350 

f 3511/2482/351 3510/2483/352 3566/2484/352 3565/2485/351 

f 3510/2486/352 3509/2487/353 3567/2488/353 3566/2489/352 

f 3509/2490/353 3508/2491/354 3568/2492/354 3567/2493/353 

f 3508/2494/354 3507/2495/355 3569/2496/355 3568/2497/354 

f 3507/2498/355 3506/2499/356 3570/2500/356 3569/2501/355 

f 3506/2502/356 3505/2503/357 3571/2504/357 3570/2505/356 

f 3505/2506/357 3504/2507/358 3572/2508/358 3571/2509/357 

f 3504/2510/358 3503/2511/359 3573/2512/359 3572/2513/358 

f 3503/2514/359 3502/2515/360 3574/2516/360 3573/2517/359 

f 3502/2518/360 3501/2519/361 3575/2520/361 3574/2521/360 

f 3501/2522/361 3500/2523/362 3576/2524/362 3575/2525/361 

f 3500/2526/362 3499/2527/363 3577/2528/363 3576/2529/362 

f 3499/2530/363 3498/2531/364 3578/2532/364 3577/2533/363 

f 3498/2534/364 3497/2535/365 3579/2536/365 3578/2537/364 

f 3497/2538/365 3496/2539/366 3580/2540/366 3579/2541/365 

f 3496/2542/366 3495/2543/367 3581/2544/367 3580/2545/366 

f 3495/2546/367 3494/2547/368 3582/2548/368 3581/2549/367 

f 3494/2550/368 3493/2551/369 3583/2552/369 3582/2553/368 

f 3493/2554/369 3492/2555/370 3584/2556/370 3583/2557/369 

f 3492/2558/370 3491/2559/371 3585/2560/371 3584/2561/370 

f 3491/2562/371 3490/2563/372 3586/2564/372 3585/2565/371 

f 3490/2566/372 3489/2567/373 3587/2568/373 3586/2569/372 

f 3489/2570/373 3488/2571/374 3588/2572/374 3587/2573/373 

f 3488/2574/374 3487/2575/375 3589/2576/375 3588/2577/374 

f 3487/2578/375 3486/2579/376 3590/2580/376 3589/2581/375 

f 3486/2582/376 3485/2583/377 3591/2584/377 3590/2585/376 

f 3485/2586/377 3484/2587/378 3592/2588/378 3591/2589/377 

f 3484/2590/378 3483/2591/379 3593/2592/379 3592/2593/378 

f 3483/2594/379 3482/2595/380 3594/2596/380 3593/2597/379 

f 3482/2598/380 3481/2599/381 3595/2600/381 3594/2601/380 

f 3481/2602/381 3480/2603/382 3596/2604/382 3595/2605/381 

f 3480/2606/382 3479/2607/383 3597/2608/383 3596/2609/382 

f 3479/2610/383 3478/2611/384 3598/2612/384 3597/2613/383 

f 3478/2614/384 3477/2615/385 3599/2616/385 3598/2617/384 

f 3477/2618/385 3476/2619/386 3600/2620/386 3599/2621/385 

f 3476/2622/386 3475/2623/387 3601/2624/387 3600/2625/386 

f 3475/2626/387 3474/2627/388 3602/2628/388 3601/2629/387 

f 3474/2630/389 3473/2631/389 3538/2632/389 3602/2633/389 

